id,user_id,type,data,created_at,updated_at
64a8c2e3-7491-465f-a839-6da2d3b73ff5,822176c1-7d00-49a1-9818-05ba526c9321,booking,"{""content_title"": ""A Long Goodbye Panel"", ""time"": ""12:34""}",2026-03-25 12:34:00+00,2026-03-25 12:34:00+00
d1c8fc99-2d40-40ca-a5c2-d66a39532649,4dda6dc5-6400-418f-9aaf-f4eafe837e87,no_show_warning_1,"{""content_title"": ""Quantum Computing Intro"", ""time"": ""11:36""}",2026-03-13 11:36:00+00,2026-03-13 11:36:00+00
f8211536-db67-4f4a-80eb-c0ad8e74b330,529ec8d1-045c-4a4b-9c06-351a52ae5d9c,booking,"{""content_title"": ""Crafting Crimes AR"", ""time"": ""11:16""}",2026-03-17 11:16:00+00,2026-03-17 11:16:00+00
d764cc9e-13fe-4fdd-bbd0-9f2e899710a7,352198ee-66dd-4318-967f-f8dc532262d9,booking,"{""content_title"": ""Indulto Creative Talk"", ""time"": ""09:19""}",2026-04-05 09:19:00+00,2026-04-05 09:19:00+00
bf697a99-782f-419a-a58f-9555a1464058,a572e1fc-ff11-4875-8646-60f13f97be4e,booking,"{""content_title"": ""Deep Ocean Dive"", ""time"": ""13:10""}",2026-03-28 13:10:00+00,2026-03-28 13:10:00+00
cdfedf96-badd-4ddc-ba47-01fc38e86f19,b21fd889-1e9d-46a4-b226-a8ae8f8d5005,booking,"{""content_title"": ""Dark Rooms VR"", ""time"": ""20:04""}",2026-04-01 20:04:00+00,2026-04-01 20:04:00+00
06ffd892-5d9e-423d-9c0f-d97c9e1b39e8,d4ff2cfb-4f9f-4efe-9925-fd2207ba2ce1,booking,"{""content_title"": ""Quantum Computing Intro"", ""time"": ""14:55""}",2026-03-19 14:55:00+00,2026-03-19 14:55:00+00
53d28b68-c487-4b40-a3c8-ce97134cc093,7b9ec929-9116-49e5-8ba5-aa96481418c2,no_show_warning_1,"{""content_title"": ""AR Anatomy Stand"", ""time"": ""16:21""}",2026-03-28 16:21:00+00,2026-03-28 16:21:00+00
c699f7c2-09d4-4701-bddb-ab2dfb4de4c6,ebdaab75-0297-4113-8d05-30c537c4a1d4,booking,"{""content_title"": ""Quantum Computing Intro"", ""time"": ""11:59""}",2026-03-27 11:59:00+00,2026-03-27 11:59:00+00
220efad2-dce8-406b-a3e2-508fb5f6acfb,c0744c45-e2e6-4c8b-a3e8-e8e432b0d084,booking,"{""content_title"": ""Web3 Showcase"", ""time"": ""16:28""}",2026-03-26 16:28:00+00,2026-03-26 16:28:00+00
737b9123-a5ee-4aaa-b7d4-3b9325861862,ca1ddba8-f515-4dc8-abb2-7c5e915bf942,booking,"{""content_title"": ""Startup Pitches"", ""time"": ""10:53""}",2026-03-18 10:53:00+00,2026-03-18 10:53:00+00
e6310654-0ae6-4a50-bacc-678d05e49981,426e3f68-e3eb-444e-8975-c06c0075e00c,booking,"{""content_title"": ""The Clouds Are Up"", ""time"": ""12:22""}",2026-03-13 12:22:00+00,2026-03-13 12:22:00+00
89b0122c-8875-4b7a-b8f9-8c7d08a89983,b9ff45e4-5776-46d4-be2e-838a71a0f4c8,booking,"{""content_title"": ""Mars Colony VR"", ""time"": ""20:57""}",2026-04-01 20:57:00+00,2026-04-01 20:57:00+00
2fc116ae-66f1-40ee-bd46-6161e4ea1b65,c31b13ed-ac4c-4bb2-8fa5-3907b47310a8,booking,"{""content_title"": ""Robotics Live"", ""time"": ""09:22""}",2026-03-18 09:22:00+00,2026-03-18 09:22:00+00
f20a2586-84a5-497e-b5ba-30de9f859d5b,25d87923-39de-4040-863c-d3c0c6325287,no_show_warning_1,"{""content_title"": ""NextGen Hardware"", ""time"": ""12:29""}",2026-03-18 12:29:00+00,2026-03-18 12:29:00+00
e50a4b8e-aac0-4697-8709-baa3d8a503d0,22de5625-a044-4491-9e56-da8cafa79ec0,booking,"{""content_title"": ""Dark Rooms VR"", ""time"": ""17:44""}",2026-03-21 17:44:00+00,2026-03-21 17:44:00+00
3f817ffc-18b8-4a61-8c5a-4fa70ada8b39,d653df1e-e3e0-43ce-8816-4bb6e269acdb,cancellation,"{""content_title"": ""VC Speed Dating"", ""time"": ""18:41""}",2026-04-09 18:41:00+00,2026-04-09 18:41:00+00
929c5846-7b39-49d7-99a2-cab26c7185e2,f8220a8d-5ee3-4657-bf5e-07c2cdd91742,no_show_warning_1,"{""content_title"": ""Dark Rooms VR"", ""time"": ""14:57""}",2026-03-28 14:57:00+00,2026-03-28 14:57:00+00
0c43eba2-c331-491a-a716-8659e61da895,0dcfc06a-9ce3-436f-86a2-4be92bceff85,booking,"{""content_title"": ""Interactive History"", ""time"": ""14:01""}",2026-03-20 14:01:00+00,2026-03-20 14:01:00+00
7d538e51-2d86-43b4-b8e8-dc11d3910386,766c125a-3374-48a9-941e-3ec3eaeb6819,booking,"{""content_title"": ""Robotics Live"", ""time"": ""10:04""}",2026-04-04 10:04:00+00,2026-04-04 10:04:00+00
7416eba3-cea2-4bd9-9d81-4c3b992f20c4,0674ef1b-dba5-4d38-82a8-f24747c3548e,booking,"{""content_title"": ""Quantum Computing Intro"", ""time"": ""20:06""}",2026-03-18 20:06:00+00,2026-03-18 20:06:00+00
89f8d248-6e3b-4273-a292-e0aab4ed5610,059e84c1-4b8b-40d9-836e-8d05306432f1,booking,"{""content_title"": ""A Long Goodbye Panel"", ""time"": ""14:36""}",2026-03-26 14:36:00+00,2026-03-26 14:36:00+00
b03897a4-84ab-497f-aec8-aa0b4b015260,2c1a3d2d-7aaa-44f8-af4b-0eb88a2ff28b,booking,"{""content_title"": ""Startup Pitches"", ""time"": ""20:52""}",2026-03-25 20:52:00+00,2026-03-25 20:52:00+00
e61c8d58-14be-4796-bc5f-2f97dcb61b9e,b8ecce1e-90cc-43e8-b0f2-2d03a4333611,booking,"{""content_title"": ""Indulto Creative Talk"", ""time"": ""18:53""}",2026-03-27 18:53:00+00,2026-03-27 18:53:00+00
9f85d308-f7df-47e8-931f-1baa907c4315,75af8df0-9c55-4642-96d3-c6534caea481,booking,"{""content_title"": ""Deep Ocean Dive"", ""time"": ""20:53""}",2026-04-05 20:53:00+00,2026-04-05 20:53:00+00
a67ae369-ee63-4e9e-a74d-e4b60fc09098,b3f4cd8d-2550-444e-8b59-a81c905c208a,booking,"{""content_title"": ""Crafting Crimes AR"", ""time"": ""11:05""}",2026-03-24 11:05:00+00,2026-03-24 11:05:00+00
3db3d160-dafb-46e2-9e9c-c012089b7fff,6ff4b208-5b5a-42dc-bae1-b44d1cb3e13d,booking,"{""content_title"": ""AR Anatomy Stand"", ""time"": ""09:59""}",2026-03-17 09:59:00+00,2026-03-17 09:59:00+00
cfaf47e3-092a-4e73-8a5e-8a4682965a9e,2af85e44-9ff9-4fef-83bf-de7530a6c869,booking,"{""content_title"": ""A Long Goodbye Panel"", ""time"": ""08:54""}",2026-03-18 08:54:00+00,2026-03-18 08:54:00+00
ab46a92b-62b2-40a7-9926-86be3b5037cd,426e3f68-e3eb-444e-8975-c06c0075e00c,booking,"{""content_title"": ""Crafting Crimes AR"", ""time"": ""14:07""}",2026-03-20 14:07:00+00,2026-03-20 14:07:00+00
1455061c-3057-4d10-8cb2-d4d795bd8c35,d4ff2cfb-4f9f-4efe-9925-fd2207ba2ce1,booking,"{""content_title"": ""A Long Goodbye Panel"", ""time"": ""18:09""}",2026-03-25 18:09:00+00,2026-03-25 18:09:00+00
f3173f05-0e26-4063-a634-c47ec13f829e,226a5411-b48b-4138-94ef-c3a0f905e468,cancellation,"{""content_title"": ""The Clouds Are Up"", ""time"": ""20:48""}",2026-04-12 20:48:00+00,2026-04-12 20:48:00+00
eaf0d9b5-b33d-4856-8f5c-c50d4a243265,6d8299c9-fdd7-46ca-9753-338e597ddd37,booking,"{""content_title"": ""The Clouds Are Up"", ""time"": ""10:04""}",2026-03-26 10:04:00+00,2026-03-26 10:04:00+00
3b47d25c-cd1d-451a-bca5-8068272e7ed7,ea46f340-5ae0-4629-a669-5ac3c2b3eef6,booking,"{""content_title"": ""Future City Layers"", ""time"": ""11:07""}",2026-04-03 11:07:00+00,2026-04-03 11:07:00+00
a9dab9d9-0e6e-4c6d-83ca-c95934d8deed,e4e04f63-81d6-4a5a-9507-2697fdf21db5,booking,"{""content_title"": ""Virtual Palace"", ""time"": ""19:20""}",2026-04-01 19:20:00+00,2026-04-01 19:20:00+00
06c92556-aca1-4361-9c2d-97989fd1503e,351336a8-c1fc-460f-a9ab-06eb05c88037,booking,"{""content_title"": ""NextGen Hardware"", ""time"": ""09:43""}",2026-03-22 09:43:00+00,2026-03-22 09:43:00+00
1a2705a4-f9b7-485e-8d32-3405eba35086,50e4bea2-4a02-4da1-8dc7-beef66f1e5b5,booking,"{""content_title"": ""The Clouds Are Up"", ""time"": ""18:25""}",2026-03-19 18:25:00+00,2026-03-19 18:25:00+00
4be93661-ff5a-46a7-bc83-e155633624d6,c03905aa-439a-4ea2-88e7-642b4464fa7f,booking,"{""content_title"": ""Mars Colony VR"", ""time"": ""13:04""}",2026-03-15 13:04:00+00,2026-03-15 13:04:00+00
5c9c55e6-a769-42f6-ad9b-9ee1270813f3,3d9fd365-32f8-498a-8ed4-6a47924ae7f2,booking,"{""content_title"": ""Decision Maker Summit"", ""time"": ""11:40""}",2026-04-06 11:40:00+00,2026-04-06 11:40:00+00
93ceb4c0-6b9e-4eb9-8c09-e173534464ab,ef988c76-6b55-41a1-90e5-cacc349e3a08,booking,"{""content_title"": ""The Clouds Are Up"", ""time"": ""15:44""}",2026-04-04 15:44:00+00,2026-04-04 15:44:00+00
31b08fd7-11f6-4b7d-bd50-489423bc2c34,fe4d910c-04e3-4a79-b0b0-b7dd8abb8ba8,booking,"{""content_title"": ""Interactive History"", ""time"": ""18:12""}",2026-04-12 18:12:00+00,2026-04-12 18:12:00+00
93dbe0af-6bc0-4eda-9956-d8d1afc3ee54,6c4e5580-788a-4ab9-8904-5b3fa331e023,booking,"{""content_title"": ""Quantum Computing Intro"", ""time"": ""13:57""}",2026-04-04 13:57:00+00,2026-04-04 13:57:00+00
2d7e148a-1a7e-45bb-a91d-b528ef3037f7,26c6c082-2f97-4ef5-b1c1-2a1a55cb0f3a,booking,"{""content_title"": ""Indulto Creative Talk"", ""time"": ""09:27""}",2026-04-01 09:27:00+00,2026-04-01 09:27:00+00
d4a621bb-191c-4657-b98f-9b12d7c158d4,4edb20b0-49c3-4be5-9629-bc11f7a3562b,booking,"{""content_title"": ""AI in Digital Art"", ""time"": ""16:08""}",2026-03-13 16:08:00+00,2026-03-13 16:08:00+00
ba0590dc-8ac5-4a63-9c48-a3389adfd052,6b88863a-8c03-4938-adc9-75b625c861bc,booking,"{""content_title"": ""VC Speed Dating"", ""time"": ""12:38""}",2026-03-27 12:38:00+00,2026-03-27 12:38:00+00
cd0c0fc5-0906-4904-ae7e-cbaafcd760f6,baf1bf94-1900-4af0-b43e-d0cbc2db3fc8,booking,"{""content_title"": ""Interactive History"", ""time"": ""09:36""}",2026-03-24 09:36:00+00,2026-03-24 09:36:00+00
5d70b946-7d02-46e1-b5b4-85a9748cb852,6d57b99a-5bc5-46ae-aee4-65e77e712f35,booking,"{""content_title"": ""Web3 Showcase"", ""time"": ""10:10""}",2026-03-14 10:10:00+00,2026-03-14 10:10:00+00
f6d30230-4c44-4362-ab25-ddf30693fed2,105686a4-5959-4432-ab90-a7bd758ee3cb,no_show_warning_1,"{""content_title"": ""Future City Layers"", ""time"": ""18:00""}",2026-04-04 18:00:00+00,2026-04-04 18:00:00+00
8a333783-4344-4c3e-be30-9d69526774b2,43d41247-2aee-4c74-ac3b-37be7b3404f6,booking,"{""content_title"": ""Quantum Computing Intro"", ""time"": ""19:07""}",2026-03-29 19:07:00+00,2026-03-29 19:07:00+00
f4e63b7c-6d0f-4957-9e45-45bf7cbd8e0b,4e467dbf-d947-40ff-ba44-3dd199d242b5,booking,"{""content_title"": ""Virtual Palace"", ""time"": ""14:27""}",2026-04-11 14:27:00+00,2026-04-11 14:27:00+00
bbde4a50-eb99-4292-8069-2d5290009e67,04cdf895-1973-4269-9135-92ac847243ab,no_show_warning_1,"{""content_title"": ""Indulto Creative Talk"", ""time"": ""13:11""}",2026-03-24 13:11:00+00,2026-03-24 13:11:00+00
cdc53414-6101-4d61-9132-456f10f2a268,6ff4b208-5b5a-42dc-bae1-b44d1cb3e13d,cancellation,"{""content_title"": ""AR Anatomy Stand"", ""time"": ""20:47""}",2026-04-01 20:47:00+00,2026-04-01 20:47:00+00
3d83394d-2a52-4ba9-98f3-0580076337ac,a41464be-6cd8-4bf9-add8-5b81107a16e0,booking,"{""content_title"": ""Interactive History"", ""time"": ""13:46""}",2026-04-08 13:46:00+00,2026-04-08 13:46:00+00
2bf56393-f19c-4590-bacf-6c5d3d0dc3be,b0310998-ce09-44cf-91bc-5163aaba0e15,booking,"{""content_title"": ""Deep Ocean Dive"", ""time"": ""14:17""}",2026-03-15 14:17:00+00,2026-03-15 14:17:00+00
60c100b5-86c4-4556-9737-862ee1842a57,f55fd040-1935-4d9f-aa6f-c27ca4e2d0d3,cancellation,"{""content_title"": ""Crafting Crimes AR"", ""time"": ""12:37""}",2026-04-05 12:37:00+00,2026-04-05 12:37:00+00
3dfed71d-73fa-43e1-be2b-02cf0a3627f8,c182a12b-a193-4280-b6b8-4ce3a6435f95,booking,"{""content_title"": ""Startup Pitches"", ""time"": ""12:07""}",2026-03-27 12:07:00+00,2026-03-27 12:07:00+00
97c34a5d-6174-4858-9bb2-081b9ef47c1e,abdce89d-86e2-4dc9-9270-f92b70e5abcd,booking,"{""content_title"": ""The Clouds Are Up"", ""time"": ""09:46""}",2026-03-23 09:46:00+00,2026-03-23 09:46:00+00
cca18fc1-583c-4137-86ac-fbbea2411415,a0497fed-2140-4b4c-91e6-25e7ae5cb7e2,booking,"{""content_title"": ""Robotics Live"", ""time"": ""08:26""}",2026-04-10 08:26:00+00,2026-04-10 08:26:00+00
ae0a4a48-34a1-4557-bdef-cbfb8c7298f0,d513073f-f3e7-495b-9ca8-c33a463a599c,booking,"{""content_title"": ""AI in Digital Art"", ""time"": ""11:22""}",2026-04-10 11:22:00+00,2026-04-10 11:22:00+00
e62a9aea-f096-4af7-9e4c-b008e0dd9335,bf19869e-c46b-4466-9d57-992ff6a05328,no_show_warning_1,"{""content_title"": ""Deep Ocean Dive"", ""time"": ""10:25""}",2026-03-20 10:25:00+00,2026-03-20 10:25:00+00
21030325-8f39-4a72-ae22-2c1a6cf1f60a,89b6d6d6-8f2c-4bbc-a136-7fde367ea32c,booking,"{""content_title"": ""AI in Digital Art"", ""time"": ""13:55""}",2026-04-01 13:55:00+00,2026-04-01 13:55:00+00
52eb9fa4-a820-4237-94b8-4258ce6e9044,bac51acf-4234-40d6-996c-35c04c9739bf,booking,"{""content_title"": ""AR Anatomy Stand"", ""time"": ""13:36""}",2026-04-02 13:36:00+00,2026-04-02 13:36:00+00
f5896ee2-98bf-46ca-b35f-95bf66182d7a,1ce558fb-0578-4ad5-b5dc-92c5de88832d,booking,"{""content_title"": ""Robotics Live"", ""time"": ""15:06""}",2026-03-19 15:06:00+00,2026-03-19 15:06:00+00
c4315a65-714c-4aaa-a6a3-5e8b5ef89b29,8a5b291a-c7c1-443a-94ff-322ebe3b8afc,no_show_warning_1,"{""content_title"": ""Mars Colony VR"", ""time"": ""16:03""}",2026-03-19 16:03:00+00,2026-03-19 16:03:00+00
d015b693-f54d-4f2d-b010-0d2cb3b1dc73,22de5625-a044-4491-9e56-da8cafa79ec0,booking,"{""content_title"": ""Dark Rooms VR"", ""time"": ""10:17""}",2026-03-27 10:17:00+00,2026-03-27 10:17:00+00
9f60c26a-647f-4e33-9d8e-73cdf2eab9bc,775b7504-5841-4e93-8231-16f210ef87a2,info,"{""content_title"": ""Web3 Showcase"", ""time"": ""08:59""}",2026-03-15 08:59:00+00,2026-03-15 08:59:00+00
b8ad301f-c45e-495b-8cc5-0392f3523a7a,7b11e310-c609-4268-aa48-1240179e9d1e,booking,"{""content_title"": ""VC Speed Dating"", ""time"": ""19:58""}",2026-04-10 19:58:00+00,2026-04-10 19:58:00+00
96b37167-65ca-4180-b11d-4493946a3d35,6ff4b208-5b5a-42dc-bae1-b44d1cb3e13d,booking,"{""content_title"": ""The Clouds Are Up"", ""time"": ""08:13""}",2026-03-29 08:13:00+00,2026-03-29 08:13:00+00
19461bf2-d957-428c-83b5-a84de884b132,a5a1cfdd-707e-4ddc-abd6-e1e73dd3302d,cancellation,"{""content_title"": ""Dark Rooms VR"", ""time"": ""18:22""}",2026-03-27 18:22:00+00,2026-03-27 18:22:00+00
d0030ad4-835d-466d-9d6e-182547dfd19f,0e10f179-afcc-430c-af8e-7c87e3604f83,booking,"{""content_title"": ""Dark Rooms VR"", ""time"": ""20:11""}",2026-03-31 20:11:00+00,2026-03-31 20:11:00+00
f0e040b2-d00f-4837-8abc-f141d3669075,fa02f983-ed58-4d26-8bcc-9da296bec588,booking,"{""content_title"": ""Tech Founders Meetup"", ""time"": ""16:11""}",2026-03-18 16:11:00+00,2026-03-18 16:11:00+00
9590cdb2-d763-45a7-a299-8784921b707a,345fb33f-58ba-4f95-b1aa-0631bec10a61,booking,"{""content_title"": ""NextGen Hardware"", ""time"": ""08:51""}",2026-03-15 08:51:00+00,2026-03-15 08:51:00+00
8ac7dd25-137a-4792-8602-07d25f5eea96,45915767-4f0e-4c5c-9cf7-872e6de6c42a,no_show_warning_1,"{""content_title"": ""Web3 Showcase"", ""time"": ""14:14""}",2026-03-23 14:14:00+00,2026-03-23 14:14:00+00
fd0075f3-454c-43bd-b448-eef38e1bc4ce,345fb33f-58ba-4f95-b1aa-0631bec10a61,booking,"{""content_title"": ""Future City Layers"", ""time"": ""12:10""}",2026-03-23 12:10:00+00,2026-03-23 12:10:00+00
3d34053d-6a07-4b57-ba34-b0b7e2575738,650fdd4e-bcdc-4ad8-80b1-feca69a0f6e4,booking,"{""content_title"": ""Deep Ocean Dive"", ""time"": ""18:17""}",2026-03-16 18:17:00+00,2026-03-16 18:17:00+00
43ab5dec-2669-43c2-8d04-86b1fa5ef5c3,1536a266-46bf-448e-b22d-841162e7dd1a,booking,"{""content_title"": ""Web3 Showcase"", ""time"": ""11:31""}",2026-03-15 11:31:00+00,2026-03-15 11:31:00+00
8980f00c-d462-41a8-83e5-eb3933cad050,c99b536d-0e2e-4f31-9afd-28d06a0cfdb3,booking,"{""content_title"": ""Future City Layers"", ""time"": ""09:03""}",2026-04-03 09:03:00+00,2026-04-03 09:03:00+00
707ceeb6-36c0-498c-a799-7121eedc14a7,ee63f7e6-0a2a-4939-ad49-20dd1b9590aa,no_show_warning_1,"{""content_title"": ""Blender Modeling"", ""time"": ""17:37""}",2026-03-15 17:37:00+00,2026-03-15 17:37:00+00
f89dd858-8935-4037-9544-99b2c52a9164,01e07a57-8dc3-48c0-ad1d-194dcf7c163f,booking,"{""content_title"": ""Tech Founders Meetup"", ""time"": ""19:32""}",2026-03-24 19:32:00+00,2026-03-24 19:32:00+00
2f87a249-46a8-4022-8a93-0591ad79b33c,29899c65-faa2-4bcc-9251-919460b7cc9b,booking,"{""content_title"": ""Dark Rooms VR"", ""time"": ""09:19""}",2026-04-11 09:19:00+00,2026-04-11 09:19:00+00
103b6f37-62bb-4b79-80d9-36fbeb6078f0,2245e4ce-4868-4493-a9c4-6451303b566d,booking,"{""content_title"": ""AI in Digital Art"", ""time"": ""10:19""}",2026-03-25 10:19:00+00,2026-03-25 10:19:00+00
264cd034-d1c6-4cde-a194-558f504b35cb,8147959c-f687-4d38-af95-10742cfe2884,booking,"{""content_title"": ""Coding 101"", ""time"": ""10:54""}",2026-04-02 10:54:00+00,2026-04-02 10:54:00+00
103c10b9-79c7-4284-90f5-019cd523d772,a174a08e-6562-4e20-a2a3-ea8707604141,booking,"{""content_title"": ""Crafting Crimes AR"", ""time"": ""19:42""}",2026-03-24 19:42:00+00,2026-03-24 19:42:00+00
0c117488-23d9-4b49-8712-f981b4423e30,4e467dbf-d947-40ff-ba44-3dd199d242b5,booking,"{""content_title"": ""Deep Ocean Dive"", ""time"": ""09:09""}",2026-04-05 09:09:00+00,2026-04-05 09:09:00+00
1374cbd8-7c91-4704-a27b-0f18b79880f2,bd159b3c-bbb6-406f-a21a-b2bf9554f861,no_show_warning_1,"{""content_title"": ""Crafting Crimes AR"", ""time"": ""09:03""}",2026-03-21 09:03:00+00,2026-03-21 09:03:00+00
da1e9c3e-51d1-4759-b71a-8880564a2d75,226a5411-b48b-4138-94ef-c3a0f905e468,booking,"{""content_title"": ""Dark Rooms VR"", ""time"": ""20:12""}",2026-03-20 20:12:00+00,2026-03-20 20:12:00+00
9418a086-c24a-4ff8-8c99-5fd0ed3aae44,e9b2efe5-fc39-4c68-b7e9-92024c2064a2,cancellation,"{""content_title"": ""B2B Matchmaking"", ""time"": ""19:31""}",2026-03-30 19:31:00+00,2026-03-30 19:31:00+00
2c5ed908-f54c-47e6-a603-edcc6d3b6bab,c293d3b1-4ec6-4f9c-b240-66951b034cfe,booking,"{""content_title"": ""Crafting Crimes AR"", ""time"": ""08:35""}",2026-03-15 08:35:00+00,2026-03-15 08:35:00+00
00a93f75-723e-4ac0-b1e5-c364e092fd44,abdce89d-86e2-4dc9-9270-f92b70e5abcd,booking,"{""content_title"": ""Mars Colony VR"", ""time"": ""08:57""}",2026-03-29 08:57:00+00,2026-03-29 08:57:00+00
e06d1687-affa-45b0-a5f2-bff4ba6bd6f4,770a6b89-138a-466b-9d84-7d772128fa0e,booking,"{""content_title"": ""Quantum Computing Intro"", ""time"": ""13:28""}",2026-03-15 13:28:00+00,2026-03-15 13:28:00+00
de606d56-ef01-4c95-8a69-117fb2f95271,914ac985-071c-41a1-8b5d-17d3acfcafc7,booking,"{""content_title"": ""Deep Ocean Dive"", ""time"": ""20:36""}",2026-04-02 20:36:00+00,2026-04-02 20:36:00+00
21baa1e0-6bf4-4141-94f6-432a268ca44c,19ccb46f-0e6d-4bd7-8d38-ad794397249c,booking,"{""content_title"": ""Robotics Live"", ""time"": ""09:20""}",2026-03-28 09:20:00+00,2026-03-28 09:20:00+00
feed4b27-8caf-4f6a-ac6d-9c0f84abb0ba,4149ebd6-4b97-44f3-9438-e4a49a8b1c93,no_show_warning_1,"{""content_title"": ""Web3 Showcase"", ""time"": ""11:25""}",2026-04-03 11:25:00+00,2026-04-03 11:25:00+00
474d5f2d-e367-4cd2-a52e-6a08b44a80ab,9ce8c413-b48b-4536-b7e5-43f101d86ff8,booking,"{""content_title"": ""Decision Maker Summit"", ""time"": ""10:38""}",2026-03-24 10:38:00+00,2026-03-24 10:38:00+00
ddaee07c-12af-4318-b888-6bf34c5930ee,49f45dd7-3a4c-4d9f-b0fd-e2bed76ded71,booking,"{""content_title"": ""A Long Goodbye Panel"", ""time"": ""16:53""}",2026-04-03 16:53:00+00,2026-04-03 16:53:00+00
372d994a-eb3d-43ad-b0a6-6dfe228b0bfb,1536a266-46bf-448e-b22d-841162e7dd1a,booking,"{""content_title"": ""Mars Colony VR"", ""time"": ""20:33""}",2026-04-07 20:33:00+00,2026-04-07 20:33:00+00
ec6e0e5b-1a26-46f1-9465-39d12b7efd92,d4ff2cfb-4f9f-4efe-9925-fd2207ba2ce1,no_show_warning_1,"{""content_title"": ""Quantum Computing Intro"", ""time"": ""15:03""}",2026-04-04 15:03:00+00,2026-04-04 15:03:00+00
00c471c5-0f87-46d4-bd30-be57eb8e5730,250061a4-5a79-4bfe-bd1c-8fee132028c9,cancellation,"{""content_title"": ""Interactive History"", ""time"": ""17:30""}",2026-03-25 17:30:00+00,2026-03-25 17:30:00+00
d8370bfd-8752-43c0-8a6a-a830b55ca251,ac3e95a4-4b20-4bd8-8e6f-3e4551c569c0,booking,"{""content_title"": ""Crafting Crimes AR"", ""time"": ""11:40""}",2026-04-07 11:40:00+00,2026-04-07 11:40:00+00
282fdad9-c903-49e5-9611-e4b4c1dd962e,749c1041-1b9a-4849-8736-e625a698b968,booking,"{""content_title"": ""Indulto Creative Talk"", ""time"": ""14:10""}",2026-04-08 14:10:00+00,2026-04-08 14:10:00+00
8068ee4c-fbc3-473b-bda9-e6901b35fd0f,fd0075c6-adc4-42ee-a128-fedbf22a6746,booking,"{""content_title"": ""Indulto Creative Talk"", ""time"": ""08:22""}",2026-04-11 08:22:00+00,2026-04-11 08:22:00+00
23b4df2c-ba92-4573-8b03-019753a9e482,1124ad69-800c-4e31-a45d-7b219d46e676,no_show_warning_1,"{""content_title"": ""Future City Layers"", ""time"": ""15:44""}",2026-04-03 15:44:00+00,2026-04-03 15:44:00+00
913cfbbd-1612-4574-aa46-353f7f13d97d,b4101217-3be3-4d7c-a5e0-2651fb0320a0,booking,"{""content_title"": ""Coding 101"", ""time"": ""13:41""}",2026-04-12 13:41:00+00,2026-04-12 13:41:00+00
f77cbb01-4456-4de3-9088-7aaef3fe7326,6d57b99a-5bc5-46ae-aee4-65e77e712f35,booking,"{""content_title"": ""NextGen Hardware"", ""time"": ""10:21""}",2026-03-25 10:21:00+00,2026-03-25 10:21:00+00
4c323a73-dd57-4e6d-a10d-389923dcbe4d,bd60d8ae-7cbd-407c-8a7e-439a739785c9,booking,"{""content_title"": ""Robotics Live"", ""time"": ""14:44""}",2026-03-29 14:44:00+00,2026-03-29 14:44:00+00
42463681-3132-46d4-8b58-86e8f8f75d77,37ac749e-1b82-474e-aae8-dfc2477b8b1b,booking,"{""content_title"": ""B2B Matchmaking"", ""time"": ""20:39""}",2026-03-21 20:39:00+00,2026-03-21 20:39:00+00
70dd8fd3-eabf-4921-8d48-1d6f1430f18b,de44337e-17bd-4097-8dad-7ccee1bcd4bf,booking,"{""content_title"": ""Mars Colony VR"", ""time"": ""14:18""}",2026-04-04 14:18:00+00,2026-04-04 14:18:00+00
1dacf2c4-e9af-4ec9-96f5-8457f6afe1fc,a174a08e-6562-4e20-a2a3-ea8707604141,cancellation,"{""content_title"": ""Dark Rooms VR"", ""time"": ""10:42""}",2026-04-10 10:42:00+00,2026-04-10 10:42:00+00
743b8d13-9f41-43d2-9c25-6e326df9dc8c,7bc309fe-ea85-46ab-81dc-d1ea020b053e,no_show_warning_1,"{""content_title"": ""Dark Rooms VR"", ""time"": ""11:30""}",2026-03-13 11:30:00+00,2026-03-13 11:30:00+00
88c95819-b254-4d2e-ba16-c2f998c11bcf,490bdf4e-2eb3-41e4-8229-a0d8103ccf88,booking,"{""content_title"": ""AI in Digital Art"", ""time"": ""12:03""}",2026-04-10 12:03:00+00,2026-04-10 12:03:00+00
cae9c291-9473-42a7-9a5f-d979460692ca,78e74865-f928-4ebb-b3f2-066820a7855a,no_show_warning_1,"{""content_title"": ""Virtual Palace"", ""time"": ""17:48""}",2026-03-20 17:48:00+00,2026-03-20 17:48:00+00
ca19a219-6ebe-487f-8ea6-8e5f7897985d,7b11e310-c609-4268-aa48-1240179e9d1e,booking,"{""content_title"": ""VC Speed Dating"", ""time"": ""19:08""}",2026-04-03 19:08:00+00,2026-04-03 19:08:00+00
e73a2232-a5a3-45ce-8006-d430ec41836d,fe409ded-b88a-4cf0-91c7-55e2abaf0d7a,booking,"{""content_title"": ""Web3 Showcase"", ""time"": ""15:46""}",2026-03-29 15:46:00+00,2026-03-29 15:46:00+00
daefc2bd-384d-4b0b-967e-c1dfad9798a8,24c996fe-d746-4299-b32b-380f6daee7ea,cancellation,"{""content_title"": ""A Long Goodbye Panel"", ""time"": ""10:18""}",2026-03-24 10:18:00+00,2026-03-24 10:18:00+00
99b6a19b-587d-4873-83a4-9dc281998aa6,e4e04f63-81d6-4a5a-9507-2697fdf21db5,booking,"{""content_title"": ""Interactive History"", ""time"": ""20:11""}",2026-04-02 20:11:00+00,2026-04-02 20:11:00+00
df54142c-6394-45f2-84be-d665280090fa,e725b2a8-b0d7-4159-9c1a-7395aead7836,cancellation,"{""content_title"": ""Startup Pitches"", ""time"": ""09:45""}",2026-03-20 09:45:00+00,2026-03-20 09:45:00+00
7e24a3da-5191-4af8-98e8-e58fef1057c2,b161e856-35b4-414b-8c26-4b9db77c07c8,booking,"{""content_title"": ""Web3 Showcase"", ""time"": ""13:13""}",2026-03-24 13:13:00+00,2026-03-24 13:13:00+00
75c4f231-4879-4882-898b-a101912010b0,c99b536d-0e2e-4f31-9afd-28d06a0cfdb3,booking,"{""content_title"": ""Interactive History"", ""time"": ""19:07""}",2026-04-06 19:07:00+00,2026-04-06 19:07:00+00
870b4e4e-8426-4364-9fe1-650a19d39376,f81a34e3-e0d7-4d5c-b478-808c087a3859,booking,"{""content_title"": ""Quantum Computing Intro"", ""time"": ""20:56""}",2026-03-31 20:56:00+00,2026-03-31 20:56:00+00
e1dde624-03f9-4faf-8e7b-c17f6a863cf0,1124ad69-800c-4e31-a45d-7b219d46e676,no_show_warning_1,"{""content_title"": ""NextGen Hardware"", ""time"": ""15:57""}",2026-04-08 15:57:00+00,2026-04-08 15:57:00+00
48e7a012-d88b-44be-a630-4f69070cad1a,7874c490-863e-415a-b34f-bf1eb95f5bec,booking,"{""content_title"": ""Decision Maker Summit"", ""time"": ""09:50""}",2026-03-23 09:50:00+00,2026-03-23 09:50:00+00
de5a2574-5ce4-47d1-b077-ff5862be568e,641f75ab-3d99-4832-88f9-a7ce552cc967,booking,"{""content_title"": ""Crafting Crimes AR"", ""time"": ""11:51""}",2026-03-26 11:51:00+00,2026-03-26 11:51:00+00
3cd96b29-3cf9-4541-aa14-ae0462a57a4c,78e74865-f928-4ebb-b3f2-066820a7855a,booking,"{""content_title"": ""Future City Layers"", ""time"": ""19:51""}",2026-03-13 19:51:00+00,2026-03-13 19:51:00+00
c21b7f4b-7e20-44d4-b7d6-601242f75001,b0310998-ce09-44cf-91bc-5163aaba0e15,booking,"{""content_title"": ""Interactive History"", ""time"": ""11:09""}",2026-03-13 11:09:00+00,2026-03-13 11:09:00+00
4c473b7e-7c8d-4b5b-b393-cf2081f01461,64cf304e-5f61-4c38-ba9f-2089bf40ed77,cancellation,"{""content_title"": ""Dark Rooms VR"", ""time"": ""19:15""}",2026-04-06 19:15:00+00,2026-04-06 19:15:00+00
69c0f08c-99e9-4385-bf90-449ee0864ffb,baf1bf94-1900-4af0-b43e-d0cbc2db3fc8,info,"{""content_title"": ""AI in Digital Art"", ""time"": ""17:07""}",2026-04-01 17:07:00+00,2026-04-01 17:07:00+00
6d1de858-96f4-4b83-8009-91301e508876,7f931bdb-76b2-47e4-ade8-481018bccdb2,booking,"{""content_title"": ""Tech Founders Meetup"", ""time"": ""15:59""}",2026-03-23 15:59:00+00,2026-03-23 15:59:00+00
3e93dd31-9e19-4b49-a754-0ca230194935,bd159b3c-bbb6-406f-a21a-b2bf9554f861,booking,"{""content_title"": ""Future City Layers"", ""time"": ""11:25""}",2026-03-27 11:25:00+00,2026-03-27 11:25:00+00
199599bc-198b-493b-975c-6c7a57b97974,161620e5-266a-4216-8307-70a9b36a4020,booking,"{""content_title"": ""Startup Pitches"", ""time"": ""12:12""}",2026-03-26 12:12:00+00,2026-03-26 12:12:00+00
5d7a2daf-af25-4980-8686-f92e26a48385,4a81965d-92c8-4a65-b80a-a40be123471b,booking,"{""content_title"": ""Indulto Creative Talk"", ""time"": ""13:08""}",2026-03-23 13:08:00+00,2026-03-23 13:08:00+00
07980752-63ae-4f81-bffa-838389ada9ec,a174a08e-6562-4e20-a2a3-ea8707604141,booking,"{""content_title"": ""Interactive History"", ""time"": ""19:13""}",2026-03-31 19:13:00+00,2026-03-31 19:13:00+00
24cfacdb-104a-4198-b393-fcf73d43ccac,58b22874-7866-499e-b41f-5eeb343aad1e,booking,"{""content_title"": ""VC Speed Dating"", ""time"": ""09:01""}",2026-03-28 09:01:00+00,2026-03-28 09:01:00+00
52eeb249-a710-4c3c-907c-40739c4d61cc,946a7719-bc03-46da-a9f6-03568d283605,booking,"{""content_title"": ""Robotics Live"", ""time"": ""10:21""}",2026-04-04 10:21:00+00,2026-04-04 10:21:00+00
52797bd7-6a49-4946-877e-e47c4fb47e71,96afb56c-6dfc-43b8-83ed-068e8c0ba925,booking,"{""content_title"": ""Decision Maker Summit"", ""time"": ""18:29""}",2026-04-05 18:29:00+00,2026-04-05 18:29:00+00
fa16ac23-c242-427f-b92d-751d279fefec,30222d47-e573-4bc9-8c83-bdb1fffada0e,booking,"{""content_title"": ""B2B Matchmaking"", ""time"": ""08:21""}",2026-03-25 08:21:00+00,2026-03-25 08:21:00+00
f5525067-81c6-4064-83ee-6443fe385ac8,de44337e-17bd-4097-8dad-7ccee1bcd4bf,booking,"{""content_title"": ""Mars Colony VR"", ""time"": ""10:32""}",2026-03-23 10:32:00+00,2026-03-23 10:32:00+00
d1ac5a24-0bea-4ddb-9859-e25c090d268c,2af85e44-9ff9-4fef-83bf-de7530a6c869,no_show_warning_1,"{""content_title"": ""Deep Ocean Dive"", ""time"": ""20:45""}",2026-04-12 20:45:00+00,2026-04-12 20:45:00+00
ea325ab4-d0ea-49f4-b3bd-c36566858791,f5d33f4a-c746-4609-9562-f11441bed53a,cancellation,"{""content_title"": ""Virtual Palace"", ""time"": ""11:54""}",2026-03-15 11:54:00+00,2026-03-15 11:54:00+00
da9c57f1-abca-4721-95fb-3ae367802b6b,878fadea-23af-4f58-87ed-46a070606bc5,booking,"{""content_title"": ""Crafting Crimes AR"", ""time"": ""10:00""}",2026-04-06 10:00:00+00,2026-04-06 10:00:00+00
f9c35ca1-bfb8-4153-ad60-b0bd46c6f0d9,426e86e3-146c-45e8-8664-3901feaa316c,booking,"{""content_title"": ""VC Speed Dating"", ""time"": ""16:57""}",2026-03-19 16:57:00+00,2026-03-19 16:57:00+00
c6e5d350-1076-44d7-ab19-d635592c5601,cbed2d9b-e3ce-420e-88cd-65d78ca34c39,booking,"{""content_title"": ""Future City Layers"", ""time"": ""12:32""}",2026-03-25 12:32:00+00,2026-03-25 12:32:00+00
e6538e23-3b6f-428c-bb69-5ca2a5561ef5,53863bde-95c9-405d-ad5f-fd8773f1428e,booking,"{""content_title"": ""Virtual Palace"", ""time"": ""09:10""}",2026-03-17 09:10:00+00,2026-03-17 09:10:00+00
5664538d-964e-4ea5-a44d-d59a425cd313,df767688-a2f6-4dac-8c8e-40c9311129d7,booking,"{""content_title"": ""Quantum Computing Intro"", ""time"": ""15:21""}",2026-03-31 15:21:00+00,2026-03-31 15:21:00+00
a1f47dce-4d06-4af4-95b9-c72bb676dc0c,f5612848-1f2a-4cf6-bf02-84e9dee0f36e,booking,"{""content_title"": ""Virtual Palace"", ""time"": ""16:02""}",2026-03-24 16:02:00+00,2026-03-24 16:02:00+00
4007350b-8fbd-4c41-bbbf-2cf92bfa410c,132174fa-c732-4ddb-a60d-58ed420bc6c8,booking,"{""content_title"": ""Dark Rooms VR"", ""time"": ""16:40""}",2026-03-25 16:40:00+00,2026-03-25 16:40:00+00
723d300b-f04f-4835-b396-e44eb3edc4e7,c31b13ed-ac4c-4bb2-8fa5-3907b47310a8,booking,"{""content_title"": ""Tech Founders Meetup"", ""time"": ""19:12""}",2026-03-13 19:12:00+00,2026-03-13 19:12:00+00
8d30965a-a74f-47c8-be73-c2678af0da33,f387723b-397a-42cd-93cb-aec8c07bff8f,cancellation,"{""content_title"": ""Crafting Crimes AR"", ""time"": ""17:05""}",2026-03-17 17:05:00+00,2026-03-17 17:05:00+00
67513995-225b-40e8-b593-49942fdfb77a,df65a139-6c6a-4481-bc8a-2f8dd57b334a,booking,"{""content_title"": ""Virtual Palace"", ""time"": ""14:43""}",2026-03-25 14:43:00+00,2026-03-25 14:43:00+00
025164d0-d029-409f-b31f-ebd93912b241,f81a34e3-e0d7-4d5c-b478-808c087a3859,booking,"{""content_title"": ""Web3 Showcase"", ""time"": ""12:32""}",2026-03-20 12:32:00+00,2026-03-20 12:32:00+00
5743454c-0e27-45e3-9dc7-ff4b7a20e3ab,88db99f7-2159-405b-af50-314259e6f3a5,booking,"{""content_title"": ""AR Anatomy Stand"", ""time"": ""20:42""}",2026-03-29 20:42:00+00,2026-03-29 20:42:00+00
8e3d2a9b-d326-4e2d-9f7e-5e05be95d032,ad1624bc-376c-4740-acbf-9d3cd41e3f20,booking,"{""content_title"": ""Quantum Computing Intro"", ""time"": ""18:44""}",2026-04-05 18:44:00+00,2026-04-05 18:44:00+00
c26b87e5-2c84-4186-bf67-706139e868dc,94ea43d3-2754-4e91-bd34-9576c941098d,booking,"{""content_title"": ""VC Speed Dating"", ""time"": ""19:25""}",2026-03-31 19:25:00+00,2026-03-31 19:25:00+00
fc6da2a4-790c-4096-a073-56f658253de8,48657c19-2347-495c-825e-dbaaf03084a0,no_show_warning_1,"{""content_title"": ""Quantum Computing Intro"", ""time"": ""11:51""}",2026-03-15 11:51:00+00,2026-03-15 11:51:00+00
d0c654e0-5afa-4f81-bac3-a92679d2f91e,df71f24f-fa8e-45d6-ae68-c7ee0bd1f52f,booking,"{""content_title"": ""Interactive History"", ""time"": ""18:13""}",2026-03-26 18:13:00+00,2026-03-26 18:13:00+00
f3fb0256-c653-4a03-8d7c-1f58a7f45521,94ea43d3-2754-4e91-bd34-9576c941098d,cancellation,"{""content_title"": ""B2B Matchmaking"", ""time"": ""13:43""}",2026-04-03 13:43:00+00,2026-04-03 13:43:00+00
bf91ec45-9f40-40af-973b-caf272090c5d,de6a5aaf-d001-430a-a43d-0389c9291aff,booking,"{""content_title"": ""Interactive History"", ""time"": ""18:58""}",2026-04-10 18:58:00+00,2026-04-10 18:58:00+00
cbdcb2d1-7efa-4281-8086-b55e97ee87da,58b22874-7866-499e-b41f-5eeb343aad1e,no_show_warning_1,"{""content_title"": ""Tech Founders Meetup"", ""time"": ""11:29""}",2026-03-26 11:29:00+00,2026-03-26 11:29:00+00
a76845af-7b94-4ac3-878c-a3fc1d66dfb2,7ed4196c-c558-4ece-b593-1b1b8eabd43b,booking,"{""content_title"": ""Coding 101"", ""time"": ""15:10""}",2026-03-16 15:10:00+00,2026-03-16 15:10:00+00
d4516c6e-7855-41a1-bdcf-58c83c27ff97,01e07a57-8dc3-48c0-ad1d-194dcf7c163f,booking,"{""content_title"": ""Robotics Live"", ""time"": ""09:37""}",2026-04-12 09:37:00+00,2026-04-12 09:37:00+00
9a4caa64-b7e4-4c45-8e19-e15f0e6d6f36,a86d0932-5971-464a-a06f-a50b8c8602ee,booking,"{""content_title"": ""Indulto Creative Talk"", ""time"": ""17:57""}",2026-04-01 17:57:00+00,2026-04-01 17:57:00+00
f898d604-1698-4900-b7f6-748207432ec9,7b9ec929-9116-49e5-8ba5-aa96481418c2,booking,"{""content_title"": ""Future City Layers"", ""time"": ""13:25""}",2026-04-08 13:25:00+00,2026-04-08 13:25:00+00
57067f11-5108-4d6b-aa2c-f5f697d6babd,4edb20b0-49c3-4be5-9629-bc11f7a3562b,booking,"{""content_title"": ""Deep Ocean Dive"", ""time"": ""12:47""}",2026-04-03 12:47:00+00,2026-04-03 12:47:00+00
267da386-f05d-424a-8239-6b802eeefa46,2b6c0c87-8c5f-4efd-bced-3f006dbc1637,booking,"{""content_title"": ""Virtual Palace"", ""time"": ""13:49""}",2026-03-16 13:49:00+00,2026-03-16 13:49:00+00
568248ac-7be2-456b-93b9-fe61b70023f9,7f63bbb4-f145-40e2-b43c-879452ed44ea,booking,"{""content_title"": ""Mars Colony VR"", ""time"": ""08:56""}",2026-03-31 08:56:00+00,2026-03-31 08:56:00+00
2fe1f8ee-f75b-400b-9c4a-458b156f4e44,7f2c142b-a151-47da-b4b8-b6015b0d589d,booking,"{""content_title"": ""AR Anatomy Stand"", ""time"": ""17:45""}",2026-03-23 17:45:00+00,2026-03-23 17:45:00+00
4f1bf137-ec2d-43dd-9499-3b383c211b70,88db99f7-2159-405b-af50-314259e6f3a5,cancellation,"{""content_title"": ""Dark Rooms VR"", ""time"": ""14:17""}",2026-03-18 14:17:00+00,2026-03-18 14:17:00+00
258a9cc2-88ee-4d66-aa63-9657593754a3,01e07a57-8dc3-48c0-ad1d-194dcf7c163f,booking,"{""content_title"": ""B2B Matchmaking"", ""time"": ""17:00""}",2026-03-18 17:00:00+00,2026-03-18 17:00:00+00
ff576fc2-2f72-4881-ad69-d1713012cb7a,fd0075c6-adc4-42ee-a128-fedbf22a6746,booking,"{""content_title"": ""Mars Colony VR"", ""time"": ""09:36""}",2026-04-07 09:36:00+00,2026-04-07 09:36:00+00
3a377737-08fa-4e8d-97e1-52f63c9ee8b5,7ee662d4-5381-4c7d-a59c-31a3588526a9,cancellation,"{""content_title"": ""Dark Rooms VR"", ""time"": ""13:57""}",2026-03-20 13:57:00+00,2026-03-20 13:57:00+00
88a5b875-c484-45f4-8535-6056daba40be,9466fcda-cbfb-438a-81f3-aef28f258cfc,no_show_warning_1,"{""content_title"": ""Dark Rooms VR"", ""time"": ""08:13""}",2026-04-05 08:13:00+00,2026-04-05 08:13:00+00
2fc942d9-ac32-4b7f-a206-8f3158b223d7,7b9ec929-9116-49e5-8ba5-aa96481418c2,no_show_warning_1,"{""content_title"": ""AR Anatomy Stand"", ""time"": ""09:24""}",2026-04-01 09:24:00+00,2026-04-01 09:24:00+00
09debc0a-c0f4-457c-9d48-efa868a9338e,9fe869f8-c643-403c-8089-114c82e46f06,booking,"{""content_title"": ""AI in Digital Art"", ""time"": ""20:44""}",2026-04-06 20:44:00+00,2026-04-06 20:44:00+00
1828e391-a401-4768-883e-7ff790cddee3,43d41247-2aee-4c74-ac3b-37be7b3404f6,no_show_warning_1,"{""content_title"": ""Robotics Live"", ""time"": ""13:37""}",2026-04-11 13:37:00+00,2026-04-11 13:37:00+00
7d016f15-58a5-47c8-bcb6-c3c63b915e60,641f75ab-3d99-4832-88f9-a7ce552cc967,cancellation,"{""content_title"": ""Unity Basics"", ""time"": ""12:54""}",2026-04-01 12:54:00+00,2026-04-01 12:54:00+00
274e7cfd-f73c-4e2e-8d2d-8aec52233283,6e3b8e45-03ea-48b9-a788-6d07ec89e181,cancellation,"{""content_title"": ""Unity Basics"", ""time"": ""17:13""}",2026-04-08 17:13:00+00,2026-04-08 17:13:00+00
fa68e5cb-ba2c-4fca-8a17-6e87ace2d75f,d8d9573e-2946-4b7c-a428-10382a7bb2ad,booking,"{""content_title"": ""Virtual Palace"", ""time"": ""18:35""}",2026-03-24 18:35:00+00,2026-03-24 18:35:00+00
115eaed7-05bd-461b-84bd-002245f2cfde,f750fef1-a148-41c8-89d2-6eba75a61cbc,booking,"{""content_title"": ""NextGen Hardware"", ""time"": ""12:15""}",2026-03-20 12:15:00+00,2026-03-20 12:15:00+00
a19d8358-64df-4ffc-a5c1-718c0bb5fdca,6e8b0bc3-fd27-4d01-a13c-14a9a6aa03bb,cancellation,"{""content_title"": ""Interactive History"", ""time"": ""19:03""}",2026-04-05 19:03:00+00,2026-04-05 19:03:00+00
0458a894-2c23-48e5-bfa4-b0728e4d3926,73abbc35-126b-48ef-ac4b-cf66924b1559,cancellation,"{""content_title"": ""Dark Rooms VR"", ""time"": ""20:03""}",2026-03-21 20:03:00+00,2026-03-21 20:03:00+00
ba501cb7-0a84-480e-a943-501a82819e1b,cabe02ce-7b87-4111-926f-c43bd9a3760f,booking,"{""content_title"": ""Dark Rooms VR"", ""time"": ""13:26""}",2026-03-21 13:26:00+00,2026-03-21 13:26:00+00
a73abb66-d763-4a4d-b2e7-f081612fb07c,3d99ce2a-87ce-4d41-a8b2-695cfc52f7f3,booking,"{""content_title"": ""Virtual Palace"", ""time"": ""11:23""}",2026-03-13 11:23:00+00,2026-03-13 11:23:00+00
08e858b6-ce80-47d1-bb15-3ce9d8126faf,4c4b0a50-4906-4976-a8c2-c9d169cfb601,booking,"{""content_title"": ""A Long Goodbye Panel"", ""time"": ""17:14""}",2026-03-14 17:14:00+00,2026-03-14 17:14:00+00
37a61741-8542-47f3-aa48-5ac4823d7dd0,896d923d-87a0-468c-948f-9961a4931b31,booking,"{""content_title"": ""The Clouds Are Up"", ""time"": ""11:01""}",2026-04-11 11:01:00+00,2026-04-11 11:01:00+00
9c91e124-47b2-4ef0-aa59-2e713224606c,b9228f3a-0e72-48c5-95c1-a5377bcddb11,no_show_warning_1,"{""content_title"": ""Quantum Computing Intro"", ""time"": ""09:35""}",2026-03-16 09:35:00+00,2026-03-16 09:35:00+00
5eaba495-8f72-4464-a2ea-179070e6a80e,bf19869e-c46b-4466-9d57-992ff6a05328,booking,"{""content_title"": ""Indulto Creative Talk"", ""time"": ""13:44""}",2026-04-12 13:44:00+00,2026-04-12 13:44:00+00
7d134734-83ef-4bf6-93d3-03288907cb5d,d9178bb7-2a19-404b-af60-650277eaee73,no_show_warning_1,"{""content_title"": ""Interactive History"", ""time"": ""13:41""}",2026-03-21 13:41:00+00,2026-03-21 13:41:00+00
44a2b809-5c4f-4cd5-9cc8-cd948ba17acc,3d9fd365-32f8-498a-8ed4-6a47924ae7f2,booking,"{""content_title"": ""Interactive History"", ""time"": ""14:23""}",2026-03-31 14:23:00+00,2026-03-31 14:23:00+00
b1ad875d-f12a-4f0a-bbd4-b220736459d8,37ac749e-1b82-474e-aae8-dfc2477b8b1b,booking,"{""content_title"": ""Web3 Showcase"", ""time"": ""14:25""}",2026-04-10 14:25:00+00,2026-04-10 14:25:00+00
0a98d8f2-058b-48bc-a007-e6cd5781b06a,915d1982-5f38-4446-9748-00b7be397793,booking,"{""content_title"": ""NextGen Hardware"", ""time"": ""08:50""}",2026-03-15 08:50:00+00,2026-03-15 08:50:00+00
bc2d38bf-2bae-4d94-be3d-35a6ce5c5c2f,b9ff45e4-5776-46d4-be2e-838a71a0f4c8,booking,"{""content_title"": ""Mars Colony VR"", ""time"": ""13:13""}",2026-03-30 13:13:00+00,2026-03-30 13:13:00+00
c23d3205-173e-4be6-a7ef-beee4a9b4821,a5a1cfdd-707e-4ddc-abd6-e1e73dd3302d,booking,"{""content_title"": ""Coding 101"", ""time"": ""08:01""}",2026-04-07 08:01:00+00,2026-04-07 08:01:00+00
67d8a10c-ac33-4b90-9967-aa7a247cb6d2,f387723b-397a-42cd-93cb-aec8c07bff8f,booking,"{""content_title"": ""Dark Rooms VR"", ""time"": ""12:45""}",2026-03-15 12:45:00+00,2026-03-15 12:45:00+00
fb1c86f8-5472-44dc-935a-cb3154588998,7637f86e-0822-4e8d-be2f-6b3e00ec9fbb,booking,"{""content_title"": ""The Clouds Are Up"", ""time"": ""13:04""}",2026-03-23 13:04:00+00,2026-03-23 13:04:00+00
e44c18df-3bdc-4698-b01c-4b0cff90f29b,499e5f16-e6ba-4646-91f0-d241497812bc,booking,"{""content_title"": ""Startup Pitches"", ""time"": ""11:35""}",2026-03-26 11:35:00+00,2026-03-26 11:35:00+00
18aa4132-6db6-4a0e-85bb-f5c6e8136606,d36f0747-4271-460f-8982-19a4819951b9,booking,"{""content_title"": ""Deep Ocean Dive"", ""time"": ""17:11""}",2026-03-22 17:11:00+00,2026-03-22 17:11:00+00
991b59b0-135f-4412-983f-fb4497b8df2a,d9172c5c-ab84-45b8-94fa-86be9a4f5105,booking,"{""content_title"": ""Future City Layers"", ""time"": ""20:21""}",2026-03-19 20:21:00+00,2026-03-19 20:21:00+00
219da7c2-2b21-4a2d-bf8c-817f15d09635,3cd48b44-61a8-438c-8dad-fd7118c118ba,booking,"{""content_title"": ""Dark Rooms VR"", ""time"": ""09:13""}",2026-03-29 09:13:00+00,2026-03-29 09:13:00+00
963b99c0-f166-4f82-b7ef-b0db6411596c,78e74865-f928-4ebb-b3f2-066820a7855a,booking,"{""content_title"": ""The Clouds Are Up"", ""time"": ""17:02""}",2026-04-07 17:02:00+00,2026-04-07 17:02:00+00
56cacdad-85b4-4844-8141-4f967367b911,8a5b291a-c7c1-443a-94ff-322ebe3b8afc,no_show_warning_1,"{""content_title"": ""Virtual Palace"", ""time"": ""13:11""}",2026-03-28 13:11:00+00,2026-03-28 13:11:00+00
24869e9a-4a8b-4adc-8eb5-f7a317647c46,ebdaab75-0297-4113-8d05-30c537c4a1d4,booking,"{""content_title"": ""Dark Rooms VR"", ""time"": ""11:51""}",2026-03-18 11:51:00+00,2026-03-18 11:51:00+00
306cfdbc-eda5-44db-b60d-3488123fc020,6e08ac01-6708-4e8d-be27-75541640b73e,booking,"{""content_title"": ""Virtual Palace"", ""time"": ""17:42""}",2026-04-11 17:42:00+00,2026-04-11 17:42:00+00
c40626a5-6abb-4378-b21c-ad9ec27557df,49a516c4-89e4-46eb-8bfb-6053e3e30b88,booking,"{""content_title"": ""Deep Ocean Dive"", ""time"": ""19:43""}",2026-04-09 19:43:00+00,2026-04-09 19:43:00+00
d7cbbe89-4c05-4f89-a252-d083612d66fe,dca4776f-6566-46dd-bbf9-81a15e7a9a0d,booking,"{""content_title"": ""Crafting Crimes AR"", ""time"": ""11:00""}",2026-03-16 11:00:00+00,2026-03-16 11:00:00+00
d976db30-ef14-49fe-a9b9-f4aeed2abc9e,add9a632-67e1-46ec-86b4-6c83b944ef6d,booking,"{""content_title"": ""Interactive History"", ""time"": ""16:51""}",2026-03-23 16:51:00+00,2026-03-23 16:51:00+00
6e6f1e23-a259-463b-aae8-18d7560cc3bb,c06eaee3-78ee-4a32-9892-1a9f2fbb60bb,booking,"{""content_title"": ""Deep Ocean Dive"", ""time"": ""12:30""}",2026-04-01 12:30:00+00,2026-04-01 12:30:00+00
46ad4375-2bc1-473c-87a2-0b119907fe06,33ffa9b2-1672-4142-aa4b-4467f4a84b2f,booking,"{""content_title"": ""VC Speed Dating"", ""time"": ""18:50""}",2026-03-25 18:50:00+00,2026-03-25 18:50:00+00
37f19664-3af5-4491-accf-fc27f0c0032f,3059dd5f-0285-450b-82f4-1fa418289b58,booking,"{""content_title"": ""VC Speed Dating"", ""time"": ""13:07""}",2026-04-07 13:07:00+00,2026-04-07 13:07:00+00
cba4da45-49e7-41b6-82e7-dbd2cb537047,fb93b7d1-fec1-4e07-b8da-f88881d857ef,booking,"{""content_title"": ""Startup Pitches"", ""time"": ""17:07""}",2026-03-25 17:07:00+00,2026-03-25 17:07:00+00
3ba341f4-e747-421b-bdc9-afe7955ea3a1,6d8299c9-fdd7-46ca-9753-338e597ddd37,booking,"{""content_title"": ""Mars Colony VR"", ""time"": ""19:08""}",2026-03-28 19:08:00+00,2026-03-28 19:08:00+00
cb55932b-469f-4360-ba40-875d031af434,cc0dd2b7-4f5e-4902-acea-8ae1900de0ea,info,"{""content_title"": ""Startup Pitches"", ""time"": ""11:07""}",2026-03-17 11:07:00+00,2026-03-17 11:07:00+00
5f120a05-4387-4007-a0d4-8423f51f9b2c,58b22874-7866-499e-b41f-5eeb343aad1e,booking,"{""content_title"": ""NextGen Hardware"", ""time"": ""15:35""}",2026-03-13 15:35:00+00,2026-03-13 15:35:00+00
741ee1c9-5e73-4c67-ad18-580b75bc1cfc,b0310998-ce09-44cf-91bc-5163aaba0e15,booking,"{""content_title"": ""Tech Founders Meetup"", ""time"": ""20:42""}",2026-04-03 20:42:00+00,2026-04-03 20:42:00+00
d5a0078b-3035-43f0-a027-6c391c1bf23b,f142e2cb-5163-424e-bd27-a1fda1bdc285,cancellation,"{""content_title"": ""Virtual Palace"", ""time"": ""11:02""}",2026-03-30 11:02:00+00,2026-03-30 11:02:00+00
26458156-1697-482f-a529-c4601c84a4c5,32fdbcff-b86c-4126-bc02-74beb11098ee,booking,"{""content_title"": ""Mars Colony VR"", ""time"": ""18:02""}",2026-03-25 18:02:00+00,2026-03-25 18:02:00+00
f7ca3a4a-be00-4a71-9fe9-3ba02278d5e6,b57c04e7-d9a6-460d-b1c4-34e334e16e16,booking,"{""content_title"": ""Dark Rooms VR"", ""time"": ""09:06""}",2026-03-29 09:06:00+00,2026-03-29 09:06:00+00
53a938b5-b40e-4eed-9115-c09a32d7ae5e,1775dd60-1f41-4a32-a135-409fc1e5a526,booking,"{""content_title"": ""Virtual Palace"", ""time"": ""16:05""}",2026-04-10 16:05:00+00,2026-04-10 16:05:00+00
6d43d818-5a11-45a7-b735-e6dc50d9c1a8,ddbee405-3f8c-4ae6-b3cb-d569dbf39227,booking,"{""content_title"": ""Indulto Creative Talk"", ""time"": ""12:24""}",2026-03-17 12:24:00+00,2026-03-17 12:24:00+00
a8cc480a-7177-46ce-9937-51457098d544,1775dd60-1f41-4a32-a135-409fc1e5a526,no_show_warning_1,"{""content_title"": ""Virtual Palace"", ""time"": ""11:40""}",2026-04-04 11:40:00+00,2026-04-04 11:40:00+00
cfe2bef8-3472-4963-ae89-17fb35b29ae0,650fdd4e-bcdc-4ad8-80b1-feca69a0f6e4,info,"{""content_title"": ""Mars Colony VR"", ""time"": ""13:46""}",2026-03-13 13:46:00+00,2026-03-13 13:46:00+00
688ac8b5-490a-49e6-a7f2-f9cade31b32f,4a81965d-92c8-4a65-b80a-a40be123471b,booking,"{""content_title"": ""Deep Ocean Dive"", ""time"": ""08:30""}",2026-04-07 08:30:00+00,2026-04-07 08:30:00+00
9a9630c8-1d0c-4af2-be76-faec698e693f,bac51acf-4234-40d6-996c-35c04c9739bf,booking,"{""content_title"": ""Virtual Palace"", ""time"": ""16:11""}",2026-03-31 16:11:00+00,2026-03-31 16:11:00+00
3deb14bd-bfa2-470c-950f-6b473940a3da,1113c9a5-22d4-4207-9490-6f0f138b3c8f,booking,"{""content_title"": ""Future City Layers"", ""time"": ""11:22""}",2026-03-27 11:22:00+00,2026-03-27 11:22:00+00
0efb8ad0-4ef9-4db5-aa09-c1548a3e39d5,cb75249f-ece6-48f8-b0e7-0f9460fe11ed,booking,"{""content_title"": ""A Long Goodbye Panel"", ""time"": ""12:40""}",2026-04-12 12:40:00+00,2026-04-12 12:40:00+00
887e574b-d9f8-4984-b1f8-4f1e1ed5e8fc,4ac161b2-aa19-4f14-9149-4ff21ea6df83,booking,"{""content_title"": ""Mars Colony VR"", ""time"": ""16:57""}",2026-03-18 16:57:00+00,2026-03-18 16:57:00+00
7f9c6dd1-9d17-4212-a01b-21bf0553e7af,ae2ef6ac-a1ab-4965-8060-c5e1532d364c,booking,"{""content_title"": ""Dark Rooms VR"", ""time"": ""11:59""}",2026-03-22 11:59:00+00,2026-03-22 11:59:00+00
3dccc0f5-8911-40c9-a93f-e89b9642be36,6ba4acc2-a4ea-4d36-a675-3943e533e869,booking,"{""content_title"": ""Indulto Creative Talk"", ""time"": ""13:35""}",2026-04-09 13:35:00+00,2026-04-09 13:35:00+00
25fd9629-c590-4863-84c6-2f5be37dc564,b161e856-35b4-414b-8c26-4b9db77c07c8,booking,"{""content_title"": ""Crafting Crimes AR"", ""time"": ""13:45""}",2026-03-27 13:45:00+00,2026-03-27 13:45:00+00
05fe99cf-8a99-46e3-ad66-438f7f044188,925527af-34f9-4f6a-92e8-39fe4efbb0cb,cancellation,"{""content_title"": ""Decision Maker Summit"", ""time"": ""15:21""}",2026-03-20 15:21:00+00,2026-03-20 15:21:00+00
c077b4aa-35d0-47c0-a520-774b81869299,226a5411-b48b-4138-94ef-c3a0f905e468,booking,"{""content_title"": ""Dark Rooms VR"", ""time"": ""19:46""}",2026-03-16 19:46:00+00,2026-03-16 19:46:00+00
407d430d-16a9-4e12-9606-610d512c6d0f,3d99ce2a-87ce-4d41-a8b2-695cfc52f7f3,booking,"{""content_title"": ""AI in Digital Art"", ""time"": ""15:16""}",2026-03-27 15:16:00+00,2026-03-27 15:16:00+00
a9e6fc24-1d00-4e33-b76b-ddb1293607b8,bac51acf-4234-40d6-996c-35c04c9739bf,booking,"{""content_title"": ""Coding 101"", ""time"": ""09:10""}",2026-03-20 09:10:00+00,2026-03-20 09:10:00+00
3f1f5d47-d6d3-43a4-9bc9-ae23d4b84c27,b61d079d-ec62-4167-8eba-09a5727aaf7f,booking,"{""content_title"": ""The Clouds Are Up"", ""time"": ""13:21""}",2026-04-10 13:21:00+00,2026-04-10 13:21:00+00
98f77784-497f-4219-b0d9-b68b5a3463d6,302424aa-d384-44e5-a350-022693b8c6b6,booking,"{""content_title"": ""The Clouds Are Up"", ""time"": ""19:56""}",2026-04-08 19:56:00+00,2026-04-08 19:56:00+00
677f1303-1ca4-49bf-b27e-7e9c38a654d1,433df672-d264-4e12-9169-a8ecaf040f10,booking,"{""content_title"": ""Virtual Palace"", ""time"": ""19:48""}",2026-03-25 19:48:00+00,2026-03-25 19:48:00+00
9c42d248-cfe7-43bd-921a-cc1ba1199448,8147959c-f687-4d38-af95-10742cfe2884,booking,"{""content_title"": ""Crafting Crimes AR"", ""time"": ""20:33""}",2026-03-23 20:33:00+00,2026-03-23 20:33:00+00
54d8f876-1140-42d4-8d76-7fef93ed9eee,e26143c6-3adf-4201-a8da-49ad490ad77e,cancellation,"{""content_title"": ""NextGen Hardware"", ""time"": ""13:30""}",2026-03-30 13:30:00+00,2026-03-30 13:30:00+00
a71257ff-7d09-48ef-9b04-5b799d5f1271,1355a7c7-c155-4c01-bde4-6f568fd8dbb4,booking,"{""content_title"": ""B2B Matchmaking"", ""time"": ""17:00""}",2026-03-31 17:00:00+00,2026-03-31 17:00:00+00
d0ba9cd7-5e6e-4157-9a02-ea5262f1249f,b61d079d-ec62-4167-8eba-09a5727aaf7f,booking,"{""content_title"": ""Indulto Creative Talk"", ""time"": ""08:20""}",2026-03-15 08:20:00+00,2026-03-15 08:20:00+00
34a919c9-6af7-4ae4-bcdb-68930a128c4f,bd60d8ae-7cbd-407c-8a7e-439a739785c9,booking,"{""content_title"": ""VC Speed Dating"", ""time"": ""18:16""}",2026-04-02 18:16:00+00,2026-04-02 18:16:00+00
de5dabff-68d2-402f-8d94-7073aeab9a42,8bb74338-1e5f-4856-a403-920f00262ffd,booking,"{""content_title"": ""Indulto Creative Talk"", ""time"": ""09:03""}",2026-03-31 09:03:00+00,2026-03-31 09:03:00+00
51631fdc-9fa5-4cb9-b66e-9169d123432d,ceeec536-bfe0-425e-8f03-b0ea3bb04a9c,booking,"{""content_title"": ""The Clouds Are Up"", ""time"": ""20:27""}",2026-03-24 20:27:00+00,2026-03-24 20:27:00+00
ed78b51a-0738-4ca1-8bdf-ccbd1d4911fc,7bdf5069-1fbc-4234-b1a2-a6c3520c4a3c,booking,"{""content_title"": ""Future City Layers"", ""time"": ""11:04""}",2026-03-22 11:04:00+00,2026-03-22 11:04:00+00
38969c64-e45a-4e8f-9a94-755f004bdc1d,351336a8-c1fc-460f-a9ab-06eb05c88037,booking,"{""content_title"": ""Web3 Showcase"", ""time"": ""18:37""}",2026-03-15 18:37:00+00,2026-03-15 18:37:00+00
e8c2abb3-5c27-4ede-84cd-3e3ee36a1958,d9172c5c-ab84-45b8-94fa-86be9a4f5105,no_show_warning_1,"{""content_title"": ""AR Anatomy Stand"", ""time"": ""09:02""}",2026-04-05 09:02:00+00,2026-04-05 09:02:00+00
733799ed-b1e6-40aa-a886-854a735f6c41,7bc309fe-ea85-46ab-81dc-d1ea020b053e,no_show_warning_1,"{""content_title"": ""Startup Pitches"", ""time"": ""14:21""}",2026-03-22 14:21:00+00,2026-03-22 14:21:00+00
081a2a50-d61d-40bd-94b2-35939291faaf,428acf49-d539-45ec-ac88-bd9de2dca5ff,booking,"{""content_title"": ""Blender Modeling"", ""time"": ""16:25""}",2026-03-31 16:25:00+00,2026-03-31 16:25:00+00
3f2ae6ee-dfe6-499d-9d23-cd67753d2bf1,b69ad41e-6b0a-43be-a41a-e82e5b56d16d,booking,"{""content_title"": ""NextGen Hardware"", ""time"": ""15:45""}",2026-03-15 15:45:00+00,2026-03-15 15:45:00+00
5117b152-0b42-4fab-b8f3-da0115feef4b,a174a08e-6562-4e20-a2a3-ea8707604141,no_show_warning_1,"{""content_title"": ""Mars Colony VR"", ""time"": ""20:52""}",2026-03-31 20:52:00+00,2026-03-31 20:52:00+00
b4db6767-2325-4fe2-bbc6-f35282947649,3f4f15d7-9d62-47f8-8ad0-d613c7310009,booking,"{""content_title"": ""Blender Modeling"", ""time"": ""15:34""}",2026-03-13 15:34:00+00,2026-03-13 15:34:00+00
a6acdc1a-2b9f-4c23-8610-79dec313ae25,9fe869f8-c643-403c-8089-114c82e46f06,no_show_warning_1,"{""content_title"": ""The Clouds Are Up"", ""time"": ""08:37""}",2026-04-12 08:37:00+00,2026-04-12 08:37:00+00
cc642a10-3b5d-4f09-bb3f-9e544cce7a25,6e8b0bc3-fd27-4d01-a13c-14a9a6aa03bb,booking,"{""content_title"": ""Crafting Crimes AR"", ""time"": ""20:09""}",2026-03-18 20:09:00+00,2026-03-18 20:09:00+00
2b46ad24-3661-4489-8ac7-86b094afc9df,4e490d35-0731-44ae-9084-cddac927c22d,booking,"{""content_title"": ""Deep Ocean Dive"", ""time"": ""20:23""}",2026-03-16 20:23:00+00,2026-03-16 20:23:00+00
83af52c7-484d-4c25-8595-2255380de21c,b8ecce1e-90cc-43e8-b0f2-2d03a4333611,booking,"{""content_title"": ""Deep Ocean Dive"", ""time"": ""15:47""}",2026-03-30 15:47:00+00,2026-03-30 15:47:00+00
d290ac76-03d1-4df8-bd9d-6f6cbda5be38,dcba661b-22b8-41a6-9d1c-ad491f079247,booking,"{""content_title"": ""Tech Founders Meetup"", ""time"": ""17:05""}",2026-03-28 17:05:00+00,2026-03-28 17:05:00+00
554951b6-b99a-4a80-b3db-16caa49fc809,a41464be-6cd8-4bf9-add8-5b81107a16e0,booking,"{""content_title"": ""Interactive History"", ""time"": ""09:05""}",2026-04-12 09:05:00+00,2026-04-12 09:05:00+00
4c7c4274-bb1f-4cfa-a64c-639f980e643a,c750922a-1f48-4b60-a864-7bae5aa25187,cancellation,"{""content_title"": ""Dark Rooms VR"", ""time"": ""11:26""}",2026-03-21 11:26:00+00,2026-03-21 11:26:00+00
458c3dd6-fb2d-4f0a-a55b-286c42ae9269,50e4bea2-4a02-4da1-8dc7-beef66f1e5b5,booking,"{""content_title"": ""A Long Goodbye Panel"", ""time"": ""10:03""}",2026-03-19 10:03:00+00,2026-03-19 10:03:00+00
91e19ccb-1057-4fdb-b380-4ef08e6b55d9,baf1bf94-1900-4af0-b43e-d0cbc2db3fc8,booking,"{""content_title"": ""Future City Layers"", ""time"": ""09:45""}",2026-04-02 09:45:00+00,2026-04-02 09:45:00+00
ba339b75-e9a0-4b2f-b8b7-ba386bd2d977,e0e55d1f-0fbb-4f70-9731-aa61631a7619,no_show_warning_1,"{""content_title"": ""Deep Ocean Dive"", ""time"": ""12:07""}",2026-03-20 12:07:00+00,2026-03-20 12:07:00+00
8ccf3600-1fda-4f8f-a555-c66e9e15f8a2,708d81a0-531e-4587-86f9-281b16595e24,booking,"{""content_title"": ""Unity Basics"", ""time"": ""20:10""}",2026-03-30 20:10:00+00,2026-03-30 20:10:00+00
2c6e4acb-165e-478e-a8f8-a72e7f8075e3,eb45e3e4-505d-4db4-b9c7-adef36a9ec2f,booking,"{""content_title"": ""The Clouds Are Up"", ""time"": ""09:07""}",2026-03-25 09:07:00+00,2026-03-25 09:07:00+00
4862a171-c9e9-45ad-a0de-736a1a163cd1,ef48f56f-c3a1-42f0-97d3-38752efc487d,cancellation,"{""content_title"": ""AR Anatomy Stand"", ""time"": ""15:00""}",2026-03-21 15:00:00+00,2026-03-21 15:00:00+00
fde7d08e-c164-44d5-bff0-8d53d882a893,352198ee-66dd-4318-967f-f8dc532262d9,booking,"{""content_title"": ""Interactive History"", ""time"": ""18:41""}",2026-04-03 18:41:00+00,2026-04-03 18:41:00+00
9be3b79d-9bc5-44f9-906e-d951d95556cd,fe409ded-b88a-4cf0-91c7-55e2abaf0d7a,booking,"{""content_title"": ""Future City Layers"", ""time"": ""20:53""}",2026-03-13 20:53:00+00,2026-03-13 20:53:00+00
ac51882a-6982-424b-8a97-312a222a36ec,345fb33f-58ba-4f95-b1aa-0631bec10a61,cancellation,"{""content_title"": ""Interactive History"", ""time"": ""12:49""}",2026-03-31 12:49:00+00,2026-03-31 12:49:00+00
4a7a69fb-dac5-42ac-811e-dd6cada141b0,7e190d7b-fd28-4cb5-a094-bc1a87054d47,booking,"{""content_title"": ""A Long Goodbye Panel"", ""time"": ""13:15""}",2026-03-31 13:15:00+00,2026-03-31 13:15:00+00
9632be40-a913-452a-96c9-721a76c34729,eabbbeab-b630-40fc-b414-b77f7244b90a,booking,"{""content_title"": ""Virtual Palace"", ""time"": ""14:33""}",2026-03-14 14:33:00+00,2026-03-14 14:33:00+00
a8e28aaf-2f33-43c2-b487-b8a2210f861b,1124ad69-800c-4e31-a45d-7b219d46e676,booking,"{""content_title"": ""Crafting Crimes AR"", ""time"": ""18:10""}",2026-04-02 18:10:00+00,2026-04-02 18:10:00+00
974538e8-0f39-41ea-a136-cd8cfe88ec1f,48657c19-2347-495c-825e-dbaaf03084a0,booking,"{""content_title"": ""Robotics Live"", ""time"": ""13:06""}",2026-03-20 13:06:00+00,2026-03-20 13:06:00+00
35948849-9702-4f0c-b1dd-a7eb61e8c72e,ea3b32a3-eec0-47ff-9f69-f1d00a9cfa8c,booking,"{""content_title"": ""The Clouds Are Up"", ""time"": ""10:04""}",2026-03-25 10:04:00+00,2026-03-25 10:04:00+00
5a765a25-a52a-4ed4-8ad3-d82d4b863bad,58b22874-7866-499e-b41f-5eeb343aad1e,booking,"{""content_title"": ""Web3 Showcase"", ""time"": ""18:52""}",2026-03-17 18:52:00+00,2026-03-17 18:52:00+00
6472f3f3-a169-488b-bf26-dd462469b44f,c0d8a412-d081-4240-9b6e-5dd37819255d,booking,"{""content_title"": ""Virtual Palace"", ""time"": ""15:09""}",2026-03-30 15:09:00+00,2026-03-30 15:09:00+00
03028f06-50c9-4acf-9b38-4c4f7edb5640,f5d33f4a-c746-4609-9562-f11441bed53a,booking,"{""content_title"": ""Future City Layers"", ""time"": ""19:57""}",2026-03-17 19:57:00+00,2026-03-17 19:57:00+00
ca601f92-5296-4121-9ff9-0a8beb596723,d35a8941-0da6-4bf3-ac24-748de1874163,no_show_warning_1,"{""content_title"": ""NextGen Hardware"", ""time"": ""14:20""}",2026-04-02 14:20:00+00,2026-04-02 14:20:00+00
e59aac17-b376-4fea-981c-df5a95223af5,e1ae4ee5-228d-49b6-9288-d7007c0d78ff,booking,"{""content_title"": ""Mars Colony VR"", ""time"": ""11:14""}",2026-03-30 11:14:00+00,2026-03-30 11:14:00+00
d600ec85-9a83-4d5e-98d5-58ae72389647,393edef8-4a75-42e6-8139-6214ba1afc54,booking,"{""content_title"": ""Crafting Crimes AR"", ""time"": ""15:24""}",2026-04-12 15:24:00+00,2026-04-12 15:24:00+00
cb3a4de9-02f3-4511-b427-b66e12f24c5d,33ffa9b2-1672-4142-aa4b-4467f4a84b2f,cancellation,"{""content_title"": ""Tech Founders Meetup"", ""time"": ""14:33""}",2026-03-16 14:33:00+00,2026-03-16 14:33:00+00
4fe66ff5-fdb5-4788-88c8-5c8bc43ae12c,a174a08e-6562-4e20-a2a3-ea8707604141,booking,"{""content_title"": ""Interactive History"", ""time"": ""17:57""}",2026-03-22 17:57:00+00,2026-03-22 17:57:00+00
d61e327a-fcd4-4f37-8262-42a8fcf22a36,a0497fed-2140-4b4c-91e6-25e7ae5cb7e2,booking,"{""content_title"": ""The Clouds Are Up"", ""time"": ""20:13""}",2026-03-25 20:13:00+00,2026-03-25 20:13:00+00
a268c438-5d31-4035-9559-95db233da61b,516a9524-b9a2-4417-9a9c-754fa2230c27,booking,"{""content_title"": ""Mars Colony VR"", ""time"": ""12:09""}",2026-03-15 12:09:00+00,2026-03-15 12:09:00+00
fed12d81-97c1-420a-9766-bb4817481894,bf19869e-c46b-4466-9d57-992ff6a05328,booking,"{""content_title"": ""Deep Ocean Dive"", ""time"": ""12:56""}",2026-04-06 12:56:00+00,2026-04-06 12:56:00+00
8df36e05-1458-4c74-80ba-9ffbb13949fa,915d1982-5f38-4446-9748-00b7be397793,booking,"{""content_title"": ""Dark Rooms VR"", ""time"": ""17:58""}",2026-03-22 17:58:00+00,2026-03-22 17:58:00+00
7676dcc0-5d86-4261-a42e-19651268fc2b,2b6c0c87-8c5f-4efd-bced-3f006dbc1637,no_show_warning_1,"{""content_title"": ""Virtual Palace"", ""time"": ""17:26""}",2026-04-03 17:26:00+00,2026-04-03 17:26:00+00
422507c7-c73b-4edc-b9c4-8f6e81ca4cb8,b30b23c7-3745-4118-92e4-c97bf9875a59,booking,"{""content_title"": ""AR Anatomy Stand"", ""time"": ""15:12""}",2026-03-29 15:12:00+00,2026-03-29 15:12:00+00
49edf0cf-9cc9-452d-8c89-34efdd403369,4dda6dc5-6400-418f-9aaf-f4eafe837e87,booking,"{""content_title"": ""Web3 Showcase"", ""time"": ""13:56""}",2026-03-19 13:56:00+00,2026-03-19 13:56:00+00
997fc310-52b5-4f8c-9dbb-3ebbf75ff1d3,94ea43d3-2754-4e91-bd34-9576c941098d,booking,"{""content_title"": ""VC Speed Dating"", ""time"": ""08:52""}",2026-04-10 08:52:00+00,2026-04-10 08:52:00+00
e9d1af1e-5a68-4664-99e4-3f9c9374c8f9,321f965b-b021-4cec-a181-47aee23d4897,booking,"{""content_title"": ""Virtual Palace"", ""time"": ""08:17""}",2026-03-27 08:17:00+00,2026-03-27 08:17:00+00
91bc2ff1-95af-4c2a-8a2d-1e37689a2b3a,554a820a-73ec-4123-a3e5-1e551a823a4a,booking,"{""content_title"": ""Mars Colony VR"", ""time"": ""11:31""}",2026-04-03 11:31:00+00,2026-04-03 11:31:00+00
04c7f7ca-9e02-4cc7-b4bd-8b192a456bb2,946a7719-bc03-46da-a9f6-03568d283605,booking,"{""content_title"": ""Virtual Palace"", ""time"": ""20:35""}",2026-03-17 20:35:00+00,2026-03-17 20:35:00+00
88488b9a-8ae8-4518-a5e8-ac0850db9cc4,7bdf5069-1fbc-4234-b1a2-a6c3520c4a3c,booking,"{""content_title"": ""Interactive History"", ""time"": ""18:59""}",2026-03-31 18:59:00+00,2026-03-31 18:59:00+00
3dadb7ae-33de-469d-9cf6-2970da533945,50e4bea2-4a02-4da1-8dc7-beef66f1e5b5,no_show_warning_1,"{""content_title"": ""Deep Ocean Dive"", ""time"": ""10:06""}",2026-03-19 10:06:00+00,2026-03-19 10:06:00+00
36a157fb-d9fe-4347-87a6-33e4cfc34af5,19c86fcf-20f5-47bc-ae17-fe9c37da60a2,booking,"{""content_title"": ""Interactive History"", ""time"": ""14:02""}",2026-03-27 14:02:00+00,2026-03-27 14:02:00+00
5f4c3511-5bc5-4c70-9525-2d9e913d135c,96afb56c-6dfc-43b8-83ed-068e8c0ba925,booking,"{""content_title"": ""Indulto Creative Talk"", ""time"": ""09:29""}",2026-04-01 09:29:00+00,2026-04-01 09:29:00+00
c9ca2ee3-82c1-4092-991e-69f6905d0257,fe409ded-b88a-4cf0-91c7-55e2abaf0d7a,booking,"{""content_title"": ""AR Anatomy Stand"", ""time"": ""20:50""}",2026-03-24 20:50:00+00,2026-03-24 20:50:00+00
43d1386b-d4dd-4c60-9150-8f308e68e3fd,9fe869f8-c643-403c-8089-114c82e46f06,info,"{""content_title"": ""Mars Colony VR"", ""time"": ""09:52""}",2026-03-18 09:52:00+00,2026-03-18 09:52:00+00
13ea961b-bb24-4f2a-8bbb-3a5e2a9bb18b,af1806a5-beab-4ade-9b17-fda14b931432,booking,"{""content_title"": ""Future City Layers"", ""time"": ""14:23""}",2026-03-20 14:23:00+00,2026-03-20 14:23:00+00
5d0fa0bf-d770-4fb9-891f-44510d9c3f7d,0f4147f4-f5e8-4dbe-8a91-4836df8b1139,booking,"{""content_title"": ""Unity Basics"", ""time"": ""17:34""}",2026-03-18 17:34:00+00,2026-03-18 17:34:00+00
d1fe4751-1b62-40b0-8d81-b7dbd1dce8a1,a898fd75-c28f-49f2-b5b3-768330c8e4c6,booking,"{""content_title"": ""Design Thinking Workshop"", ""time"": ""09:11""}",2026-03-14 09:11:00+00,2026-03-14 09:11:00+00
2e15f1ff-9649-4bac-b6c4-d18b711f98be,d513073f-f3e7-495b-9ca8-c33a463a599c,booking,"{""content_title"": ""Deep Ocean Dive"", ""time"": ""09:17""}",2026-04-02 09:17:00+00,2026-04-02 09:17:00+00
a9e05a12-9361-4522-bf67-23dbb3856f6a,179b67ee-3487-490f-8152-b90c0bdbecc3,booking,"{""content_title"": ""Mars Colony VR"", ""time"": ""17:48""}",2026-03-13 17:48:00+00,2026-03-13 17:48:00+00
c6ea7b69-d512-4a62-b3c7-590d0da9f4dc,6d399b1a-e459-4f03-9c13-f7f2589675ab,booking,"{""content_title"": ""Future City Layers"", ""time"": ""20:29""}",2026-03-28 20:29:00+00,2026-03-28 20:29:00+00
e82371ef-a5a3-4665-ae26-3bd851400b24,ef988c76-6b55-41a1-90e5-cacc349e3a08,cancellation,"{""content_title"": ""Virtual Palace"", ""time"": ""20:48""}",2026-04-12 20:48:00+00,2026-04-12 20:48:00+00
e0c9fb5b-5e5a-4dca-8858-e8f20ff52860,d17a8285-e0cc-47b0-b455-2a3c047ee1d5,cancellation,"{""content_title"": ""A Long Goodbye Panel"", ""time"": ""11:38""}",2026-03-14 11:38:00+00,2026-03-14 11:38:00+00
e031fe69-b07c-486d-b585-1d3a3443796e,347ac645-9f57-48e3-902c-1cef77f27a66,booking,"{""content_title"": ""AR Anatomy Stand"", ""time"": ""15:48""}",2026-04-02 15:48:00+00,2026-04-02 15:48:00+00
274c3c3a-6722-44c4-93cd-76210e92cbe1,e103d626-3bb6-43d2-8ce2-ae975d1c11e2,no_show_warning_1,"{""content_title"": ""Startup Pitches"", ""time"": ""13:21""}",2026-03-22 13:21:00+00,2026-03-22 13:21:00+00
9f0e1342-20a2-453f-8dd3-bb73e85bdd70,67c87fc9-9291-4e72-b262-5a7e48896dc7,booking,"{""content_title"": ""Future City Layers"", ""time"": ""20:27""}",2026-03-20 20:27:00+00,2026-03-20 20:27:00+00
9cae097a-c10a-443e-b8de-b494a74da1f0,27c32f2f-450f-4aa4-9cde-7ff3989dbd05,cancellation,"{""content_title"": ""Unity Basics"", ""time"": ""13:59""}",2026-04-09 13:59:00+00,2026-04-09 13:59:00+00
3cb2a5a2-808f-4a3c-a222-8e13d10c8f76,91be28a7-872d-4f19-96a0-85278e3494ac,booking,"{""content_title"": ""Mars Colony VR"", ""time"": ""15:56""}",2026-03-17 15:56:00+00,2026-03-17 15:56:00+00
c6179bb9-3062-4465-8d34-8ef5b23c590a,7b9ec929-9116-49e5-8ba5-aa96481418c2,no_show_warning_1,"{""content_title"": ""Future City Layers"", ""time"": ""17:47""}",2026-03-30 17:47:00+00,2026-03-30 17:47:00+00
4807b81b-380b-46be-b7c0-8a04a747a36c,4149ebd6-4b97-44f3-9438-e4a49a8b1c93,no_show_warning_1,"{""content_title"": ""The Clouds Are Up"", ""time"": ""11:54""}",2026-03-27 11:54:00+00,2026-03-27 11:54:00+00
07af33c6-8fae-4a24-9c87-bef4b3aeda9f,7637f86e-0822-4e8d-be2f-6b3e00ec9fbb,booking,"{""content_title"": ""Future City Layers"", ""time"": ""16:37""}",2026-03-30 16:37:00+00,2026-03-30 16:37:00+00
d1334fea-a58d-4c90-8519-199fe98be82e,a3588b1b-db2e-475f-8889-8461f2148c6a,booking,"{""content_title"": ""The Clouds Are Up"", ""time"": ""16:04""}",2026-04-09 16:04:00+00,2026-04-09 16:04:00+00
0b62f848-8f8f-49cf-8326-e71c16030c7f,c2df3d47-09d4-4990-b8b4-ec56b64c34b2,booking,"{""content_title"": ""Dark Rooms VR"", ""time"": ""14:45""}",2026-03-13 14:45:00+00,2026-03-13 14:45:00+00
8cb9677d-fb5c-4908-bcd1-a924b5c42a59,457f23f0-6e16-43d9-b0e0-8a3faf33cfd0,booking,"{""content_title"": ""Tech Founders Meetup"", ""time"": ""18:03""}",2026-04-12 18:03:00+00,2026-04-12 18:03:00+00
02ca3a95-9add-4217-a5d4-0bb5e186edfa,b29ad5d4-0aa1-4aad-b721-603b0889c479,no_show_warning_1,"{""content_title"": ""Startup Pitches"", ""time"": ""20:28""}",2026-03-15 20:28:00+00,2026-03-15 20:28:00+00
7b4595e4-3569-47e9-a777-40f88f65b3d9,105686a4-5959-4432-ab90-a7bd758ee3cb,booking,"{""content_title"": ""The Clouds Are Up"", ""time"": ""14:30""}",2026-03-17 14:30:00+00,2026-03-17 14:30:00+00
2893d567-5d55-48d8-b120-1b78ce361ca0,76173376-35ea-4844-a3c0-899f65c32fef,booking,"{""content_title"": ""Dark Rooms VR"", ""time"": ""13:57""}",2026-04-08 13:57:00+00,2026-04-08 13:57:00+00
82aa4184-9159-4173-9b12-1bd424f895a5,bf19869e-c46b-4466-9d57-992ff6a05328,cancellation,"{""content_title"": ""Indulto Creative Talk"", ""time"": ""09:25""}",2026-03-27 09:25:00+00,2026-03-27 09:25:00+00
d886e34d-52f4-401f-bb4f-51e855e08b62,00b85947-036c-4695-90b8-e99838d56f7d,booking,"{""content_title"": ""Interactive History"", ""time"": ""18:42""}",2026-03-15 18:42:00+00,2026-03-15 18:42:00+00
b0975ae0-8b6c-41eb-82ff-ff4717f15f7f,9283a208-8332-46e2-8d77-b0d36cbfc209,booking,"{""content_title"": ""Robotics Live"", ""time"": ""20:56""}",2026-04-03 20:56:00+00,2026-04-03 20:56:00+00
c201b683-8973-4f0d-9b15-23aa9fb8e2f2,ffe638a5-f192-4d3c-b5a1-12b244635407,booking,"{""content_title"": ""The Clouds Are Up"", ""time"": ""15:17""}",2026-04-11 15:17:00+00,2026-04-11 15:17:00+00
dbef86d3-537b-4ce8-84d3-6740f1fd8406,6aa6b875-b7b2-4588-b756-233e61081026,booking,"{""content_title"": ""Indulto Creative Talk"", ""time"": ""17:13""}",2026-03-30 17:13:00+00,2026-03-30 17:13:00+00
df9323f5-9971-4817-b1c1-98ff65b5e19b,add9a632-67e1-46ec-86b4-6c83b944ef6d,booking,"{""content_title"": ""Quantum Computing Intro"", ""time"": ""15:16""}",2026-03-31 15:16:00+00,2026-03-31 15:16:00+00
1a813366-a51b-46e7-96e4-998f6ed65f65,c71aec3d-6981-46eb-b73f-26679f5d0730,booking,"{""content_title"": ""Tech Founders Meetup"", ""time"": ""18:06""}",2026-04-05 18:06:00+00,2026-04-05 18:06:00+00
8a0c638a-dc58-4fc3-843f-be6fd04e6596,c06eaee3-78ee-4a32-9892-1a9f2fbb60bb,cancellation,"{""content_title"": ""Deep Ocean Dive"", ""time"": ""09:27""}",2026-04-01 09:27:00+00,2026-04-01 09:27:00+00
22ca1a99-8d59-4abc-8397-b32dcfdbc0d3,c03905aa-439a-4ea2-88e7-642b4464fa7f,booking,"{""content_title"": ""The Clouds Are Up"", ""time"": ""08:25""}",2026-03-13 08:25:00+00,2026-03-13 08:25:00+00
000544e5-35fb-46e8-ab21-f971527af311,0ebc598a-283e-4e85-87ef-c8c59f4dae96,no_show_warning_1,"{""content_title"": ""Crafting Crimes AR"", ""time"": ""18:48""}",2026-03-29 18:48:00+00,2026-03-29 18:48:00+00
b3063a8a-1663-4bb2-9f64-1ba92b5e4457,94ea43d3-2754-4e91-bd34-9576c941098d,cancellation,"{""content_title"": ""Robotics Live"", ""time"": ""18:34""}",2026-03-31 18:34:00+00,2026-03-31 18:34:00+00
da96baf8-ac61-48e1-a2f3-0c6e3e187885,15ae04f6-087b-4e0b-b423-20789e898eef,booking,"{""content_title"": ""Tech Founders Meetup"", ""time"": ""20:55""}",2026-04-11 20:55:00+00,2026-04-11 20:55:00+00
e9a46744-0ea3-4de1-afad-d525e798f5d7,989f077c-4b75-4998-9914-145aeb2a8531,booking,"{""content_title"": ""Virtual Palace"", ""time"": ""15:44""}",2026-03-29 15:44:00+00,2026-03-29 15:44:00+00
e7a7283c-1d46-4773-8a78-18e49c9bacf9,8147959c-f687-4d38-af95-10742cfe2884,booking,"{""content_title"": ""Dark Rooms VR"", ""time"": ""20:59""}",2026-03-21 20:59:00+00,2026-03-21 20:59:00+00
3baafe44-0737-4371-936d-f7b1100697b0,9a773e20-523f-426d-b32b-2f5f8aaa75c9,info,"{""content_title"": ""Future City Layers"", ""time"": ""08:40""}",2026-04-03 08:40:00+00,2026-04-03 08:40:00+00
56a648fc-b803-40dd-b6a1-0278c5963e99,c84a9325-974e-49fd-8d5a-6504c0718248,booking,"{""content_title"": ""Dark Rooms VR"", ""time"": ""08:17""}",2026-04-12 08:17:00+00,2026-04-12 08:17:00+00
245f4b17-4355-48b3-9e03-2a6dabf528a7,bd159b3c-bbb6-406f-a21a-b2bf9554f861,booking,"{""content_title"": ""Web3 Showcase"", ""time"": ""13:07""}",2026-03-20 13:07:00+00,2026-03-20 13:07:00+00
0035470d-a904-46d3-8b04-434097ea217c,226a5411-b48b-4138-94ef-c3a0f905e468,booking,"{""content_title"": ""NextGen Hardware"", ""time"": ""12:14""}",2026-03-18 12:14:00+00,2026-03-18 12:14:00+00
17b7dce3-8be0-4a26-a405-6186d78cfd54,c91331ed-1e32-4944-9f26-447f7ff12eae,no_show_warning_1,"{""content_title"": ""Interactive History"", ""time"": ""20:49""}",2026-03-17 20:49:00+00,2026-03-17 20:49:00+00
9bcd135b-2069-4638-9874-475b4a26bb3d,3c76f0e3-485c-4547-9e76-b7a7b21a6457,booking,"{""content_title"": ""Blender Modeling"", ""time"": ""17:16""}",2026-04-05 17:16:00+00,2026-04-05 17:16:00+00
5c5cbca4-9534-45fb-a7ff-9325a93fb739,0e10f179-afcc-430c-af8e-7c87e3604f83,cancellation,"{""content_title"": ""Future City Layers"", ""time"": ""09:13""}",2026-04-05 09:13:00+00,2026-04-05 09:13:00+00
64516fa2-5ef0-48dd-995d-597b7b08e9c0,027f240a-3e29-4ac0-a1a8-710fee7baac6,booking,"{""content_title"": ""Tech Founders Meetup"", ""time"": ""09:34""}",2026-03-14 09:34:00+00,2026-03-14 09:34:00+00
1c36fcc1-4844-42e9-ad50-d235270ad3ad,495d1856-ae2c-410a-948d-513980eea4bb,no_show_warning_1,"{""content_title"": ""Interactive History"", ""time"": ""11:37""}",2026-03-21 11:37:00+00,2026-03-21 11:37:00+00
c3f84397-1333-443e-948e-2bc782256361,fbecec50-8b05-4caa-8a18-29a40db6cf17,booking,"{""content_title"": ""Quantum Computing Intro"", ""time"": ""16:14""}",2026-03-30 16:14:00+00,2026-03-30 16:14:00+00
7cb03b0a-7a73-4531-8cc8-bf0fdaf50350,eb45e3e4-505d-4db4-b9c7-adef36a9ec2f,booking,"{""content_title"": ""Startup Pitches"", ""time"": ""20:01""}",2026-03-13 20:01:00+00,2026-03-13 20:01:00+00
cb5d5aa2-1b32-497a-8600-5f1762d0e543,0bdb6e3e-4bf0-4595-b9bb-f769266a06ab,booking,"{""content_title"": ""Unity Basics"", ""time"": ""13:06""}",2026-03-13 13:06:00+00,2026-03-13 13:06:00+00
ac1a10e9-f824-4748-9e40-2dc82edc9573,6aa6b875-b7b2-4588-b756-233e61081026,booking,"{""content_title"": ""Virtual Palace"", ""time"": ""09:23""}",2026-04-07 09:23:00+00,2026-04-07 09:23:00+00
c894606e-104d-4ca5-af10-e7f88886fe41,3d99ce2a-87ce-4d41-a8b2-695cfc52f7f3,booking,"{""content_title"": ""Design Thinking Workshop"", ""time"": ""19:10""}",2026-03-19 19:10:00+00,2026-03-19 19:10:00+00
c6892018-c6c0-4b1b-bacb-14441be27d0d,d653df1e-e3e0-43ce-8816-4bb6e269acdb,booking,"{""content_title"": ""Quantum Computing Intro"", ""time"": ""17:07""}",2026-03-13 17:07:00+00,2026-03-13 17:07:00+00
fc425832-1095-4cae-8cf4-de8101b76d14,fce0d00d-c664-470c-811d-38ca48ef6b44,booking,"{""content_title"": ""The Clouds Are Up"", ""time"": ""20:38""}",2026-03-28 20:38:00+00,2026-03-28 20:38:00+00
81bbcbc3-c9b8-4d63-ae8b-6297ef28c73a,039a4d47-438f-4476-88e0-3c117d0ed60d,booking,"{""content_title"": ""Crafting Crimes AR"", ""time"": ""13:21""}",2026-04-12 13:21:00+00,2026-04-12 13:21:00+00
aa84addb-9bca-42d0-a5bd-5af598e1ac47,a02575e9-2d4e-46c4-9379-2f9af36b3bd5,booking,"{""content_title"": ""Deep Ocean Dive"", ""time"": ""09:27""}",2026-03-20 09:27:00+00,2026-03-20 09:27:00+00
1e3f7502-603f-47ef-918b-8e4cef407bcc,ee63f7e6-0a2a-4939-ad49-20dd1b9590aa,cancellation,"{""content_title"": ""NextGen Hardware"", ""time"": ""10:01""}",2026-04-01 10:01:00+00,2026-04-01 10:01:00+00
27d47441-64eb-47c7-bf5e-5382eac9e4ed,ac3e95a4-4b20-4bd8-8e6f-3e4551c569c0,booking,"{""content_title"": ""The Clouds Are Up"", ""time"": ""16:10""}",2026-03-22 16:10:00+00,2026-03-22 16:10:00+00
32ac7a8f-2faf-4b10-8232-37ffa3352de7,fe4d910c-04e3-4a79-b0b0-b7dd8abb8ba8,booking,"{""content_title"": ""The Clouds Are Up"", ""time"": ""17:25""}",2026-03-28 17:25:00+00,2026-03-28 17:25:00+00
2ce83306-7d78-4d56-afe6-855cac0a2268,b8ecce1e-90cc-43e8-b0f2-2d03a4333611,booking,"{""content_title"": ""AI in Digital Art"", ""time"": ""08:15""}",2026-03-16 08:15:00+00,2026-03-16 08:15:00+00
f0987a09-5830-49da-b9ef-f87e5d5943c0,878fadea-23af-4f58-87ed-46a070606bc5,booking,"{""content_title"": ""The Clouds Are Up"", ""time"": ""18:03""}",2026-03-19 18:03:00+00,2026-03-19 18:03:00+00
1ed09103-be4d-4a4b-96f5-3e13770f738c,a572e1fc-ff11-4875-8646-60f13f97be4e,booking,"{""content_title"": ""Startup Pitches"", ""time"": ""08:39""}",2026-04-01 08:39:00+00,2026-04-01 08:39:00+00
178f3a47-0c0a-4ba3-bd08-c0a7ceb335ad,749c1041-1b9a-4849-8736-e625a698b968,cancellation,"{""content_title"": ""Startup Pitches"", ""time"": ""08:53""}",2026-03-20 08:53:00+00,2026-03-20 08:53:00+00
2f5bcbfd-1dca-4788-bd30-2cc20f8cb464,cc0dd2b7-4f5e-4902-acea-8ae1900de0ea,booking,"{""content_title"": ""Startup Pitches"", ""time"": ""08:05""}",2026-04-10 08:05:00+00,2026-04-10 08:05:00+00
ce38949e-edad-4462-af20-f9bdf8cba949,1ba786a6-5ac9-4dc2-be2b-3c9f40dc498a,booking,"{""content_title"": ""Deep Ocean Dive"", ""time"": ""12:46""}",2026-03-20 12:46:00+00,2026-03-20 12:46:00+00
e663d70d-6c6f-4902-be6f-732655226394,393edef8-4a75-42e6-8139-6214ba1afc54,booking,"{""content_title"": ""NextGen Hardware"", ""time"": ""11:12""}",2026-03-29 11:12:00+00,2026-03-29 11:12:00+00
e8da2308-270d-4105-9053-f31608619577,896d923d-87a0-468c-948f-9961a4931b31,booking,"{""content_title"": ""Mars Colony VR"", ""time"": ""10:02""}",2026-03-18 10:02:00+00,2026-03-18 10:02:00+00
dfef5ca6-8b0d-4c99-aeff-b4b3c1b53363,c06eaee3-78ee-4a32-9892-1a9f2fbb60bb,booking,"{""content_title"": ""Deep Ocean Dive"", ""time"": ""11:06""}",2026-03-19 11:06:00+00,2026-03-19 11:06:00+00
74975052-5b63-4221-bcd1-24f440de9700,48657c19-2347-495c-825e-dbaaf03084a0,booking,"{""content_title"": ""NextGen Hardware"", ""time"": ""19:06""}",2026-03-14 19:06:00+00,2026-03-14 19:06:00+00
ddacea6d-acf1-4fe8-8c7a-44c63cb0fa47,7ed4196c-c558-4ece-b593-1b1b8eabd43b,booking,"{""content_title"": ""NextGen Hardware"", ""time"": ""17:29""}",2026-03-14 17:29:00+00,2026-03-14 17:29:00+00
0299690b-3a71-49a8-b8ba-89999b9325a8,676484ab-84c6-4cfa-8a48-037844525bee,booking,"{""content_title"": ""Dark Rooms VR"", ""time"": ""15:51""}",2026-03-19 15:51:00+00,2026-03-19 15:51:00+00
c3cf1b29-b1e6-4f1c-b9e9-f82fc601a0ea,52489b31-bb80-406d-a330-92f66fad186f,booking,"{""content_title"": ""Unity Basics"", ""time"": ""12:06""}",2026-04-02 12:06:00+00,2026-04-02 12:06:00+00
20eae969-1a98-4cdb-b75c-cc1f1b228f9b,426e86e3-146c-45e8-8664-3901feaa316c,booking,"{""content_title"": ""Decision Maker Summit"", ""time"": ""16:39""}",2026-03-31 16:39:00+00,2026-03-31 16:39:00+00
e2840c54-dfa2-4713-975c-407768dc1b0c,4f59f33c-ec7a-4adb-9e38-e7b26e3d30f7,booking,"{""content_title"": ""Robotics Live"", ""time"": ""13:43""}",2026-04-06 13:43:00+00,2026-04-06 13:43:00+00
c9737ad8-de94-4ee6-9bf7-836cb4f2d333,91193ef4-776e-4c44-aecb-e2a578530dff,booking,"{""content_title"": ""Indulto Creative Talk"", ""time"": ""19:14""}",2026-03-31 19:14:00+00,2026-03-31 19:14:00+00
6fc6991b-3b6c-436a-a520-87f4db7289a4,9466fcda-cbfb-438a-81f3-aef28f258cfc,booking,"{""content_title"": ""Indulto Creative Talk"", ""time"": ""09:39""}",2026-04-05 09:39:00+00,2026-04-05 09:39:00+00
f968b4c9-a691-4e97-b81f-d986c3e64c83,3f4f15d7-9d62-47f8-8ad0-d613c7310009,booking,"{""content_title"": ""Design Thinking Workshop"", ""time"": ""15:11""}",2026-03-17 15:11:00+00,2026-03-17 15:11:00+00
5babadca-9054-4836-973a-42293c43e712,b4d106d3-764f-4de1-b48d-0ab2ccff060a,booking,"{""content_title"": ""Quantum Computing Intro"", ""time"": ""09:07""}",2026-04-07 09:07:00+00,2026-04-07 09:07:00+00
9cf09ad9-0be9-4ee8-8df6-a148ada79ea3,331f9dc2-3de5-4a22-8efc-06502e462b34,booking,"{""content_title"": ""Coding 101"", ""time"": ""08:29""}",2026-03-18 08:29:00+00,2026-03-18 08:29:00+00
f6530a5e-5dd7-4b5a-ab15-be49ee59920f,11d18861-c594-489b-aabc-122c463ab1f5,booking,"{""content_title"": ""Virtual Palace"", ""time"": ""18:52""}",2026-03-15 18:52:00+00,2026-03-15 18:52:00+00
5552fe77-d7f1-4232-b2c0-699e3d18f982,3472bb1f-bddc-4d3e-bd4e-6f6ea9886c46,booking,"{""content_title"": ""Virtual Palace"", ""time"": ""18:12""}",2026-04-10 18:12:00+00,2026-04-10 18:12:00+00
e9a77757-432d-4888-b994-9ee74aaa68c6,cf3a66c1-5d0a-44a3-8594-be2d8c2a1f96,booking,"{""content_title"": ""Web3 Showcase"", ""time"": ""09:18""}",2026-03-18 09:18:00+00,2026-03-18 09:18:00+00
3cd27f51-4d18-4ee9-b843-61d032b10569,9757a490-8a8c-4575-ad30-b96c8929687c,booking,"{""content_title"": ""Interactive History"", ""time"": ""13:26""}",2026-03-27 13:26:00+00,2026-03-27 13:26:00+00
d647bcb1-ef3c-4f69-9b41-93e9aa26f8e6,c71aec3d-6981-46eb-b73f-26679f5d0730,cancellation,"{""content_title"": ""Coding 101"", ""time"": ""14:20""}",2026-03-25 14:20:00+00,2026-03-25 14:20:00+00
a2126df5-525f-4b79-96e7-64e9ca0c4c27,1355a7c7-c155-4c01-bde4-6f568fd8dbb4,no_show_warning_1,"{""content_title"": ""Mars Colony VR"", ""time"": ""08:46""}",2026-03-14 08:46:00+00,2026-03-14 08:46:00+00
cd62e534-11fb-4e63-8c9e-79bf539635cd,1113c9a5-22d4-4207-9490-6f0f138b3c8f,booking,"{""content_title"": ""Robotics Live"", ""time"": ""11:29""}",2026-04-06 11:29:00+00,2026-04-06 11:29:00+00
3553f035-510b-486c-b621-453f17a5c048,7163ab7e-705d-455c-931a-51babd826f9d,booking,"{""content_title"": ""Crafting Crimes AR"", ""time"": ""12:00""}",2026-03-20 12:00:00+00,2026-03-20 12:00:00+00
8d260e95-9472-4021-9238-d2cf23f44f97,ea46f340-5ae0-4629-a669-5ac3c2b3eef6,booking,"{""content_title"": ""AR Anatomy Stand"", ""time"": ""14:29""}",2026-04-01 14:29:00+00,2026-04-01 14:29:00+00
38e9e151-ddc3-4a6b-9973-2c23ea06e016,c7cc0e38-5e06-49cc-9583-450265650c3a,no_show_warning_1,"{""content_title"": ""Interactive History"", ""time"": ""15:38""}",2026-03-20 15:38:00+00,2026-03-20 15:38:00+00
1897b6bf-6efc-42c2-a6b9-db4d6e8a09c9,50e4bea2-4a02-4da1-8dc7-beef66f1e5b5,no_show_warning_1,"{""content_title"": ""Mars Colony VR"", ""time"": ""08:55""}",2026-03-15 08:55:00+00,2026-03-15 08:55:00+00
57289915-e418-42fb-90c7-b4a73617de0b,039a4d47-438f-4476-88e0-3c117d0ed60d,booking,"{""content_title"": ""Crafting Crimes AR"", ""time"": ""16:54""}",2026-03-28 16:54:00+00,2026-03-28 16:54:00+00
2f89d6e6-6ec7-4a42-a2ad-b6e76261ffdb,426e86e3-146c-45e8-8664-3901feaa316c,booking,"{""content_title"": ""Tech Founders Meetup"", ""time"": ""13:25""}",2026-03-27 13:25:00+00,2026-03-27 13:25:00+00
fdb688cc-8cbb-4839-b436-01c15a47d7f4,72961cc2-ae0e-41e4-97f5-ba776f8f0606,cancellation,"{""content_title"": ""The Clouds Are Up"", ""time"": ""19:24""}",2026-03-20 19:24:00+00,2026-03-20 19:24:00+00
ccfa4f21-e2a4-4fa3-83d7-0a38fcfece28,433df672-d264-4e12-9169-a8ecaf040f10,booking,"{""content_title"": ""Future City Layers"", ""time"": ""11:18""}",2026-03-17 11:18:00+00,2026-03-17 11:18:00+00
280423a7-412a-4511-9eaa-dfcca53c7eb6,bf3a8e89-d735-4b99-8faa-654eda84d122,cancellation,"{""content_title"": ""Robotics Live"", ""time"": ""15:30""}",2026-03-14 15:30:00+00,2026-03-14 15:30:00+00
c2b97811-a135-41c5-8bce-3af6604ab9c0,7f2c142b-a151-47da-b4b8-b6015b0d589d,booking,"{""content_title"": ""Mars Colony VR"", ""time"": ""17:35""}",2026-03-29 17:35:00+00,2026-03-29 17:35:00+00
d7813c76-8608-4f75-91ac-b5f263430da7,c034f8bf-e0fc-47a3-ac94-2a8c6b4e897d,booking,"{""content_title"": ""Mars Colony VR"", ""time"": ""17:04""}",2026-03-26 17:04:00+00,2026-03-26 17:04:00+00
29c26bc1-447e-435d-baab-7293194357b6,cbed2d9b-e3ce-420e-88cd-65d78ca34c39,cancellation,"{""content_title"": ""Indulto Creative Talk"", ""time"": ""08:41""}",2026-03-18 08:41:00+00,2026-03-18 08:41:00+00
0581890a-f153-4bfc-897b-a704d0af9755,b4d106d3-764f-4de1-b48d-0ab2ccff060a,booking,"{""content_title"": ""Blender Modeling"", ""time"": ""16:55""}",2026-03-17 16:55:00+00,2026-03-17 16:55:00+00
39525118-e326-40ee-ae95-6a05e91325c6,eb47550c-5bb1-42ca-a792-41dd75d8c786,booking,"{""content_title"": ""Dark Rooms VR"", ""time"": ""16:55""}",2026-03-26 16:55:00+00,2026-03-26 16:55:00+00
d2632f7f-77de-4dc3-a2b2-9b041c88541d,9466fcda-cbfb-438a-81f3-aef28f258cfc,no_show_warning_1,"{""content_title"": ""Indulto Creative Talk"", ""time"": ""11:43""}",2026-03-17 11:43:00+00,2026-03-17 11:43:00+00
ee231fab-e38c-44a8-90bb-3414ff0e2e21,c293d3b1-4ec6-4f9c-b240-66951b034cfe,booking,"{""content_title"": ""Quantum Computing Intro"", ""time"": ""18:21""}",2026-03-25 18:21:00+00,2026-03-25 18:21:00+00
bbdc0968-b312-47c2-acbb-880e41355da4,32fdbcff-b86c-4126-bc02-74beb11098ee,booking,"{""content_title"": ""Mars Colony VR"", ""time"": ""14:01""}",2026-03-17 14:01:00+00,2026-03-17 14:01:00+00
7a957918-45aa-4e35-a593-fde127cb0d6e,73abbc35-126b-48ef-ac4b-cf66924b1559,booking,"{""content_title"": ""Mars Colony VR"", ""time"": ""19:21""}",2026-03-16 19:21:00+00,2026-03-16 19:21:00+00
bf24dfc3-f1f0-4ecc-b6b4-74ecc1536a37,d8249b92-3841-4a3f-af23-1678614e8659,booking,"{""content_title"": ""AR Anatomy Stand"", ""time"": ""17:38""}",2026-04-09 17:38:00+00,2026-04-09 17:38:00+00
d4210292-b7eb-459e-9514-c059e6a03a86,3d71f36f-278a-4947-a9b8-e228eaa22a0b,booking,"{""content_title"": ""Robotics Live"", ""time"": ""13:01""}",2026-04-10 13:01:00+00,2026-04-10 13:01:00+00
4efd3026-94bd-4b82-8093-b3625584cea3,c293d3b1-4ec6-4f9c-b240-66951b034cfe,no_show_warning_1,"{""content_title"": ""Dark Rooms VR"", ""time"": ""19:59""}",2026-03-25 19:59:00+00,2026-03-25 19:59:00+00
078c3cac-ba81-4c30-8192-08f02803bf3f,ae2ef6ac-a1ab-4965-8060-c5e1532d364c,booking,"{""content_title"": ""The Clouds Are Up"", ""time"": ""12:54""}",2026-04-03 12:54:00+00,2026-04-03 12:54:00+00
12660c15-271a-4b5d-998f-54ea9ddb4f9f,2c1a3d2d-7aaa-44f8-af4b-0eb88a2ff28b,booking,"{""content_title"": ""A Long Goodbye Panel"", ""time"": ""20:37""}",2026-04-05 20:37:00+00,2026-04-05 20:37:00+00
452452db-f67d-4ca0-81ee-20c3ce5cf977,a174a08e-6562-4e20-a2a3-ea8707604141,booking,"{""content_title"": ""Virtual Palace"", ""time"": ""15:35""}",2026-03-23 15:35:00+00,2026-03-23 15:35:00+00
2b4650d6-8895-4fdb-beb1-f6f76d7a9676,3472bb1f-bddc-4d3e-bd4e-6f6ea9886c46,booking,"{""content_title"": ""Future City Layers"", ""time"": ""10:32""}",2026-04-12 10:32:00+00,2026-04-12 10:32:00+00
dc4c38c2-8d2c-43d4-a7ca-90cd99399de7,132174fa-c732-4ddb-a60d-58ed420bc6c8,cancellation,"{""content_title"": ""Mars Colony VR"", ""time"": ""13:29""}",2026-04-03 13:29:00+00,2026-04-03 13:29:00+00
1fbf1d65-036b-449b-9729-371ff9bb3450,c037def8-2641-4aaa-a9cd-ff92dc9e990a,info,"{""content_title"": ""Mars Colony VR"", ""time"": ""12:16""}",2026-03-27 12:16:00+00,2026-03-27 12:16:00+00
39a2e06f-ce65-40d9-a8ca-42db07f0346e,e103d626-3bb6-43d2-8ce2-ae975d1c11e2,booking,"{""content_title"": ""Startup Pitches"", ""time"": ""09:29""}",2026-04-04 09:29:00+00,2026-04-04 09:29:00+00
0db982c0-5bf6-406f-8e16-0665edf4564b,8147959c-f687-4d38-af95-10742cfe2884,booking,"{""content_title"": ""AR Anatomy Stand"", ""time"": ""08:13""}",2026-03-30 08:13:00+00,2026-03-30 08:13:00+00
6f9e1960-17e2-4f00-bee3-1cdc3934d874,321f965b-b021-4cec-a181-47aee23d4897,booking,"{""content_title"": ""Indulto Creative Talk"", ""time"": ""17:24""}",2026-03-16 17:24:00+00,2026-03-16 17:24:00+00
3ce9fc23-eb23-4b44-8139-c6183bd41ecf,1ce558fb-0578-4ad5-b5dc-92c5de88832d,booking,"{""content_title"": ""Robotics Live"", ""time"": ""20:25""}",2026-04-12 20:25:00+00,2026-04-12 20:25:00+00
96e6227b-8e22-4779-be7c-3f904b294f97,75af8df0-9c55-4642-96d3-c6534caea481,cancellation,"{""content_title"": ""Crafting Crimes AR"", ""time"": ""15:05""}",2026-03-28 15:05:00+00,2026-03-28 15:05:00+00
476326b8-b31c-4844-adb4-c3b6a3993092,a72f3ff0-1fa2-4fab-9110-85178534ba14,booking,"{""content_title"": ""Mars Colony VR"", ""time"": ""13:32""}",2026-03-17 13:32:00+00,2026-03-17 13:32:00+00
5aa2e782-4d94-4a7b-adf2-323ce1901ed1,393edef8-4a75-42e6-8139-6214ba1afc54,booking,"{""content_title"": ""Robotics Live"", ""time"": ""13:52""}",2026-04-02 13:52:00+00,2026-04-02 13:52:00+00
51030aae-06fc-4589-9801-d31b96c16cf7,b97c16a3-420c-490a-b1f8-e6c2fa297918,booking,"{""content_title"": ""Future City Layers"", ""time"": ""18:37""}",2026-03-28 18:37:00+00,2026-03-28 18:37:00+00
3e2f4c13-e2cd-4fad-a2b5-1b7a884ff822,d9178bb7-2a19-404b-af60-650277eaee73,no_show_warning_1,"{""content_title"": ""Crafting Crimes AR"", ""time"": ""10:39""}",2026-03-29 10:39:00+00,2026-03-29 10:39:00+00
bba3b2e9-4671-481e-b725-683078ebb1df,12bb176c-92fa-4087-a2b3-1e746a5f4a41,cancellation,"{""content_title"": ""The Clouds Are Up"", ""time"": ""12:36""}",2026-04-04 12:36:00+00,2026-04-04 12:36:00+00
1fdee5a6-c55d-4c83-9519-59ad2f381f52,4e490d35-0731-44ae-9084-cddac927c22d,booking,"{""content_title"": ""A Long Goodbye Panel"", ""time"": ""18:59""}",2026-03-26 18:59:00+00,2026-03-26 18:59:00+00
1267d2d0-1870-416a-b99e-1022fd90f9fd,7a8c9b29-717a-46c7-9768-48f59b4f91d0,booking,"{""content_title"": ""Future City Layers"", ""time"": ""12:40""}",2026-04-10 12:40:00+00,2026-04-10 12:40:00+00
ed934fdb-7623-49b9-9354-c90f331336ef,2af85e44-9ff9-4fef-83bf-de7530a6c869,booking,"{""content_title"": ""Future City Layers"", ""time"": ""17:37""}",2026-03-27 17:37:00+00,2026-03-27 17:37:00+00
6826e658-b23c-4bfb-915f-1811158a61b2,77d97a73-086e-4df8-8514-e7f26bee6625,booking,"{""content_title"": ""Startup Pitches"", ""time"": ""20:30""}",2026-04-07 20:30:00+00,2026-04-07 20:30:00+00
94333d74-7997-493d-8840-65503892d864,ac3e95a4-4b20-4bd8-8e6f-3e4551c569c0,booking,"{""content_title"": ""AR Anatomy Stand"", ""time"": ""19:24""}",2026-04-07 19:24:00+00,2026-04-07 19:24:00+00
be8c1df0-21db-4e71-9b04-a390d6e06c5e,f9069bb1-a0e8-4d0e-a0de-c73595239aaa,booking,"{""content_title"": ""Deep Ocean Dive"", ""time"": ""09:35""}",2026-03-14 09:35:00+00,2026-03-14 09:35:00+00
bfb53b48-ce4d-4ade-85ef-c2fa6f2df8af,4edb20b0-49c3-4be5-9629-bc11f7a3562b,booking,"{""content_title"": ""Deep Ocean Dive"", ""time"": ""20:07""}",2026-04-08 20:07:00+00,2026-04-08 20:07:00+00
d6a03dce-26f4-44fd-8a96-611bc8c5b54d,1124ad69-800c-4e31-a45d-7b219d46e676,booking,"{""content_title"": ""Interactive History"", ""time"": ""20:24""}",2026-04-01 20:24:00+00,2026-04-01 20:24:00+00
d1cb66a4-fb7a-4cc5-9d4a-67c7dc07af8f,d8d9573e-2946-4b7c-a428-10382a7bb2ad,booking,"{""content_title"": ""Dark Rooms VR"", ""time"": ""20:55""}",2026-03-15 20:55:00+00,2026-03-15 20:55:00+00
7c434c0b-ba38-4410-9efe-380d0e913aa4,fbf7a6cf-160e-471e-9154-814666e4275d,booking,"{""content_title"": ""VC Speed Dating"", ""time"": ""10:50""}",2026-03-23 10:50:00+00,2026-03-23 10:50:00+00
09e4318d-435e-4292-b55d-8fb814c5b996,d17a8285-e0cc-47b0-b455-2a3c047ee1d5,no_show_warning_1,"{""content_title"": ""Mars Colony VR"", ""time"": ""15:03""}",2026-03-23 15:03:00+00,2026-03-23 15:03:00+00
1fe9ad73-2678-4a66-a0a2-bd922f1383cd,77642c85-e77d-472e-a630-160c6236c157,booking,"{""content_title"": ""A Long Goodbye Panel"", ""time"": ""17:31""}",2026-04-05 17:31:00+00,2026-04-05 17:31:00+00
5548b992-e555-4c6b-83a7-b162ca86ce34,2245e4ce-4868-4493-a9c4-6451303b566d,booking,"{""content_title"": ""The Clouds Are Up"", ""time"": ""11:04""}",2026-03-28 11:04:00+00,2026-03-28 11:04:00+00
fa9e1c5a-067e-4d79-bfe3-1a4175854b8a,1113c9a5-22d4-4207-9490-6f0f138b3c8f,booking,"{""content_title"": ""Web3 Showcase"", ""time"": ""08:31""}",2026-03-24 08:31:00+00,2026-03-24 08:31:00+00
523c272c-cbba-4d18-816f-89fcf0473ea2,dfa8bee4-08f0-44f2-87e2-9cd9a473fb97,no_show_warning_1,"{""content_title"": ""Dark Rooms VR"", ""time"": ""14:04""}",2026-04-12 14:04:00+00,2026-04-12 14:04:00+00
dfa5b710-71f5-408a-af28-b060d8b50b1b,5457b5c4-1f54-4705-a0b5-8b3498339443,booking,"{""content_title"": ""Future City Layers"", ""time"": ""20:58""}",2026-03-24 20:58:00+00,2026-03-24 20:58:00+00
b384cab4-ad95-43db-ad10-585d21bf4ffe,6d8299c9-fdd7-46ca-9753-338e597ddd37,booking,"{""content_title"": ""Interactive History"", ""time"": ""13:57""}",2026-04-06 13:57:00+00,2026-04-06 13:57:00+00
6a2ee589-ebc0-4b98-a493-0c5c8ad89235,df71f24f-fa8e-45d6-ae68-c7ee0bd1f52f,booking,"{""content_title"": ""Crafting Crimes AR"", ""time"": ""16:09""}",2026-03-26 16:09:00+00,2026-03-26 16:09:00+00
b2f94d80-b76d-4169-9451-2c98220ae703,7afcb9d1-d273-41f9-8565-def270a3edfd,booking,"{""content_title"": ""The Clouds Are Up"", ""time"": ""14:19""}",2026-03-21 14:19:00+00,2026-03-21 14:19:00+00
fb70b509-ee98-4446-8b00-4fa834cc7036,0ebc598a-283e-4e85-87ef-c8c59f4dae96,no_show_warning_1,"{""content_title"": ""Crafting Crimes AR"", ""time"": ""18:56""}",2026-04-03 18:56:00+00,2026-04-03 18:56:00+00
3f8a61d6-fbfb-4bfb-b251-ce651eed52f7,3c76f0e3-485c-4547-9e76-b7a7b21a6457,booking,"{""content_title"": ""Coding 101"", ""time"": ""19:05""}",2026-04-09 19:05:00+00,2026-04-09 19:05:00+00
4c27dddd-ea8e-4bb9-9d80-568ce6d5a057,426e86e3-146c-45e8-8664-3901feaa316c,booking,"{""content_title"": ""Indulto Creative Talk"", ""time"": ""20:53""}",2026-03-20 20:53:00+00,2026-03-20 20:53:00+00
86ab810e-8482-400c-9dfe-a1a93286cd9a,53863bde-95c9-405d-ad5f-fd8773f1428e,booking,"{""content_title"": ""Virtual Palace"", ""time"": ""20:33""}",2026-04-12 20:33:00+00,2026-04-12 20:33:00+00
da1abc12-3199-459e-8acf-89a089ee753d,e725b2a8-b0d7-4159-9c1a-7395aead7836,cancellation,"{""content_title"": ""Dark Rooms VR"", ""time"": ""20:20""}",2026-03-25 20:20:00+00,2026-03-25 20:20:00+00
c9063457-bff3-4fbc-9c8c-5818ccf28182,3cc783e8-0dcf-4007-af61-6f38e2c467fd,booking,"{""content_title"": ""VC Speed Dating"", ""time"": ""08:14""}",2026-03-20 08:14:00+00,2026-03-20 08:14:00+00
0bfc5d4e-89cd-4eb1-ad3b-ff2943fd41ab,393edef8-4a75-42e6-8139-6214ba1afc54,cancellation,"{""content_title"": ""AR Anatomy Stand"", ""time"": ""13:41""}",2026-03-31 13:41:00+00,2026-03-31 13:41:00+00
2fb1a82a-ec84-48fc-a51d-26ca115e8aa8,896d923d-87a0-468c-948f-9961a4931b31,cancellation,"{""content_title"": ""Crafting Crimes AR"", ""time"": ""17:24""}",2026-04-01 17:24:00+00,2026-04-01 17:24:00+00
78a95a45-577b-4548-9320-fe850897f399,43d41247-2aee-4c74-ac3b-37be7b3404f6,booking,"{""content_title"": ""Quantum Computing Intro"", ""time"": ""15:19""}",2026-04-05 15:19:00+00,2026-04-05 15:19:00+00
7ade5252-dcda-4647-ab5f-2bbd3a6c52e5,bf3a8e89-d735-4b99-8faa-654eda84d122,booking,"{""content_title"": ""Design Thinking Workshop"", ""time"": ""10:51""}",2026-03-19 10:51:00+00,2026-03-19 10:51:00+00
eb6ac393-d4b1-41c0-8b89-583ff428d044,df71f24f-fa8e-45d6-ae68-c7ee0bd1f52f,booking,"{""content_title"": ""Virtual Palace"", ""time"": ""19:02""}",2026-03-29 19:02:00+00,2026-03-29 19:02:00+00
8e4b39e9-b208-43b7-893c-350d030b4e40,ee63f7e6-0a2a-4939-ad49-20dd1b9590aa,no_show_warning_1,"{""content_title"": ""Startup Pitches"", ""time"": ""11:37""}",2026-03-28 11:37:00+00,2026-03-28 11:37:00+00
d78527a7-ddcb-42b5-9b16-37e9d28c1b77,a892e54d-16be-4bf6-99a7-8de3420afc56,booking,"{""content_title"": ""Web3 Showcase"", ""time"": ""12:09""}",2026-04-07 12:09:00+00,2026-04-07 12:09:00+00
cf5058e7-5aa1-4bde-997c-2e64fc9169a2,33ffa9b2-1672-4142-aa4b-4467f4a84b2f,booking,"{""content_title"": ""Tech Founders Meetup"", ""time"": ""14:53""}",2026-03-27 14:53:00+00,2026-03-27 14:53:00+00
d58620b0-a57d-4fbe-b042-0b2bd2223882,d17a8285-e0cc-47b0-b455-2a3c047ee1d5,booking,"{""content_title"": ""Dark Rooms VR"", ""time"": ""09:34""}",2026-03-17 09:34:00+00,2026-03-17 09:34:00+00
d87328c0-0a94-45ec-b653-f6755819fde4,6fd20115-ac17-4bd6-9e4e-ade17819d44f,booking,"{""content_title"": ""Coding 101"", ""time"": ""16:41""}",2026-04-05 16:41:00+00,2026-04-05 16:41:00+00
dd968d18-f767-4536-a7cc-784938a082ea,8e62814c-526d-4ce9-a6d2-df25109e1132,booking,"{""content_title"": ""Deep Ocean Dive"", ""time"": ""10:56""}",2026-04-03 10:56:00+00,2026-04-03 10:56:00+00
d987ea1c-6674-49f0-93ee-3a68b4093d12,df71f24f-fa8e-45d6-ae68-c7ee0bd1f52f,booking,"{""content_title"": ""Future City Layers"", ""time"": ""15:14""}",2026-03-22 15:14:00+00,2026-03-22 15:14:00+00
ea32a99b-77ca-4970-9bad-d7a42efc8015,8147959c-f687-4d38-af95-10742cfe2884,booking,"{""content_title"": ""Mars Colony VR"", ""time"": ""20:44""}",2026-03-13 20:44:00+00,2026-03-13 20:44:00+00
d5ebb664-c680-4f54-8963-04667c75d32e,27147332-d8ad-4631-a134-2c386a2b7c46,cancellation,"{""content_title"": ""Dark Rooms VR"", ""time"": ""17:36""}",2026-04-12 17:36:00+00,2026-04-12 17:36:00+00
ce3479c6-320d-4e60-9209-edede9db99fd,8e62814c-526d-4ce9-a6d2-df25109e1132,booking,"{""content_title"": ""Deep Ocean Dive"", ""time"": ""12:34""}",2026-03-31 12:34:00+00,2026-03-31 12:34:00+00
4c30dd64-67dc-471f-a019-8675884c2dc7,b97c16a3-420c-490a-b1f8-e6c2fa297918,no_show_warning_1,"{""content_title"": ""Dark Rooms VR"", ""time"": ""10:15""}",2026-03-21 10:15:00+00,2026-03-21 10:15:00+00
12168d0f-ce6c-4c7c-a26d-4051072b8ef7,0388b60a-a6e6-4161-a081-3aecda990daa,cancellation,"{""content_title"": ""Deep Ocean Dive"", ""time"": ""11:48""}",2026-03-29 11:48:00+00,2026-03-29 11:48:00+00
2a5e2717-0d49-4b2f-ba99-70223403691c,1ffb9f99-4c7d-4b75-ae70-61521f1fb9a7,cancellation,"{""content_title"": ""Mars Colony VR"", ""time"": ""16:40""}",2026-03-22 16:40:00+00,2026-03-22 16:40:00+00
aab21951-070e-4dad-a52d-2e948a26b17f,91193ef4-776e-4c44-aecb-e2a578530dff,booking,"{""content_title"": ""A Long Goodbye Panel"", ""time"": ""19:29""}",2026-04-01 19:29:00+00,2026-04-01 19:29:00+00
7c5cffa3-955b-4ff8-90e3-d583bf98b4bc,1113c9a5-22d4-4207-9490-6f0f138b3c8f,booking,"{""content_title"": ""Quantum Computing Intro"", ""time"": ""20:53""}",2026-03-25 20:53:00+00,2026-03-25 20:53:00+00
2b9559f5-fff9-4b0b-abd3-6a21926d9975,1536a266-46bf-448e-b22d-841162e7dd1a,booking,"{""content_title"": ""Dark Rooms VR"", ""time"": ""18:30""}",2026-03-31 18:30:00+00,2026-03-31 18:30:00+00
a83bd9a6-1ef5-49b0-abd9-57339340d89a,529ec8d1-045c-4a4b-9c06-351a52ae5d9c,cancellation,"{""content_title"": ""Dark Rooms VR"", ""time"": ""12:01""}",2026-03-15 12:01:00+00,2026-03-15 12:01:00+00
0b0d1348-9516-458b-b207-2dbf2aa93247,b21fd889-1e9d-46a4-b226-a8ae8f8d5005,booking,"{""content_title"": ""Crafting Crimes AR"", ""time"": ""15:07""}",2026-04-06 15:07:00+00,2026-04-06 15:07:00+00
f9a7ab40-7b37-4557-a1d1-b9b2cff7fc4b,8e7c2c83-6897-4b6a-b96e-7d734faa63af,booking,"{""content_title"": ""B2B Matchmaking"", ""time"": ""16:40""}",2026-03-20 16:40:00+00,2026-03-20 16:40:00+00
6b5b0c6d-bb8d-4056-b138-365a9966f7fe,cf3a66c1-5d0a-44a3-8594-be2d8c2a1f96,booking,"{""content_title"": ""Crafting Crimes AR"", ""time"": ""11:23""}",2026-03-27 11:23:00+00,2026-03-27 11:23:00+00
624d9d67-b0b5-4865-8e21-643ee80b30e8,8f7f5663-db93-4434-b989-a5cc26c76a40,booking,"{""content_title"": ""The Clouds Are Up"", ""time"": ""11:17""}",2026-03-22 11:17:00+00,2026-03-22 11:17:00+00
38d68f10-56c9-489c-91f5-707aa06b7936,919df609-e2da-4432-9b33-33e7e83e6ac9,no_show_warning_1,"{""content_title"": ""Future City Layers"", ""time"": ""20:52""}",2026-03-28 20:52:00+00,2026-03-28 20:52:00+00
7fd793f3-58d1-4b22-ba1e-876bb01f85ee,c0b313d8-2e1b-463e-b226-8785aa2f70a3,info,"{""content_title"": ""Mars Colony VR"", ""time"": ""20:39""}",2026-03-18 20:39:00+00,2026-03-18 20:39:00+00
f3f9ea15-b522-4524-89f7-24d31fb5b712,a0497fed-2140-4b4c-91e6-25e7ae5cb7e2,booking,"{""content_title"": ""Interactive History"", ""time"": ""10:39""}",2026-03-18 10:39:00+00,2026-03-18 10:39:00+00
dd68d7c0-96a1-4236-a42b-286dfda51bb2,925527af-34f9-4f6a-92e8-39fe4efbb0cb,booking,"{""content_title"": ""The Clouds Are Up"", ""time"": ""13:05""}",2026-03-25 13:05:00+00,2026-03-25 13:05:00+00
8c81048c-75fd-4be9-905d-a9dfa3d54cc7,3b51a7d6-d2c0-4bdd-b46c-cc2455f41839,booking,"{""content_title"": ""The Clouds Are Up"", ""time"": ""19:50""}",2026-03-27 19:50:00+00,2026-03-27 19:50:00+00
f6a475b6-799e-48c5-a371-22edd5df7a9d,b1994724-ed90-4d4e-a85e-6eb0e2ede1b1,booking,"{""content_title"": ""B2B Matchmaking"", ""time"": ""16:16""}",2026-03-15 16:16:00+00,2026-03-15 16:16:00+00
d279eaab-3f65-4caa-b657-950d9efafd77,d9e6c49f-4828-4b18-a649-348e279d9142,booking,"{""content_title"": ""Crafting Crimes AR"", ""time"": ""20:59""}",2026-03-17 20:59:00+00,2026-03-17 20:59:00+00
7acb607e-b0a9-4c3d-959e-93bde5bfb71f,a5a1cfdd-707e-4ddc-abd6-e1e73dd3302d,no_show_warning_1,"{""content_title"": ""Future City Layers"", ""time"": ""16:45""}",2026-03-25 16:45:00+00,2026-03-25 16:45:00+00
7273df1f-cd3a-499d-a78f-e3a22206499e,921a7068-5872-4756-b38b-21a2083e46ef,booking,"{""content_title"": ""Indulto Creative Talk"", ""time"": ""13:10""}",2026-04-07 13:10:00+00,2026-04-07 13:10:00+00
bcd6242a-78da-4bf3-a434-a75857814b1d,96afb56c-6dfc-43b8-83ed-068e8c0ba925,booking,"{""content_title"": ""Virtual Palace"", ""time"": ""18:41""}",2026-03-23 18:41:00+00,2026-03-23 18:41:00+00
30916fa4-de5a-4c6d-b70a-44a4da080a81,12bb176c-92fa-4087-a2b3-1e746a5f4a41,booking,"{""content_title"": ""Mars Colony VR"", ""time"": ""08:31""}",2026-03-14 08:31:00+00,2026-03-14 08:31:00+00
8ba8ef4b-3783-4471-a3e0-99c5d099957f,27147332-d8ad-4631-a134-2c386a2b7c46,booking,"{""content_title"": ""Startup Pitches"", ""time"": ""09:13""}",2026-04-08 09:13:00+00,2026-04-08 09:13:00+00
c89cc141-d5d8-4a66-a8e1-06f3149d1bb3,ca679cdd-ed30-4715-ba2c-5c1c87476379,booking,"{""content_title"": ""Design Thinking Workshop"", ""time"": ""08:48""}",2026-03-16 08:48:00+00,2026-03-16 08:48:00+00
6f7942ec-d3b0-4c64-95d5-46deaa325fb8,c7cc0e38-5e06-49cc-9583-450265650c3a,cancellation,"{""content_title"": ""NextGen Hardware"", ""time"": ""16:05""}",2026-03-31 16:05:00+00,2026-03-31 16:05:00+00
5a470b83-8a45-4a7a-a9e0-da11a38370a8,e700f243-a7f6-496c-8c13-28ad358a215d,booking,"{""content_title"": ""Virtual Palace"", ""time"": ""14:05""}",2026-04-03 14:05:00+00,2026-04-03 14:05:00+00
32b2b5e8-a933-4388-947d-673f5556858d,1ba786a6-5ac9-4dc2-be2b-3c9f40dc498a,cancellation,"{""content_title"": ""Dark Rooms VR"", ""time"": ""20:01""}",2026-04-02 20:01:00+00,2026-04-02 20:01:00+00
4f5b3985-f55a-4701-b102-61a2af6f1e51,e9b2efe5-fc39-4c68-b7e9-92024c2064a2,cancellation,"{""content_title"": ""Coding 101"", ""time"": ""15:40""}",2026-03-22 15:40:00+00,2026-03-22 15:40:00+00
a47c4c9b-afed-44dc-83ad-915e2d457d71,b30b23c7-3745-4118-92e4-c97bf9875a59,booking,"{""content_title"": ""AR Anatomy Stand"", ""time"": ""14:14""}",2026-03-18 14:14:00+00,2026-03-18 14:14:00+00
00ea9cc5-5a3f-4a0b-994c-82e797f33fc6,d8249b92-3841-4a3f-af23-1678614e8659,booking,"{""content_title"": ""Interactive History"", ""time"": ""16:14""}",2026-03-22 16:14:00+00,2026-03-22 16:14:00+00
37bfdd1a-c0fb-4903-987e-e1099e2bc4f4,e29faec1-a74f-47b0-9742-4a65302b2ae4,cancellation,"{""content_title"": ""Deep Ocean Dive"", ""time"": ""08:46""}",2026-04-06 08:46:00+00,2026-04-06 08:46:00+00
1ca8d840-a353-4f78-aca8-0786a7ee4d5c,13e63524-b2f6-4a6e-97bb-8fbb5c9bf488,booking,"{""content_title"": ""Design Thinking Workshop"", ""time"": ""08:34""}",2026-03-28 08:34:00+00,2026-03-28 08:34:00+00
027b6150-c6a0-4966-8c64-2dad48881d2b,08693cd0-73d6-49dd-86e8-564359b27527,booking,"{""content_title"": ""Decision Maker Summit"", ""time"": ""10:30""}",2026-03-18 10:30:00+00,2026-03-18 10:30:00+00
16865af6-9e14-4688-9622-75076454d8f5,2c1a3d2d-7aaa-44f8-af4b-0eb88a2ff28b,booking,"{""content_title"": ""Indulto Creative Talk"", ""time"": ""15:49""}",2026-04-03 15:49:00+00,2026-04-03 15:49:00+00
c7b07c4d-bb72-4958-a17f-538bb4475584,331f9dc2-3de5-4a22-8efc-06502e462b34,booking,"{""content_title"": ""Crafting Crimes AR"", ""time"": ""18:54""}",2026-04-01 18:54:00+00,2026-04-01 18:54:00+00
8cdfa4c6-8cf8-40c4-82af-4a4868a80660,7f63bbb4-f145-40e2-b43c-879452ed44ea,booking,"{""content_title"": ""Quantum Computing Intro"", ""time"": ""11:08""}",2026-04-01 11:08:00+00,2026-04-01 11:08:00+00
723e8eea-ad81-480e-bce1-62254e50675f,770a6b89-138a-466b-9d84-7d772128fa0e,booking,"{""content_title"": ""Tech Founders Meetup"", ""time"": ""10:06""}",2026-03-15 10:06:00+00,2026-03-15 10:06:00+00
6bcc0eb3-0c0d-4330-ac47-b8f4e61364a7,4a81965d-92c8-4a65-b80a-a40be123471b,booking,"{""content_title"": ""A Long Goodbye Panel"", ""time"": ""16:50""}",2026-04-12 16:50:00+00,2026-04-12 16:50:00+00
9d82a9fa-1b7d-4f4e-8841-d691a2dea1f6,ea46f340-5ae0-4629-a669-5ac3c2b3eef6,booking,"{""content_title"": ""The Clouds Are Up"", ""time"": ""09:19""}",2026-03-26 09:19:00+00,2026-03-26 09:19:00+00
54884b8d-61c1-4d82-98b5-6147aebc888e,fbecec50-8b05-4caa-8a18-29a40db6cf17,booking,"{""content_title"": ""VC Speed Dating"", ""time"": ""19:03""}",2026-03-24 19:03:00+00,2026-03-24 19:03:00+00
0786543d-5803-490d-a05b-462906383817,8bb74338-1e5f-4856-a403-920f00262ffd,booking,"{""content_title"": ""Mars Colony VR"", ""time"": ""19:15""}",2026-03-29 19:15:00+00,2026-03-29 19:15:00+00
3298ae89-02fa-4448-9b91-842e21ac5044,d513073f-f3e7-495b-9ca8-c33a463a599c,booking,"{""content_title"": ""Indulto Creative Talk"", ""time"": ""09:01""}",2026-03-20 09:01:00+00,2026-03-20 09:01:00+00
155e3bc9-ac23-4eb4-9ac6-5e238b08577f,45c35909-f594-4e16-8400-71a946064e5a,info,"{""content_title"": ""AR Anatomy Stand"", ""time"": ""12:14""}",2026-03-20 12:14:00+00,2026-03-20 12:14:00+00
a168ef82-b3fb-4fab-b81c-7f63843b2e6d,6362371e-fd06-431a-8bea-5d395657a5f2,booking,"{""content_title"": ""NextGen Hardware"", ""time"": ""18:03""}",2026-03-21 18:03:00+00,2026-03-21 18:03:00+00
bf724d5b-bb9c-4ddd-b593-e49831e920ab,c03905aa-439a-4ea2-88e7-642b4464fa7f,booking,"{""content_title"": ""Mars Colony VR"", ""time"": ""18:34""}",2026-04-12 18:34:00+00,2026-04-12 18:34:00+00
0f122e2d-f08c-45dd-89b9-32a67fa3fbc4,45f4eea9-0966-489d-9128-eab5e836eb95,no_show_warning_1,"{""content_title"": ""Interactive History"", ""time"": ""16:27""}",2026-04-11 16:27:00+00,2026-04-11 16:27:00+00
085fe2ef-ad17-4c8f-961b-c5de0b69381e,df859b90-eecf-43eb-a8ac-574fbb51f4eb,booking,"{""content_title"": ""Future City Layers"", ""time"": ""08:21""}",2026-03-19 08:21:00+00,2026-03-19 08:21:00+00
c8c61184-fb13-43f6-a575-8d3ff6d24e47,cf3a66c1-5d0a-44a3-8594-be2d8c2a1f96,no_show_warning_1,"{""content_title"": ""Virtual Palace"", ""time"": ""12:23""}",2026-03-18 12:23:00+00,2026-03-18 12:23:00+00
46aeb921-d7c3-4564-9465-055836efd415,d35a8941-0da6-4bf3-ac24-748de1874163,no_show_warning_1,"{""content_title"": ""Quantum Computing Intro"", ""time"": ""15:27""}",2026-03-27 15:27:00+00,2026-03-27 15:27:00+00
43dc0461-e1b6-422b-a95c-1c6b02d1f1df,ea46f340-5ae0-4629-a669-5ac3c2b3eef6,booking,"{""content_title"": ""Future City Layers"", ""time"": ""18:21""}",2026-04-12 18:21:00+00,2026-04-12 18:21:00+00
a093a3d0-b5cb-4aa0-8c04-cf141595542d,9466fcda-cbfb-438a-81f3-aef28f258cfc,booking,"{""content_title"": ""Web3 Showcase"", ""time"": ""09:34""}",2026-04-05 09:34:00+00,2026-04-05 09:34:00+00
c46d90db-18e2-4609-9496-51c6d03a2e13,e103d626-3bb6-43d2-8ce2-ae975d1c11e2,booking,"{""content_title"": ""The Clouds Are Up"", ""time"": ""17:16""}",2026-03-22 17:16:00+00,2026-03-22 17:16:00+00
2dab76d3-efab-4cb6-947d-c46aba03dbb5,1124ad69-800c-4e31-a45d-7b219d46e676,cancellation,"{""content_title"": ""NextGen Hardware"", ""time"": ""17:45""}",2026-03-19 17:45:00+00,2026-03-19 17:45:00+00
e37c6f80-ba99-4d54-a5c4-f7a12affea7d,914ac985-071c-41a1-8b5d-17d3acfcafc7,booking,"{""content_title"": ""Mars Colony VR"", ""time"": ""12:00""}",2026-03-22 12:00:00+00,2026-03-22 12:00:00+00
1019c484-2099-46e9-82da-39f58c34d366,0c6da38a-5120-4e36-922f-8267fd2e8bd5,booking,"{""content_title"": ""Quantum Computing Intro"", ""time"": ""13:50""}",2026-03-19 13:50:00+00,2026-03-19 13:50:00+00
b81aa11c-9296-4742-a899-513d0c548fc0,6e3b8e45-03ea-48b9-a788-6d07ec89e181,booking,"{""content_title"": ""Crafting Crimes AR"", ""time"": ""10:28""}",2026-03-13 10:28:00+00,2026-03-13 10:28:00+00
549aa422-8339-411d-8b8e-9599e2b7b33f,8e62814c-526d-4ce9-a6d2-df25109e1132,booking,"{""content_title"": ""Deep Ocean Dive"", ""time"": ""19:15""}",2026-04-03 19:15:00+00,2026-04-03 19:15:00+00
8eb42cbe-33c8-479d-8937-645c7f84aa5b,226a5411-b48b-4138-94ef-c3a0f905e468,booking,"{""content_title"": ""Mars Colony VR"", ""time"": ""18:33""}",2026-03-25 18:33:00+00,2026-03-25 18:33:00+00
f05e6007-4740-451a-a66a-4b9339acba49,ca679cdd-ed30-4715-ba2c-5c1c87476379,booking,"{""content_title"": ""AR Anatomy Stand"", ""time"": ""20:04""}",2026-03-24 20:04:00+00,2026-03-24 20:04:00+00
2c7559a1-b02b-45b7-bfe5-7fdc98c867c3,ceeec536-bfe0-425e-8f03-b0ea3bb04a9c,booking,"{""content_title"": ""Coding 101"", ""time"": ""10:07""}",2026-03-19 10:07:00+00,2026-03-19 10:07:00+00
c99ae93c-dee0-4a8f-835b-5b61cb26b058,321f965b-b021-4cec-a181-47aee23d4897,booking,"{""content_title"": ""Indulto Creative Talk"", ""time"": ""20:11""}",2026-04-03 20:11:00+00,2026-04-03 20:11:00+00
ba12863a-3467-4852-951b-ac91b2a8d0dc,e0e55d1f-0fbb-4f70-9731-aa61631a7619,booking,"{""content_title"": ""AR Anatomy Stand"", ""time"": ""17:54""}",2026-04-12 17:54:00+00,2026-04-12 17:54:00+00
6a0f73a6-8471-446e-bb68-b61a604db12c,e81d17d3-b069-4df3-bfa4-dae5b0f5dd83,booking,"{""content_title"": ""Interactive History"", ""time"": ""20:22""}",2026-03-30 20:22:00+00,2026-03-30 20:22:00+00
1e2c95fd-2bf4-4b1f-b570-c84962f45712,7bdf5069-1fbc-4234-b1a2-a6c3520c4a3c,info,"{""content_title"": ""Interactive History"", ""time"": ""12:21""}",2026-04-12 12:21:00+00,2026-04-12 12:21:00+00
10a2d001-d5c8-4499-b4f2-e652df988919,d17a8285-e0cc-47b0-b455-2a3c047ee1d5,booking,"{""content_title"": ""Indulto Creative Talk"", ""time"": ""09:08""}",2026-03-16 09:08:00+00,2026-03-16 09:08:00+00
de7e3299-9f37-47f4-8a34-3ccd15e7a90d,6aa6b875-b7b2-4588-b756-233e61081026,booking,"{""content_title"": ""Mars Colony VR"", ""time"": ""17:05""}",2026-03-27 17:05:00+00,2026-03-27 17:05:00+00
f43a33b0-7610-4a2e-a73f-e957e3d826e8,3cd48b44-61a8-438c-8dad-fd7118c118ba,booking,"{""content_title"": ""Blender Modeling"", ""time"": ""16:25""}",2026-03-14 16:25:00+00,2026-03-14 16:25:00+00
5feb6417-9178-4cf6-849f-0adce574654f,6e08ac01-6708-4e8d-be27-75541640b73e,booking,"{""content_title"": ""AI in Digital Art"", ""time"": ""10:43""}",2026-03-23 10:43:00+00,2026-03-23 10:43:00+00
f056409d-dfa7-4adb-9416-d36d7da963dd,e6ac1a57-b686-48e4-813f-b871edcb41d0,booking,"{""content_title"": ""Coding 101"", ""time"": ""13:55""}",2026-03-22 13:55:00+00,2026-03-22 13:55:00+00
467ea144-963b-41a9-85e8-a7ad90370b9a,7977271f-e5ac-42ca-9486-b517ad0fa05c,booking,"{""content_title"": ""Mars Colony VR"", ""time"": ""11:30""}",2026-03-28 11:30:00+00,2026-03-28 11:30:00+00
6570445f-89f1-4c00-9509-48af6a8c8346,b30b23c7-3745-4118-92e4-c97bf9875a59,no_show_warning_1,"{""content_title"": ""Deep Ocean Dive"", ""time"": ""10:59""}",2026-03-14 10:59:00+00,2026-03-14 10:59:00+00
3ab04a8d-77c1-433a-a5a4-36b97f95766b,749c1041-1b9a-4849-8736-e625a698b968,booking,"{""content_title"": ""Deep Ocean Dive"", ""time"": ""19:56""}",2026-04-10 19:56:00+00,2026-04-10 19:56:00+00
2edda4c5-48aa-41b1-9f05-0e41797a7f10,c7cc0e38-5e06-49cc-9583-450265650c3a,booking,"{""content_title"": ""Decision Maker Summit"", ""time"": ""09:38""}",2026-03-18 09:38:00+00,2026-03-18 09:38:00+00
34105a95-4d33-44e3-8a86-f54bfea15c11,f8220a8d-5ee3-4657-bf5e-07c2cdd91742,booking,"{""content_title"": ""Indulto Creative Talk"", ""time"": ""09:25""}",2026-03-17 09:25:00+00,2026-03-17 09:25:00+00
3883be60-11bf-41b0-a449-b58d2225b796,c0744c45-e2e6-4c8b-a3e8-e8e432b0d084,booking,"{""content_title"": ""Crafting Crimes AR"", ""time"": ""15:27""}",2026-03-17 15:27:00+00,2026-03-17 15:27:00+00
b7cd3ddd-d707-4c95-a35a-75ff2043c46a,ace7bf9f-7d97-4317-a3ce-3c8482f9bc97,booking,"{""content_title"": ""NextGen Hardware"", ""time"": ""20:00""}",2026-04-09 20:00:00+00,2026-04-09 20:00:00+00
805f8d97-8e30-434f-8319-c41e100aef75,321f965b-b021-4cec-a181-47aee23d4897,booking,"{""content_title"": ""Coding 101"", ""time"": ""13:11""}",2026-03-17 13:11:00+00,2026-03-17 13:11:00+00
a366d620-ca13-4d77-9120-0ea33d0b3ef2,7bdf5069-1fbc-4234-b1a2-a6c3520c4a3c,cancellation,"{""content_title"": ""AR Anatomy Stand"", ""time"": ""10:23""}",2026-03-21 10:23:00+00,2026-03-21 10:23:00+00
ccfe8bad-90ea-4c7e-9280-d4432c67dbe6,321f965b-b021-4cec-a181-47aee23d4897,booking,"{""content_title"": ""Startup Pitches"", ""time"": ""13:35""}",2026-04-10 13:35:00+00,2026-04-10 13:35:00+00
acb81043-9013-4bf9-800d-2e38c697b0a7,12bb176c-92fa-4087-a2b3-1e746a5f4a41,booking,"{""content_title"": ""Unity Basics"", ""time"": ""17:12""}",2026-03-14 17:12:00+00,2026-03-14 17:12:00+00
2a13afec-920b-4683-bb85-039c4132397a,6b88863a-8c03-4938-adc9-75b625c861bc,no_show_warning_1,"{""content_title"": ""AR Anatomy Stand"", ""time"": ""16:56""}",2026-03-24 16:56:00+00,2026-03-24 16:56:00+00
c20b8bd5-eb3a-4abd-805e-9e5b32c97060,775b7504-5841-4e93-8231-16f210ef87a2,no_show_warning_1,"{""content_title"": ""Coding 101"", ""time"": ""10:48""}",2026-03-19 10:48:00+00,2026-03-19 10:48:00+00
ab99c102-f423-47c2-9377-c3bcbc1184b7,93cc5c49-be37-44ef-ab75-7d8f24a54386,booking,"{""content_title"": ""Virtual Palace"", ""time"": ""16:10""}",2026-04-04 16:10:00+00,2026-04-04 16:10:00+00
febd072a-9d3f-46ce-ac33-378b11970d14,3b47b00e-81a0-4b6a-bfdf-5382247b23a8,booking,"{""content_title"": ""Virtual Palace"", ""time"": ""10:45""}",2026-04-09 10:45:00+00,2026-04-09 10:45:00+00
de8b527d-33b1-45d4-aeb8-de5af6f32dc5,30222d47-e573-4bc9-8c83-bdb1fffada0e,booking,"{""content_title"": ""Tech Founders Meetup"", ""time"": ""20:12""}",2026-04-07 20:12:00+00,2026-04-07 20:12:00+00
15d41316-5b0e-4383-aea5-e9fbfc5153dc,7b9ec929-9116-49e5-8ba5-aa96481418c2,no_show_warning_1,"{""content_title"": ""B2B Matchmaking"", ""time"": ""13:45""}",2026-03-22 13:45:00+00,2026-03-22 13:45:00+00
2dadc733-3eb4-4da9-9a28-798ec28ee879,616c7af7-b31e-4d6d-a1f3-557bf59f52ad,booking,"{""content_title"": ""Interactive History"", ""time"": ""20:18""}",2026-03-24 20:18:00+00,2026-03-24 20:18:00+00
ab5bfc2a-727f-4e77-aa50-96cccaed9ee3,b29ad5d4-0aa1-4aad-b721-603b0889c479,no_show_warning_1,"{""content_title"": ""Mars Colony VR"", ""time"": ""11:21""}",2026-03-23 11:21:00+00,2026-03-23 11:21:00+00
1a1706c2-ecdb-4cdf-af60-98c4fd2b1fa2,433df672-d264-4e12-9169-a8ecaf040f10,booking,"{""content_title"": ""Robotics Live"", ""time"": ""20:27""}",2026-03-15 20:27:00+00,2026-03-15 20:27:00+00
32eb6e2b-72c0-44a6-96f9-0b9758540456,77642c85-e77d-472e-a630-160c6236c157,info,"{""content_title"": ""A Long Goodbye Panel"", ""time"": ""11:30""}",2026-03-17 11:30:00+00,2026-03-17 11:30:00+00
1d50d6eb-283f-4ccf-9f02-28348614a622,331f9dc2-3de5-4a22-8efc-06502e462b34,booking,"{""content_title"": ""The Clouds Are Up"", ""time"": ""11:42""}",2026-04-11 11:42:00+00,2026-04-11 11:42:00+00
e468c6d6-95ef-4c54-8416-e80bd63afce1,457f23f0-6e16-43d9-b0e0-8a3faf33cfd0,cancellation,"{""content_title"": ""Quantum Computing Intro"", ""time"": ""09:47""}",2026-03-22 09:47:00+00,2026-03-22 09:47:00+00
0f9158ce-2622-40ff-8dc1-e1bd7292f4e1,f142e2cb-5163-424e-bd27-a1fda1bdc285,booking,"{""content_title"": ""Deep Ocean Dive"", ""time"": ""11:55""}",2026-03-22 11:55:00+00,2026-03-22 11:55:00+00
11fd119e-6a73-400a-bc10-0c6b11ccbb6e,3d99ce2a-87ce-4d41-a8b2-695cfc52f7f3,booking,"{""content_title"": ""Dark Rooms VR"", ""time"": ""10:58""}",2026-03-26 10:58:00+00,2026-03-26 10:58:00+00
bc72a10f-ce76-41ab-bd24-0929cd7c5c77,37ac749e-1b82-474e-aae8-dfc2477b8b1b,booking,"{""content_title"": ""VC Speed Dating"", ""time"": ""17:38""}",2026-03-18 17:38:00+00,2026-03-18 17:38:00+00
f68db0ce-2fac-4f8f-8554-6e3dc5b0aace,7f63bbb4-f145-40e2-b43c-879452ed44ea,booking,"{""content_title"": ""AR Anatomy Stand"", ""time"": ""19:24""}",2026-03-23 19:24:00+00,2026-03-23 19:24:00+00
692d00d5-65e2-4d98-be88-5b5bd4b15e83,d9172c5c-ab84-45b8-94fa-86be9a4f5105,booking,"{""content_title"": ""VC Speed Dating"", ""time"": ""18:46""}",2026-03-17 18:46:00+00,2026-03-17 18:46:00+00
24ffd0c5-a85d-452c-84c3-f4cb172ab3cc,35c37ff8-7e75-4220-af7c-33f0d6164c43,booking,"{""content_title"": ""NextGen Hardware"", ""time"": ""15:45""}",2026-03-28 15:45:00+00,2026-03-28 15:45:00+00
314aadde-4bad-4738-92ec-6c1acaef3db0,b62f611c-6788-4d56-94ab-1f337e8bbf60,booking,"{""content_title"": ""Web3 Showcase"", ""time"": ""08:56""}",2026-03-28 08:56:00+00,2026-03-28 08:56:00+00
de492655-e6e6-403e-926f-d285daef5d9c,fa02f983-ed58-4d26-8bcc-9da296bec588,no_show_warning_1,"{""content_title"": ""Dark Rooms VR"", ""time"": ""17:02""}",2026-03-30 17:02:00+00,2026-03-30 17:02:00+00
e1f74705-a168-4cd5-8d0e-01921077cc22,f387723b-397a-42cd-93cb-aec8c07bff8f,booking,"{""content_title"": ""Dark Rooms VR"", ""time"": ""08:38""}",2026-03-20 08:38:00+00,2026-03-20 08:38:00+00
4de11935-eaa7-4a85-b891-a80a413db064,d8d9573e-2946-4b7c-a428-10382a7bb2ad,no_show_warning_1,"{""content_title"": ""The Clouds Are Up"", ""time"": ""18:01""}",2026-03-19 18:01:00+00,2026-03-19 18:01:00+00
6e703601-f8ae-43fa-88dc-bbdc2496f9c6,d17a8285-e0cc-47b0-b455-2a3c047ee1d5,booking,"{""content_title"": ""AI in Digital Art"", ""time"": ""12:02""}",2026-03-26 12:02:00+00,2026-03-26 12:02:00+00
7b015f48-c030-4d7c-81f6-fecb493cc93c,fa02f983-ed58-4d26-8bcc-9da296bec588,booking,"{""content_title"": ""Virtual Palace"", ""time"": ""12:46""}",2026-04-04 12:46:00+00,2026-04-04 12:46:00+00
583de8d1-65be-4a3d-b50b-b7813c49c2ff,2af85e44-9ff9-4fef-83bf-de7530a6c869,booking,"{""content_title"": ""Dark Rooms VR"", ""time"": ""10:27""}",2026-04-04 10:27:00+00,2026-04-04 10:27:00+00
e37a217b-8549-4302-a744-8fb82f4774c4,4b468df7-4954-4ea3-bf78-51fb3494e5dc,booking,"{""content_title"": ""Robotics Live"", ""time"": ""09:55""}",2026-03-23 09:55:00+00,2026-03-23 09:55:00+00
796dee14-81c0-47ee-a3ca-8233a1d41b2a,91193ef4-776e-4c44-aecb-e2a578530dff,no_show_warning_1,"{""content_title"": ""The Clouds Are Up"", ""time"": ""12:25""}",2026-04-10 12:25:00+00,2026-04-10 12:25:00+00
015f4f97-e8b5-4001-abb9-d9094f64be39,cf3a66c1-5d0a-44a3-8594-be2d8c2a1f96,booking,"{""content_title"": ""Interactive History"", ""time"": ""11:02""}",2026-03-14 11:02:00+00,2026-03-14 11:02:00+00
20d368ea-8bdc-4440-a8a2-425dc979ff61,ee63f7e6-0a2a-4939-ad49-20dd1b9590aa,booking,"{""content_title"": ""Quantum Computing Intro"", ""time"": ""08:30""}",2026-04-11 08:30:00+00,2026-04-11 08:30:00+00
0997fa0e-8704-4e32-964c-d74d54592fdc,c750922a-1f48-4b60-a864-7bae5aa25187,booking,"{""content_title"": ""AR Anatomy Stand"", ""time"": ""08:42""}",2026-04-10 08:42:00+00,2026-04-10 08:42:00+00
2d4284fa-2eed-4e45-b546-d406db2e2b01,c03905aa-439a-4ea2-88e7-642b4464fa7f,booking,"{""content_title"": ""Indulto Creative Talk"", ""time"": ""15:03""}",2026-03-17 15:03:00+00,2026-03-17 15:03:00+00
9422780a-8471-426f-82fb-fb4a48656071,50e4bea2-4a02-4da1-8dc7-beef66f1e5b5,booking,"{""content_title"": ""The Clouds Are Up"", ""time"": ""14:30""}",2026-04-10 14:30:00+00,2026-04-10 14:30:00+00
034c0b32-e188-4fd1-ae62-d56509a63fa5,b5e4e559-9122-47bd-a18f-33ca43e3790e,booking,"{""content_title"": ""Quantum Computing Intro"", ""time"": ""19:42""}",2026-03-17 19:42:00+00,2026-03-17 19:42:00+00
4ffdf839-46d6-4c72-88fb-c710bb39d96b,bf19869e-c46b-4466-9d57-992ff6a05328,no_show_warning_1,"{""content_title"": ""Startup Pitches"", ""time"": ""17:58""}",2026-04-05 17:58:00+00,2026-04-05 17:58:00+00
cbb41074-4b8d-4116-b90d-b671df7a4094,32fdbcff-b86c-4126-bc02-74beb11098ee,cancellation,"{""content_title"": ""The Clouds Are Up"", ""time"": ""12:46""}",2026-04-07 12:46:00+00,2026-04-07 12:46:00+00
0e78f202-e031-4f73-9335-717ddc3e4b6e,351336a8-c1fc-460f-a9ab-06eb05c88037,cancellation,"{""content_title"": ""NextGen Hardware"", ""time"": ""13:05""}",2026-04-01 13:05:00+00,2026-04-01 13:05:00+00
55b62ca1-39dc-4dc5-9df8-9a8f042e9efd,88071374-c4e5-45b5-bde0-ccd4d83ab836,booking,"{""content_title"": ""Future City Layers"", ""time"": ""14:25""}",2026-03-13 14:25:00+00,2026-03-13 14:25:00+00
29da120e-be74-414a-88cb-0ca1d837130b,eabbbeab-b630-40fc-b414-b77f7244b90a,booking,"{""content_title"": ""Mars Colony VR"", ""time"": ""14:20""}",2026-03-18 14:20:00+00,2026-03-18 14:20:00+00
65dfe5a0-8562-4afa-a354-8dd66631dd53,04cdf895-1973-4269-9135-92ac847243ab,booking,"{""content_title"": ""Dark Rooms VR"", ""time"": ""18:15""}",2026-03-23 18:15:00+00,2026-03-23 18:15:00+00
1b863618-085c-49d8-8776-961d87a31a5d,94c09036-861e-408a-afca-a40355f053a7,booking,"{""content_title"": ""AR Anatomy Stand"", ""time"": ""15:47""}",2026-04-03 15:47:00+00,2026-04-03 15:47:00+00
3cea9882-ba3f-498b-be63-eee17f71cb0a,58b22874-7866-499e-b41f-5eeb343aad1e,booking,"{""content_title"": ""Decision Maker Summit"", ""time"": ""10:43""}",2026-03-18 10:43:00+00,2026-03-18 10:43:00+00
413899da-03c8-400e-9a01-5c33de4e8fe4,a174a08e-6562-4e20-a2a3-ea8707604141,booking,"{""content_title"": ""Virtual Palace"", ""time"": ""11:31""}",2026-04-03 11:31:00+00,2026-04-03 11:31:00+00
35badb1b-8216-49a9-b158-c734d70f8558,b6a253e5-c989-419b-bb40-221d6db28690,booking,"{""content_title"": ""The Clouds Are Up"", ""time"": ""20:12""}",2026-04-03 20:12:00+00,2026-04-03 20:12:00+00
2829f987-abf4-4014-aa00-a37ba8f6997a,174bf56d-70d4-4290-bc7f-93d6d394cd8d,cancellation,"{""content_title"": ""Dark Rooms VR"", ""time"": ""16:44""}",2026-03-22 16:44:00+00,2026-03-22 16:44:00+00
5d0d6b2a-a043-48dc-85d6-d88fbf36e4e5,c06eaee3-78ee-4a32-9892-1a9f2fbb60bb,booking,"{""content_title"": ""Deep Ocean Dive"", ""time"": ""16:00""}",2026-03-22 16:00:00+00,2026-03-22 16:00:00+00
aa5efe71-7fb7-49eb-b6ef-51a3796d3082,22de5625-a044-4491-9e56-da8cafa79ec0,no_show_warning_1,"{""content_title"": ""The Clouds Are Up"", ""time"": ""18:01""}",2026-03-23 18:01:00+00,2026-03-23 18:01:00+00
b6a16cbe-2e3b-4b85-b547-7e64a2b78e45,e9b2efe5-fc39-4c68-b7e9-92024c2064a2,booking,"{""content_title"": ""NextGen Hardware"", ""time"": ""12:05""}",2026-03-23 12:05:00+00,2026-03-23 12:05:00+00
21e952a7-73bc-4fdf-a265-4651c44e40d7,c0b313d8-2e1b-463e-b226-8785aa2f70a3,no_show_warning_1,"{""content_title"": ""AI in Digital Art"", ""time"": ""18:06""}",2026-03-29 18:06:00+00,2026-03-29 18:06:00+00
78bad0f8-784b-4d0a-b800-f8c2777eb1c6,a02575e9-2d4e-46c4-9379-2f9af36b3bd5,booking,"{""content_title"": ""Virtual Palace"", ""time"": ""13:23""}",2026-04-09 13:23:00+00,2026-04-09 13:23:00+00
4d6a2551-70b2-4203-bccd-e5c897c95a62,45f4eea9-0966-489d-9128-eab5e836eb95,booking,"{""content_title"": ""The Clouds Are Up"", ""time"": ""16:01""}",2026-03-30 16:01:00+00,2026-03-30 16:01:00+00
ffdd52d7-d9b5-41a3-b14c-514528e73895,0dcfc06a-9ce3-436f-86a2-4be92bceff85,booking,"{""content_title"": ""Interactive History"", ""time"": ""13:15""}",2026-03-15 13:15:00+00,2026-03-15 13:15:00+00
dc92a8ac-3298-4768-a045-8397ef05886f,21fce4a1-6586-443a-bb5f-24a146baaa37,cancellation,"{""content_title"": ""The Clouds Are Up"", ""time"": ""13:55""}",2026-03-25 13:55:00+00,2026-03-25 13:55:00+00
fe5221dc-6544-4355-a7c6-11709dc1e695,3f4f15d7-9d62-47f8-8ad0-d613c7310009,booking,"{""content_title"": ""Design Thinking Workshop"", ""time"": ""15:55""}",2026-03-27 15:55:00+00,2026-03-27 15:55:00+00
68877857-5e54-4e5b-944b-757d0a9b712c,45915767-4f0e-4c5c-9cf7-872e6de6c42a,booking,"{""content_title"": ""Coding 101"", ""time"": ""09:15""}",2026-03-15 09:15:00+00,2026-03-15 09:15:00+00
0a02d7b0-5791-4e4b-b75e-14a4ea70446d,bf3a8e89-d735-4b99-8faa-654eda84d122,booking,"{""content_title"": ""Quantum Computing Intro"", ""time"": ""13:08""}",2026-03-29 13:08:00+00,2026-03-29 13:08:00+00
cccd2a8d-4a93-4400-9431-ac12ead537dd,4a8c2388-e5fc-48ff-a675-25324736a4be,booking,"{""content_title"": ""Quantum Computing Intro"", ""time"": ""16:07""}",2026-03-27 16:07:00+00,2026-03-27 16:07:00+00
0ec41b4f-2373-45d9-a42d-20f9de0c7cf0,321f965b-b021-4cec-a181-47aee23d4897,booking,"{""content_title"": ""AI in Digital Art"", ""time"": ""14:38""}",2026-04-11 14:38:00+00,2026-04-11 14:38:00+00
4e92254b-640a-40c5-aec2-7072ba6d99a2,3c76f0e3-485c-4547-9e76-b7a7b21a6457,booking,"{""content_title"": ""Unity Basics"", ""time"": ""09:51""}",2026-04-04 09:51:00+00,2026-04-04 09:51:00+00
4b75a3af-6cc4-4b9a-b649-331b74b0bcf6,a898fd75-c28f-49f2-b5b3-768330c8e4c6,booking,"{""content_title"": ""Unity Basics"", ""time"": ""12:22""}",2026-03-28 12:22:00+00,2026-03-28 12:22:00+00
1fee15d2-b6a2-4829-b4f0-702ff8bf8773,c71aec3d-6981-46eb-b73f-26679f5d0730,booking,"{""content_title"": ""Design Thinking Workshop"", ""time"": ""13:30""}",2026-04-04 13:30:00+00,2026-04-04 13:30:00+00
a6d3780c-9f71-4fec-baa9-506df040f951,9edb722a-149e-4f61-a073-0ca1d1374479,booking,"{""content_title"": ""Mars Colony VR"", ""time"": ""10:59""}",2026-03-30 10:59:00+00,2026-03-30 10:59:00+00
5dc53496-8f9d-4d63-a1eb-7d5f066ed35c,7ed4196c-c558-4ece-b593-1b1b8eabd43b,cancellation,"{""content_title"": ""NextGen Hardware"", ""time"": ""11:42""}",2026-03-26 11:42:00+00,2026-03-26 11:42:00+00
0a6996f6-abca-4b39-85de-eba2ce50ea4c,7afcb9d1-d273-41f9-8565-def270a3edfd,booking,"{""content_title"": ""Interactive History"", ""time"": ""13:16""}",2026-03-18 13:16:00+00,2026-03-18 13:16:00+00
12d6a234-11ba-4334-9ec9-d9ebad99e9d9,29899c65-faa2-4bcc-9251-919460b7cc9b,booking,"{""content_title"": ""Virtual Palace"", ""time"": ""11:24""}",2026-03-21 11:24:00+00,2026-03-21 11:24:00+00
828559c8-7366-424e-9874-19805cdc2ed8,df65a139-6c6a-4481-bc8a-2f8dd57b334a,no_show_warning_1,"{""content_title"": ""Crafting Crimes AR"", ""time"": ""13:48""}",2026-03-25 13:48:00+00,2026-03-25 13:48:00+00
37380cc6-3fe4-4075-9d90-dacd61fb903f,d4ff2cfb-4f9f-4efe-9925-fd2207ba2ce1,booking,"{""content_title"": ""Tech Founders Meetup"", ""time"": ""20:35""}",2026-03-14 20:35:00+00,2026-03-14 20:35:00+00
3286fb8f-6b30-4fda-b265-283a75ff8411,7637f86e-0822-4e8d-be2f-6b3e00ec9fbb,booking,"{""content_title"": ""Interactive History"", ""time"": ""16:28""}",2026-04-02 16:28:00+00,2026-04-02 16:28:00+00
f3d57935-ac5c-495f-87c6-3c426c0cb380,12bb176c-92fa-4087-a2b3-1e746a5f4a41,booking,"{""content_title"": ""Crafting Crimes AR"", ""time"": ""11:48""}",2026-04-10 11:48:00+00,2026-04-10 11:48:00+00
27ede5e2-df95-491c-9ede-5d2155b717ae,73abbc35-126b-48ef-ac4b-cf66924b1559,booking,"{""content_title"": ""AI in Digital Art"", ""time"": ""12:53""}",2026-04-01 12:53:00+00,2026-04-01 12:53:00+00
8184fb63-3502-47ec-afaf-ddd9b047767c,0f4147f4-f5e8-4dbe-8a91-4836df8b1139,booking,"{""content_title"": ""Robotics Live"", ""time"": ""18:54""}",2026-03-28 18:54:00+00,2026-03-28 18:54:00+00
8efec5d1-a113-45df-aec7-cf38c9589ae1,cabe02ce-7b87-4111-926f-c43bd9a3760f,booking,"{""content_title"": ""The Clouds Are Up"", ""time"": ""13:14""}",2026-03-20 13:14:00+00,2026-03-20 13:14:00+00
c3445f44-be6b-4bf8-b18e-a5e8c5d08b53,a5a1cfdd-707e-4ddc-abd6-e1e73dd3302d,booking,"{""content_title"": ""Tech Founders Meetup"", ""time"": ""20:59""}",2026-03-17 20:59:00+00,2026-03-17 20:59:00+00
da4682fe-eb9e-4f54-8c46-9b367d8e4709,616c7af7-b31e-4d6d-a1f3-557bf59f52ad,booking,"{""content_title"": ""AR Anatomy Stand"", ""time"": ""17:32""}",2026-03-25 17:32:00+00,2026-03-25 17:32:00+00
afe0e011-aee4-4d4b-a46e-e2421a1fbd7f,6ff4b208-5b5a-42dc-bae1-b44d1cb3e13d,booking,"{""content_title"": ""AR Anatomy Stand"", ""time"": ""14:34""}",2026-04-09 14:34:00+00,2026-04-09 14:34:00+00
a86d06bb-9ae6-4e21-b467-8f2bf1d125df,3472bb1f-bddc-4d3e-bd4e-6f6ea9886c46,no_show_warning_1,"{""content_title"": ""Virtual Palace"", ""time"": ""15:46""}",2026-04-01 15:46:00+00,2026-04-01 15:46:00+00
c02af4e8-4592-4d60-808f-78b82fcebdf8,4e467dbf-d947-40ff-ba44-3dd199d242b5,booking,"{""content_title"": ""Virtual Palace"", ""time"": ""19:15""}",2026-03-25 19:15:00+00,2026-03-25 19:15:00+00
b49ee797-dd20-433c-97a4-d07060b2ee90,174bf56d-70d4-4290-bc7f-93d6d394cd8d,no_show_warning_1,"{""content_title"": ""Dark Rooms VR"", ""time"": ""12:28""}",2026-04-07 12:28:00+00,2026-04-07 12:28:00+00
55738951-ba5d-4fa6-b935-4492631a0b78,88071374-c4e5-45b5-bde0-ccd4d83ab836,booking,"{""content_title"": ""Robotics Live"", ""time"": ""17:57""}",2026-04-05 17:57:00+00,2026-04-05 17:57:00+00
64eeca52-43ec-443a-ae80-20149bf882e0,b4101217-3be3-4d7c-a5e0-2651fb0320a0,no_show_warning_1,"{""content_title"": ""The Clouds Are Up"", ""time"": ""13:07""}",2026-03-22 13:07:00+00,2026-03-22 13:07:00+00
08109eaf-ec41-4ee1-b23e-1ee689f1b9a7,8f7f5663-db93-4434-b989-a5cc26c76a40,booking,"{""content_title"": ""Deep Ocean Dive"", ""time"": ""16:36""}",2026-03-23 16:36:00+00,2026-03-23 16:36:00+00
92dbf200-1e5d-4dff-b5fc-75c083710c71,d9e6c49f-4828-4b18-a649-348e279d9142,booking,"{""content_title"": ""Crafting Crimes AR"", ""time"": ""19:02""}",2026-03-21 19:02:00+00,2026-03-21 19:02:00+00
e7662fd5-cdb5-4492-ae91-beda8c9f13a2,345fb33f-58ba-4f95-b1aa-0631bec10a61,booking,"{""content_title"": ""Interactive History"", ""time"": ""14:13""}",2026-04-04 14:13:00+00,2026-04-04 14:13:00+00
91c8fb37-8e12-4a52-9189-5607c8c0d01e,fce0d00d-c664-470c-811d-38ca48ef6b44,no_show_warning_1,"{""content_title"": ""AI in Digital Art"", ""time"": ""09:24""}",2026-04-10 09:24:00+00,2026-04-10 09:24:00+00
ffefdc8f-8949-4e3b-91ae-91296ffe4216,ceeec536-bfe0-425e-8f03-b0ea3bb04a9c,booking,"{""content_title"": ""Dark Rooms VR"", ""time"": ""09:23""}",2026-03-16 09:23:00+00,2026-03-16 09:23:00+00
cec75046-9705-4e67-9b98-57d0cd6ac316,ee63f7e6-0a2a-4939-ad49-20dd1b9590aa,booking,"{""content_title"": ""Web3 Showcase"", ""time"": ""20:18""}",2026-03-31 20:18:00+00,2026-03-31 20:18:00+00
9cf6ad7c-b86b-40b7-b585-5240bbb56fc2,2973e612-ae0a-49f8-b1ab-410a6d820ef0,booking,"{""content_title"": ""B2B Matchmaking"", ""time"": ""15:14""}",2026-04-12 15:14:00+00,2026-04-12 15:14:00+00
f4647ae1-6f8a-49d6-a0eb-78a713b45d15,c99b536d-0e2e-4f31-9afd-28d06a0cfdb3,cancellation,"{""content_title"": ""NextGen Hardware"", ""time"": ""08:07""}",2026-04-12 08:07:00+00,2026-04-12 08:07:00+00
53cc6738-9973-4552-940a-39eb0fb9795e,11d18861-c594-489b-aabc-122c463ab1f5,booking,"{""content_title"": ""AR Anatomy Stand"", ""time"": ""19:07""}",2026-04-08 19:07:00+00,2026-04-08 19:07:00+00
85744ec5-fe40-473e-9589-74cb7b27fb84,2c1a3d2d-7aaa-44f8-af4b-0eb88a2ff28b,booking,"{""content_title"": ""The Clouds Are Up"", ""time"": ""08:02""}",2026-03-15 08:02:00+00,2026-03-15 08:02:00+00
9c8c6344-34d0-4ad6-a97c-431e03731399,b25adb14-07cd-467b-bf70-b2be72e499ef,no_show_warning_1,"{""content_title"": ""Dark Rooms VR"", ""time"": ""11:10""}",2026-04-10 11:10:00+00,2026-04-10 11:10:00+00
f44b40c3-d69c-44bf-b8c6-37e8ac30bc44,b61d079d-ec62-4167-8eba-09a5727aaf7f,no_show_warning_1,"{""content_title"": ""A Long Goodbye Panel"", ""time"": ""17:12""}",2026-03-28 17:12:00+00,2026-03-28 17:12:00+00
14de77c4-632a-4bd9-b987-33e50b735223,dcba661b-22b8-41a6-9d1c-ad491f079247,booking,"{""content_title"": ""Indulto Creative Talk"", ""time"": ""13:58""}",2026-03-18 13:58:00+00,2026-03-18 13:58:00+00
d4e73035-dbb2-4987-94c7-87ed55850dcd,7b9ec929-9116-49e5-8ba5-aa96481418c2,booking,"{""content_title"": ""The Clouds Are Up"", ""time"": ""09:38""}",2026-03-28 09:38:00+00,2026-03-28 09:38:00+00
5f8686f2-bbc0-4ab3-bf43-c2c94fa16b33,c750922a-1f48-4b60-a864-7bae5aa25187,no_show_warning_1,"{""content_title"": ""Dark Rooms VR"", ""time"": ""12:52""}",2026-04-10 12:52:00+00,2026-04-10 12:52:00+00
22b0592c-6b13-4913-92ae-872660b08319,f55fd040-1935-4d9f-aa6f-c27ca4e2d0d3,booking,"{""content_title"": ""Dark Rooms VR"", ""time"": ""15:22""}",2026-03-19 15:22:00+00,2026-03-19 15:22:00+00
86572212-cf81-4d31-82ac-842ff4729dff,e0e55d1f-0fbb-4f70-9731-aa61631a7619,booking,"{""content_title"": ""Dark Rooms VR"", ""time"": ""20:10""}",2026-03-13 20:10:00+00,2026-03-13 20:10:00+00
407263b9-d6c1-4cc7-95f2-828067d74f27,c293d3b1-4ec6-4f9c-b240-66951b034cfe,booking,"{""content_title"": ""Future City Layers"", ""time"": ""17:08""}",2026-04-11 17:08:00+00,2026-04-11 17:08:00+00
1db7acb9-76da-45a1-b8ed-5cdee19b4559,676484ab-84c6-4cfa-8a48-037844525bee,booking,"{""content_title"": ""NextGen Hardware"", ""time"": ""19:38""}",2026-04-12 19:38:00+00,2026-04-12 19:38:00+00
2834933d-c298-4606-9ca9-d5b8128dbfac,7bdf5069-1fbc-4234-b1a2-a6c3520c4a3c,no_show_warning_1,"{""content_title"": ""Interactive History"", ""time"": ""10:29""}",2026-03-23 10:29:00+00,2026-03-23 10:29:00+00
8a6cd6cc-5e10-490f-bcab-b310f040e180,19c86fcf-20f5-47bc-ae17-fe9c37da60a2,booking,"{""content_title"": ""Deep Ocean Dive"", ""time"": ""11:59""}",2026-04-09 11:59:00+00,2026-04-09 11:59:00+00
904cad18-3d8d-4a20-ad32-145a1ea5d5b2,12bb176c-92fa-4087-a2b3-1e746a5f4a41,booking,"{""content_title"": ""AR Anatomy Stand"", ""time"": ""13:27""}",2026-03-16 13:27:00+00,2026-03-16 13:27:00+00
96c3d0c8-a7cf-4d9c-8e4e-c2d0b1f72b4e,433df672-d264-4e12-9169-a8ecaf040f10,booking,"{""content_title"": ""Virtual Palace"", ""time"": ""18:59""}",2026-04-04 18:59:00+00,2026-04-04 18:59:00+00
eedc3ac2-be9f-495a-af25-c9d4e4cc4871,76173376-35ea-4844-a3c0-899f65c32fef,no_show_warning_1,"{""content_title"": ""The Clouds Are Up"", ""time"": ""12:30""}",2026-03-28 12:30:00+00,2026-03-28 12:30:00+00
e6444f43-d10e-43eb-816a-35d25241b55d,a174a08e-6562-4e20-a2a3-ea8707604141,booking,"{""content_title"": ""Future City Layers"", ""time"": ""20:55""}",2026-04-06 20:55:00+00,2026-04-06 20:55:00+00
b89d3b33-333d-4230-ba0a-4c4f42d6a612,d8249b92-3841-4a3f-af23-1678614e8659,booking,"{""content_title"": ""VC Speed Dating"", ""time"": ""18:40""}",2026-04-01 18:40:00+00,2026-04-01 18:40:00+00
d8a37259-1e0a-42d2-ae3a-45e50ab883ff,2d982f11-a04f-4669-9f85-2a464f241483,booking,"{""content_title"": ""The Clouds Are Up"", ""time"": ""08:12""}",2026-04-07 08:12:00+00,2026-04-07 08:12:00+00
31b74baa-d207-47c4-ba06-932a71c07d2f,73abbc35-126b-48ef-ac4b-cf66924b1559,booking,"{""content_title"": ""Deep Ocean Dive"", ""time"": ""12:09""}",2026-03-25 12:09:00+00,2026-03-25 12:09:00+00
22bf571d-b037-43ec-8f75-0cf7f3b1d400,4a81965d-92c8-4a65-b80a-a40be123471b,booking,"{""content_title"": ""A Long Goodbye Panel"", ""time"": ""20:58""}",2026-04-10 20:58:00+00,2026-04-10 20:58:00+00
90d6c633-555e-4ae8-960b-2370bf74225c,df71f24f-fa8e-45d6-ae68-c7ee0bd1f52f,booking,"{""content_title"": ""AR Anatomy Stand"", ""time"": ""12:52""}",2026-03-30 12:52:00+00,2026-03-30 12:52:00+00
22bf1d8f-cd09-4b2b-bba1-a00f3600e78f,9757a490-8a8c-4575-ad30-b96c8929687c,booking,"{""content_title"": ""Crafting Crimes AR"", ""time"": ""18:14""}",2026-04-12 18:14:00+00,2026-04-12 18:14:00+00
1e997756-b3db-48af-b6fb-6be3c847fd2c,09268899-87f9-44aa-8a63-53fb6c60b2b8,booking,"{""content_title"": ""Web3 Showcase"", ""time"": ""12:34""}",2026-03-21 12:34:00+00,2026-03-21 12:34:00+00
2f199d5f-ad6b-4b66-a1f9-6b03375aca5c,71bf25c5-1679-447c-afa4-db21a5c7ea79,no_show_warning_1,"{""content_title"": ""Web3 Showcase"", ""time"": ""20:37""}",2026-03-28 20:37:00+00,2026-03-28 20:37:00+00
6b745f15-61a6-440f-b984-4e5e78914e04,4e490d35-0731-44ae-9084-cddac927c22d,booking,"{""content_title"": ""B2B Matchmaking"", ""time"": ""17:18""}",2026-03-22 17:18:00+00,2026-03-22 17:18:00+00
ac1641fe-32b6-43fb-a566-dae0d079b1a5,9ee87649-9f68-4fcf-972f-cfa20f0d83d2,booking,"{""content_title"": ""Design Thinking Workshop"", ""time"": ""11:20""}",2026-04-07 11:20:00+00,2026-04-07 11:20:00+00
9f383f5e-6233-45c6-b6d6-5722f519f2fd,f2df112c-a597-43e7-9419-ad49a3fd8cf1,booking,"{""content_title"": ""AI in Digital Art"", ""time"": ""14:08""}",2026-04-10 14:08:00+00,2026-04-10 14:08:00+00
10908bdf-505c-481d-8c31-9b49ef92d4a9,c750922a-1f48-4b60-a864-7bae5aa25187,booking,"{""content_title"": ""AR Anatomy Stand"", ""time"": ""18:20""}",2026-04-01 18:20:00+00,2026-04-01 18:20:00+00
c9ad5e25-fa6a-43f8-b09f-21fd9fc2fb25,426e86e3-146c-45e8-8664-3901feaa316c,booking,"{""content_title"": ""Startup Pitches"", ""time"": ""13:39""}",2026-04-08 13:39:00+00,2026-04-08 13:39:00+00
e1951dec-06cc-4254-aaf1-f54da66a6e2b,345fb33f-58ba-4f95-b1aa-0631bec10a61,booking,"{""content_title"": ""Robotics Live"", ""time"": ""15:13""}",2026-03-26 15:13:00+00,2026-03-26 15:13:00+00
e63125de-bbf7-41a2-938f-78b4d8448caf,d8d9573e-2946-4b7c-a428-10382a7bb2ad,booking,"{""content_title"": ""Mars Colony VR"", ""time"": ""17:00""}",2026-03-23 17:00:00+00,2026-03-23 17:00:00+00
4330102c-8308-42d0-a838-d6e15517bcaf,919df609-e2da-4432-9b33-33e7e83e6ac9,booking,"{""content_title"": ""Interactive History"", ""time"": ""08:44""}",2026-03-17 08:44:00+00,2026-03-17 08:44:00+00
c673b2ab-cab6-45c0-9846-4ddd67d50681,38a8e9c2-2364-46d7-bc67-d36cb0ab13fb,booking,"{""content_title"": ""Web3 Showcase"", ""time"": ""11:51""}",2026-04-01 11:51:00+00,2026-04-01 11:51:00+00
62cf41d1-8f06-4eff-a847-586f6d09e6f3,e29faec1-a74f-47b0-9742-4a65302b2ae4,booking,"{""content_title"": ""The Clouds Are Up"", ""time"": ""08:52""}",2026-04-11 08:52:00+00,2026-04-11 08:52:00+00
6a26f400-17e8-444a-8a0c-d534ea3c5f46,fce0d00d-c664-470c-811d-38ca48ef6b44,booking,"{""content_title"": ""A Long Goodbye Panel"", ""time"": ""11:15""}",2026-03-25 11:15:00+00,2026-03-25 11:15:00+00
97725952-8e77-482f-a9da-47eb6f7e8892,62239915-ec25-47b9-b4d5-c2af7e41072c,cancellation,"{""content_title"": ""Quantum Computing Intro"", ""time"": ""19:30""}",2026-04-06 19:30:00+00,2026-04-06 19:30:00+00
b64bb401-4d3f-48cd-81db-4a7f5f3791b1,cbed2d9b-e3ce-420e-88cd-65d78ca34c39,no_show_warning_1,"{""content_title"": ""Future City Layers"", ""time"": ""14:25""}",2026-03-27 14:25:00+00,2026-03-27 14:25:00+00
e4059fee-128c-45e6-96dd-057842e534d7,9803becc-e1fd-4cc3-ac4c-b4cdd8aeb526,booking,"{""content_title"": ""Indulto Creative Talk"", ""time"": ""11:13""}",2026-03-29 11:13:00+00,2026-03-29 11:13:00+00
94da20dd-6b20-4875-9594-e83823485dda,529ec8d1-045c-4a4b-9c06-351a52ae5d9c,booking,"{""content_title"": ""Mars Colony VR"", ""time"": ""12:56""}",2026-03-26 12:56:00+00,2026-03-26 12:56:00+00
ac18e884-afac-4a21-81f1-4ebfca2d4766,9a773e20-523f-426d-b32b-2f5f8aaa75c9,booking,"{""content_title"": ""Deep Ocean Dive"", ""time"": ""18:55""}",2026-03-25 18:55:00+00,2026-03-25 18:55:00+00
c3cfb52d-0547-4648-966a-3c7fadfc89e0,ace7bf9f-7d97-4317-a3ce-3c8482f9bc97,booking,"{""content_title"": ""Tech Founders Meetup"", ""time"": ""19:54""}",2026-03-29 19:54:00+00,2026-03-29 19:54:00+00
f0dfad0a-2d25-4633-99a1-ded39f3691bc,2b0712dd-7b8a-48ba-a639-ae2121f9c101,no_show_warning_1,"{""content_title"": ""Crafting Crimes AR"", ""time"": ""14:27""}",2026-04-08 14:27:00+00,2026-04-08 14:27:00+00
6d98c9f2-cd09-4497-bab3-ff1bab173543,89963218-7750-4ee8-acf5-18336e8104c7,booking,"{""content_title"": ""Future City Layers"", ""time"": ""15:09""}",2026-04-04 15:09:00+00,2026-04-04 15:09:00+00
6ecd20e3-5e10-45f8-a642-c24bb10d5e21,0ebc598a-283e-4e85-87ef-c8c59f4dae96,booking,"{""content_title"": ""The Clouds Are Up"", ""time"": ""16:24""}",2026-04-10 16:24:00+00,2026-04-10 16:24:00+00
41c9d82e-81d6-439d-8281-23f5f45330ab,321f965b-b021-4cec-a181-47aee23d4897,booking,"{""content_title"": ""The Clouds Are Up"", ""time"": ""20:03""}",2026-03-17 20:03:00+00,2026-03-17 20:03:00+00
cf62d624-883b-4265-989c-7f3f5e0b50dd,33ffa9b2-1672-4142-aa4b-4467f4a84b2f,booking,"{""content_title"": ""NextGen Hardware"", ""time"": ""14:44""}",2026-04-02 14:44:00+00,2026-04-02 14:44:00+00
2a37a6fa-a1b1-4803-bab1-3a349eacf794,2c1a3d2d-7aaa-44f8-af4b-0eb88a2ff28b,no_show_warning_1,"{""content_title"": ""Design Thinking Workshop"", ""time"": ""20:54""}",2026-04-03 20:54:00+00,2026-04-03 20:54:00+00
160ea90c-925e-40df-a32e-78c1ec8b9f4b,179b67ee-3487-490f-8152-b90c0bdbecc3,booking,"{""content_title"": ""The Clouds Are Up"", ""time"": ""12:18""}",2026-04-07 12:18:00+00,2026-04-07 12:18:00+00
ea67cc69-0ce0-4c3c-b274-449fcfc08de9,45c35909-f594-4e16-8400-71a946064e5a,cancellation,"{""content_title"": ""Interactive History"", ""time"": ""20:32""}",2026-04-09 20:32:00+00,2026-04-09 20:32:00+00
801376c6-a362-4eaf-8953-94f7906ede7a,b29ad5d4-0aa1-4aad-b721-603b0889c479,booking,"{""content_title"": ""Dark Rooms VR"", ""time"": ""16:49""}",2026-03-27 16:49:00+00,2026-03-27 16:49:00+00
7974daef-3149-4dfb-9c6e-a22ad3ea0d33,4a8c2388-e5fc-48ff-a675-25324736a4be,no_show_warning_1,"{""content_title"": ""Web3 Showcase"", ""time"": ""15:23""}",2026-03-17 15:23:00+00,2026-03-17 15:23:00+00
6d821d86-1855-4cc5-a22f-a27f17b56acd,cc683572-8de7-4e28-bca0-0e6ca0a2770e,booking,"{""content_title"": ""The Clouds Are Up"", ""time"": ""08:14""}",2026-04-02 08:14:00+00,2026-04-02 08:14:00+00
45d8ac3b-fa88-47fd-9ec7-d5bd8165059a,c31b13ed-ac4c-4bb2-8fa5-3907b47310a8,booking,"{""content_title"": ""Quantum Computing Intro"", ""time"": ""20:29""}",2026-04-04 20:29:00+00,2026-04-04 20:29:00+00
4e6ca83b-f25c-453d-aa04-622a4eea4c33,213cf34b-1792-4a91-89a9-a380f66d1a06,booking,"{""content_title"": ""Tech Founders Meetup"", ""time"": ""11:55""}",2026-04-10 11:55:00+00,2026-04-10 11:55:00+00
82360f6f-b994-4457-8665-b769410c668a,0bdb6e3e-4bf0-4595-b9bb-f769266a06ab,booking,"{""content_title"": ""Blender Modeling"", ""time"": ""16:56""}",2026-04-09 16:56:00+00,2026-04-09 16:56:00+00
a94781df-ff52-4b81-91bf-dbf829dcbee2,e9b2efe5-fc39-4c68-b7e9-92024c2064a2,booking,"{""content_title"": ""VC Speed Dating"", ""time"": ""18:45""}",2026-04-05 18:45:00+00,2026-04-05 18:45:00+00
f55fa3b1-411d-4027-8775-f87846ac517a,b3f4cd8d-2550-444e-8b59-a81c905c208a,cancellation,"{""content_title"": ""Interactive History"", ""time"": ""19:51""}",2026-03-13 19:51:00+00,2026-03-13 19:51:00+00
9e6fcdd6-33cc-4ba6-a4c8-2b972b8a2de8,76173376-35ea-4844-a3c0-899f65c32fef,booking,"{""content_title"": ""The Clouds Are Up"", ""time"": ""13:17""}",2026-04-06 13:17:00+00,2026-04-06 13:17:00+00
ed545cf7-6b4e-416d-bb20-cba04b947a8b,ddbee405-3f8c-4ae6-b3cb-d569dbf39227,no_show_warning_1,"{""content_title"": ""Deep Ocean Dive"", ""time"": ""19:21""}",2026-04-08 19:21:00+00,2026-04-08 19:21:00+00
b3cc921f-9778-44b1-aad6-bf7c07b9abb0,df859b90-eecf-43eb-a8ac-574fbb51f4eb,booking,"{""content_title"": ""The Clouds Are Up"", ""time"": ""09:33""}",2026-03-24 09:33:00+00,2026-03-24 09:33:00+00
4b509084-a8a2-486c-abdc-bd8908c34106,0674ef1b-dba5-4d38-82a8-f24747c3548e,booking,"{""content_title"": ""Robotics Live"", ""time"": ""14:37""}",2026-03-31 14:37:00+00,2026-03-31 14:37:00+00
06362872-8533-47a9-b127-f755fa2322f4,fd0075c6-adc4-42ee-a128-fedbf22a6746,booking,"{""content_title"": ""The Clouds Are Up"", ""time"": ""19:47""}",2026-04-03 19:47:00+00,2026-04-03 19:47:00+00
8ab918bf-ec09-467c-91b0-5191a91b8e7e,ea3b32a3-eec0-47ff-9f69-f1d00a9cfa8c,booking,"{""content_title"": ""Mars Colony VR"", ""time"": ""09:57""}",2026-04-01 09:57:00+00,2026-04-01 09:57:00+00
13e9a1f1-f443-450f-905a-a938e1062984,a174a08e-6562-4e20-a2a3-ea8707604141,booking,"{""content_title"": ""The Clouds Are Up"", ""time"": ""15:00""}",2026-03-16 15:00:00+00,2026-03-16 15:00:00+00
865bd573-50cc-49d3-8779-657411ead0f2,8f7f5663-db93-4434-b989-a5cc26c76a40,cancellation,"{""content_title"": ""Virtual Palace"", ""time"": ""13:47""}",2026-04-05 13:47:00+00,2026-04-05 13:47:00+00
59e128ea-d4db-48ea-8d66-042c8d79194f,1ffb9f99-4c7d-4b75-ae70-61521f1fb9a7,info,"{""content_title"": ""Future City Layers"", ""time"": ""16:25""}",2026-04-12 16:25:00+00,2026-04-12 16:25:00+00
95e6aae2-ba27-4885-9621-3a349e3c9c21,72961cc2-ae0e-41e4-97f5-ba776f8f0606,booking,"{""content_title"": ""Web3 Showcase"", ""time"": ""11:31""}",2026-03-21 11:31:00+00,2026-03-21 11:31:00+00
2e2eeda5-f94d-476f-805c-630b6aa1753b,6d57b99a-5bc5-46ae-aee4-65e77e712f35,cancellation,"{""content_title"": ""Coding 101"", ""time"": ""10:02""}",2026-03-28 10:02:00+00,2026-03-28 10:02:00+00
d6e58afa-8ce5-4781-a184-f5b67c451cd1,0388b60a-a6e6-4161-a081-3aecda990daa,cancellation,"{""content_title"": ""Deep Ocean Dive"", ""time"": ""19:44""}",2026-03-25 19:44:00+00,2026-03-25 19:44:00+00
23cd981b-9eff-4844-902b-deda8ed7e980,dcba661b-22b8-41a6-9d1c-ad491f079247,booking,"{""content_title"": ""AI in Digital Art"", ""time"": ""20:00""}",2026-03-23 20:00:00+00,2026-03-23 20:00:00+00
deb462f3-8a8c-46bc-af76-f70a25489ac6,1c8a6763-d23e-4719-a453-89a75cdc93e5,booking,"{""content_title"": ""Deep Ocean Dive"", ""time"": ""15:43""}",2026-03-28 15:43:00+00,2026-03-28 15:43:00+00
e752e341-4499-46f5-89fa-ebaad82c4141,8a5b291a-c7c1-443a-94ff-322ebe3b8afc,booking,"{""content_title"": ""Interactive History"", ""time"": ""20:27""}",2026-03-25 20:27:00+00,2026-03-25 20:27:00+00
579fd897-360e-438f-8093-eee698010483,7f63bbb4-f145-40e2-b43c-879452ed44ea,booking,"{""content_title"": ""Crafting Crimes AR"", ""time"": ""19:27""}",2026-03-24 19:27:00+00,2026-03-24 19:27:00+00
9be34e74-7f13-4e49-998e-bf4a87c16994,6e46d3f8-dc5a-4ce8-8a82-49b420cedc94,booking,"{""content_title"": ""Robotics Live"", ""time"": ""13:35""}",2026-04-07 13:35:00+00,2026-04-07 13:35:00+00
71e6f80d-0394-4018-adb1-cefcbd0442cb,7637f86e-0822-4e8d-be2f-6b3e00ec9fbb,booking,"{""content_title"": ""AR Anatomy Stand"", ""time"": ""10:54""}",2026-04-05 10:54:00+00,2026-04-05 10:54:00+00
0a2fcbbd-668b-4e05-8109-858462e47a93,132174fa-c732-4ddb-a60d-58ed420bc6c8,booking,"{""content_title"": ""Interactive History"", ""time"": ""09:11""}",2026-03-20 09:11:00+00,2026-03-20 09:11:00+00
dcdb47c2-16e3-470b-801c-f7be1fcccf91,3b47b00e-81a0-4b6a-bfdf-5382247b23a8,booking,"{""content_title"": ""Virtual Palace"", ""time"": ""20:36""}",2026-04-11 20:36:00+00,2026-04-11 20:36:00+00
e0cf262d-baf3-45ed-b6ec-82ac0ed5b685,ea46f340-5ae0-4629-a669-5ac3c2b3eef6,booking,"{""content_title"": ""The Clouds Are Up"", ""time"": ""20:03""}",2026-03-27 20:03:00+00,2026-03-27 20:03:00+00
7ce9bb41-d5eb-4125-b8ec-af4672f6f132,c750922a-1f48-4b60-a864-7bae5aa25187,booking,"{""content_title"": ""Dark Rooms VR"", ""time"": ""09:22""}",2026-03-31 09:22:00+00,2026-03-31 09:22:00+00
2ca7e5ed-e227-4615-806e-8d1b9ece4c52,fd0075c6-adc4-42ee-a128-fedbf22a6746,booking,"{""content_title"": ""Virtual Palace"", ""time"": ""08:43""}",2026-03-15 08:43:00+00,2026-03-15 08:43:00+00
cc6741b3-2e9e-4b5f-972e-00a2aeffbedc,2b0712dd-7b8a-48ba-a639-ae2121f9c101,booking,"{""content_title"": ""Future City Layers"", ""time"": ""20:27""}",2026-04-03 20:27:00+00,2026-04-03 20:27:00+00
5bbd1a2f-c576-45e6-ae13-99e2c3a70b22,dfa8bee4-08f0-44f2-87e2-9cd9a473fb97,no_show_warning_1,"{""content_title"": ""A Long Goodbye Panel"", ""time"": ""10:36""}",2026-03-26 10:36:00+00,2026-03-26 10:36:00+00
5bbd4c70-5fa6-4601-935b-d08e4293cb5d,43d41247-2aee-4c74-ac3b-37be7b3404f6,booking,"{""content_title"": ""Unity Basics"", ""time"": ""17:12""}",2026-04-10 17:12:00+00,2026-04-10 17:12:00+00
cf64c73a-b906-4cc6-9ec1-8ad592046daa,ee0788b9-3f4e-4a87-ba02-c0602c726a29,booking,"{""content_title"": ""A Long Goodbye Panel"", ""time"": ""13:33""}",2026-03-17 13:33:00+00,2026-03-17 13:33:00+00
6b20ce22-a122-4819-a7f8-d0f3545f3885,cc0dd2b7-4f5e-4902-acea-8ae1900de0ea,booking,"{""content_title"": ""Robotics Live"", ""time"": ""09:21""}",2026-03-30 09:21:00+00,2026-03-30 09:21:00+00
96010a45-1211-46b4-afb4-e05ee1c0fcd7,c0b313d8-2e1b-463e-b226-8785aa2f70a3,info,"{""content_title"": ""AI in Digital Art"", ""time"": ""10:06""}",2026-03-26 10:06:00+00,2026-03-26 10:06:00+00
25d03dad-fe5a-418f-904b-c63a712753d9,3cd48b44-61a8-438c-8dad-fd7118c118ba,booking,"{""content_title"": ""Future City Layers"", ""time"": ""16:26""}",2026-04-09 16:26:00+00,2026-04-09 16:26:00+00
4bfe3561-9edd-441c-9060-c3f6915aacf3,b24da865-72df-4e3c-af0c-db91cd6443c1,booking,"{""content_title"": ""Interactive History"", ""time"": ""14:33""}",2026-03-26 14:33:00+00,2026-03-26 14:33:00+00
99c46798-337e-46ad-913d-6d3f250b2a2d,cb75249f-ece6-48f8-b0e7-0f9460fe11ed,booking,"{""content_title"": ""AI in Digital Art"", ""time"": ""20:28""}",2026-04-08 20:28:00+00,2026-04-08 20:28:00+00
af73cb9b-1923-4a07-adf9-705f2f335fb5,213cf34b-1792-4a91-89a9-a380f66d1a06,booking,"{""content_title"": ""Quantum Computing Intro"", ""time"": ""12:47""}",2026-03-25 12:47:00+00,2026-03-25 12:47:00+00
53e7f2b0-3216-4e0c-88ee-63e4d0fce67a,c7fd26c2-15a2-4b30-9a50-363efcec68a9,booking,"{""content_title"": ""Mars Colony VR"", ""time"": ""12:50""}",2026-03-14 12:50:00+00,2026-03-14 12:50:00+00
95b438ce-c075-46bc-8201-cbdda1675192,e103d626-3bb6-43d2-8ce2-ae975d1c11e2,no_show_warning_1,"{""content_title"": ""Startup Pitches"", ""time"": ""09:52""}",2026-04-09 09:52:00+00,2026-04-09 09:52:00+00
2c48d79a-8500-4da0-a3e0-fce98ea21b33,c0d8a412-d081-4240-9b6e-5dd37819255d,booking,"{""content_title"": ""The Clouds Are Up"", ""time"": ""14:37""}",2026-03-15 14:37:00+00,2026-03-15 14:37:00+00
322fcb7b-0500-4b6d-9f99-500496640071,b9228f3a-0e72-48c5-95c1-a5377bcddb11,booking,"{""content_title"": ""AR Anatomy Stand"", ""time"": ""11:03""}",2026-04-07 11:03:00+00,2026-04-07 11:03:00+00
74c62e2b-e5fb-4a92-9de9-71ae18fc40a3,27540865-aaa0-4c49-860d-fc262dec2b2e,no_show_warning_1,"{""content_title"": ""Dark Rooms VR"", ""time"": ""13:53""}",2026-03-16 13:53:00+00,2026-03-16 13:53:00+00
8b712a7a-46de-4b65-b2ca-fd97d141d8df,3dc8a799-a463-4e77-a4c6-0824cc23588c,booking,"{""content_title"": ""Deep Ocean Dive"", ""time"": ""19:42""}",2026-03-27 19:42:00+00,2026-03-27 19:42:00+00
63415531-ea1e-41cc-a6d3-7f98e62214fa,67c87fc9-9291-4e72-b262-5a7e48896dc7,no_show_warning_1,"{""content_title"": ""The Clouds Are Up"", ""time"": ""09:33""}",2026-03-17 09:33:00+00,2026-03-17 09:33:00+00
ca10854a-32b6-476b-8824-f9989d0b723c,b24da865-72df-4e3c-af0c-db91cd6443c1,booking,"{""content_title"": ""Mars Colony VR"", ""time"": ""08:36""}",2026-03-21 08:36:00+00,2026-03-21 08:36:00+00
76147433-f776-4e6f-8366-34f9e5d2980b,3f4f15d7-9d62-47f8-8ad0-d613c7310009,booking,"{""content_title"": ""Robotics Live"", ""time"": ""20:19""}",2026-04-08 20:19:00+00,2026-04-08 20:19:00+00
98e4c177-6ce3-412f-9f4f-6f09adbd6987,de6a5aaf-d001-430a-a43d-0389c9291aff,booking,"{""content_title"": ""The Clouds Are Up"", ""time"": ""11:55""}",2026-03-25 11:55:00+00,2026-03-25 11:55:00+00
cac60151-7ed4-4df8-9b9f-d0508087f216,0388b60a-a6e6-4161-a081-3aecda990daa,booking,"{""content_title"": ""AI in Digital Art"", ""time"": ""11:56""}",2026-04-10 11:56:00+00,2026-04-10 11:56:00+00
1c3fbec1-56c6-4ffc-b8d0-be5d8e2af384,cf3a66c1-5d0a-44a3-8594-be2d8c2a1f96,booking,"{""content_title"": ""VC Speed Dating"", ""time"": ""09:52""}",2026-03-17 09:52:00+00,2026-03-17 09:52:00+00
31ddd3b5-9167-457f-869e-9fae36a7a06c,8f7f5663-db93-4434-b989-a5cc26c76a40,booking,"{""content_title"": ""Interactive History"", ""time"": ""17:10""}",2026-04-12 17:10:00+00,2026-04-12 17:10:00+00
a4733430-46de-42fa-b189-eab37e6f87b3,c91331ed-1e32-4944-9f26-447f7ff12eae,no_show_warning_1,"{""content_title"": ""The Clouds Are Up"", ""time"": ""14:05""}",2026-04-01 14:05:00+00,2026-04-01 14:05:00+00
e1971c8b-c307-4e53-89b2-c483a1f0a6a5,df859b90-eecf-43eb-a8ac-574fbb51f4eb,cancellation,"{""content_title"": ""Startup Pitches"", ""time"": ""09:14""}",2026-04-06 09:14:00+00,2026-04-06 09:14:00+00
9f4a4663-2a67-4f72-9110-51cdf16a253e,0c6da38a-5120-4e36-922f-8267fd2e8bd5,booking,"{""content_title"": ""Startup Pitches"", ""time"": ""10:53""}",2026-04-08 10:53:00+00,2026-04-08 10:53:00+00
12e1510d-9b6a-4bb5-8378-b09108e6662b,a174a08e-6562-4e20-a2a3-ea8707604141,cancellation,"{""content_title"": ""AR Anatomy Stand"", ""time"": ""09:09""}",2026-03-24 09:09:00+00,2026-03-24 09:09:00+00
4d731aa6-636e-4ea8-ad03-06b4dceca901,96012577-2346-420b-ba9b-c193fa5b98bb,no_show_warning_1,"{""content_title"": ""Crafting Crimes AR"", ""time"": ""11:13""}",2026-04-03 11:13:00+00,2026-04-03 11:13:00+00
6bfebe6a-6d92-4c9e-ac21-88ce4088d269,3b51a7d6-d2c0-4bdd-b46c-cc2455f41839,booking,"{""content_title"": ""Deep Ocean Dive"", ""time"": ""11:13""}",2026-03-17 11:13:00+00,2026-03-17 11:13:00+00
b44258fe-ba57-4ace-9ce8-8379e1539cfd,a75ec81d-b74a-4c20-8696-6354ff23b945,booking,"{""content_title"": ""Future City Layers"", ""time"": ""17:17""}",2026-04-03 17:17:00+00,2026-04-03 17:17:00+00
d7dd1fce-2ff1-490f-8167-9aa47f26d80a,bf19869e-c46b-4466-9d57-992ff6a05328,no_show_warning_1,"{""content_title"": ""Dark Rooms VR"", ""time"": ""09:23""}",2026-04-09 09:23:00+00,2026-04-09 09:23:00+00
d0480a03-bd2a-4e60-9174-9bb07e135ee8,dca4776f-6566-46dd-bbf9-81a15e7a9a0d,booking,"{""content_title"": ""A Long Goodbye Panel"", ""time"": ""19:12""}",2026-03-20 19:12:00+00,2026-03-20 19:12:00+00
2edee3d3-e141-493b-b24c-332a33bd272a,c7fd26c2-15a2-4b30-9a50-363efcec68a9,booking,"{""content_title"": ""Virtual Palace"", ""time"": ""18:23""}",2026-03-26 18:23:00+00,2026-03-26 18:23:00+00
ab34e7d9-e926-4208-9705-a884049b9f85,a72f3ff0-1fa2-4fab-9110-85178534ba14,no_show_warning_1,"{""content_title"": ""Dark Rooms VR"", ""time"": ""18:33""}",2026-03-22 18:33:00+00,2026-03-22 18:33:00+00
5a7a19d1-542f-4481-9840-24bf01215da1,1113c9a5-22d4-4207-9490-6f0f138b3c8f,no_show_warning_1,"{""content_title"": ""Crafting Crimes AR"", ""time"": ""15:49""}",2026-03-29 15:49:00+00,2026-03-29 15:49:00+00
b393f93d-40af-49db-928c-5ead71390644,e1ae4ee5-228d-49b6-9288-d7007c0d78ff,booking,"{""content_title"": ""Startup Pitches"", ""time"": ""12:50""}",2026-03-16 12:50:00+00,2026-03-16 12:50:00+00
63496b4c-616b-41f8-aceb-2a0d876f6615,3b51a7d6-d2c0-4bdd-b46c-cc2455f41839,booking,"{""content_title"": ""Crafting Crimes AR"", ""time"": ""13:18""}",2026-04-02 13:18:00+00,2026-04-02 13:18:00+00
a622344a-a64f-4f67-8a5c-3dae20264301,b97c16a3-420c-490a-b1f8-e6c2fa297918,booking,"{""content_title"": ""VC Speed Dating"", ""time"": ""19:25""}",2026-04-09 19:25:00+00,2026-04-09 19:25:00+00
f3356831-e15c-447f-84ac-b14f357241bb,742f7d7d-139c-4560-be95-891f07f9a8c5,booking,"{""content_title"": ""Interactive History"", ""time"": ""15:14""}",2026-04-12 15:14:00+00,2026-04-12 15:14:00+00
469b6e39-5d6a-4746-b705-c01bdfadb7c0,94c09036-861e-408a-afca-a40355f053a7,booking,"{""content_title"": ""Web3 Showcase"", ""time"": ""16:26""}",2026-04-10 16:26:00+00,2026-04-10 16:26:00+00
5b148dd4-fbd7-44eb-af35-71f6e165df37,b25adb14-07cd-467b-bf70-b2be72e499ef,booking,"{""content_title"": ""Tech Founders Meetup"", ""time"": ""12:55""}",2026-03-24 12:55:00+00,2026-03-24 12:55:00+00
ade0e097-4741-4b54-beec-d3f3d355659d,49a516c4-89e4-46eb-8bfb-6053e3e30b88,booking,"{""content_title"": ""Dark Rooms VR"", ""time"": ""11:30""}",2026-04-05 11:30:00+00,2026-04-05 11:30:00+00
0e892494-d26b-453e-85ef-3c750b29928c,96afb56c-6dfc-43b8-83ed-068e8c0ba925,booking,"{""content_title"": ""Deep Ocean Dive"", ""time"": ""12:32""}",2026-03-25 12:32:00+00,2026-03-25 12:32:00+00
2a116c21-598c-423f-8a22-2958e1518c5a,5457b5c4-1f54-4705-a0b5-8b3498339443,booking,"{""content_title"": ""Crafting Crimes AR"", ""time"": ""09:14""}",2026-03-13 09:14:00+00,2026-03-13 09:14:00+00
1cc6e759-24aa-495d-b0e9-f16a6b169f64,0f4147f4-f5e8-4dbe-8a91-4836df8b1139,booking,"{""content_title"": ""Design Thinking Workshop"", ""time"": ""14:02""}",2026-03-14 14:02:00+00,2026-03-14 14:02:00+00
d0b94953-4b38-4c1b-bc1c-49d2dcd3d9d4,7ed4196c-c558-4ece-b593-1b1b8eabd43b,no_show_warning_1,"{""content_title"": ""Blender Modeling"", ""time"": ""16:36""}",2026-04-09 16:36:00+00,2026-04-09 16:36:00+00
123fb913-a0a9-42d6-b764-ca9ab6cc0fb1,433df672-d264-4e12-9169-a8ecaf040f10,cancellation,"{""content_title"": ""Deep Ocean Dive"", ""time"": ""20:25""}",2026-03-16 20:25:00+00,2026-03-16 20:25:00+00
f86dc5cd-a86b-44d7-aab9-84898d9b8998,d4ff2cfb-4f9f-4efe-9925-fd2207ba2ce1,booking,"{""content_title"": ""Decision Maker Summit"", ""time"": ""14:18""}",2026-03-22 14:18:00+00,2026-03-22 14:18:00+00
3d6e4ff0-56a3-4900-a931-773fed00ec2d,22de5625-a044-4491-9e56-da8cafa79ec0,booking,"{""content_title"": ""Virtual Palace"", ""time"": ""09:27""}",2026-04-01 09:27:00+00,2026-04-01 09:27:00+00
e9639298-af55-4b8a-bf67-04dd238e274e,321f965b-b021-4cec-a181-47aee23d4897,booking,"{""content_title"": ""Indulto Creative Talk"", ""time"": ""19:45""}",2026-03-31 19:45:00+00,2026-03-31 19:45:00+00
e839ee98-326f-4947-97e9-1bec29698bb1,878fadea-23af-4f58-87ed-46a070606bc5,no_show_warning_1,"{""content_title"": ""Dark Rooms VR"", ""time"": ""20:09""}",2026-03-13 20:09:00+00,2026-03-13 20:09:00+00
50e35fad-411e-4087-96f5-08e74d31b07f,c99b536d-0e2e-4f31-9afd-28d06a0cfdb3,booking,"{""content_title"": ""Quantum Computing Intro"", ""time"": ""13:49""}",2026-03-19 13:49:00+00,2026-03-19 13:49:00+00
25add7fa-b45c-44b6-8c2d-719ce8cefaf8,ae2ef6ac-a1ab-4965-8060-c5e1532d364c,booking,"{""content_title"": ""AR Anatomy Stand"", ""time"": ""18:43""}",2026-04-02 18:43:00+00,2026-04-02 18:43:00+00
2745870a-c88c-4423-ab41-89276740359a,a13904cb-9b75-47dd-8b10-ead2631b3ad2,booking,"{""content_title"": ""Decision Maker Summit"", ""time"": ""19:50""}",2026-03-26 19:50:00+00,2026-03-26 19:50:00+00
a023b5f0-f850-40be-9687-d235d806f7e3,df767688-a2f6-4dac-8c8e-40c9311129d7,booking,"{""content_title"": ""Blender Modeling"", ""time"": ""14:09""}",2026-03-21 14:09:00+00,2026-03-21 14:09:00+00
d2398c82-5d81-4d8d-99f8-8f391095bb1d,50e4bea2-4a02-4da1-8dc7-beef66f1e5b5,booking,"{""content_title"": ""The Clouds Are Up"", ""time"": ""08:16""}",2026-04-10 08:16:00+00,2026-04-10 08:16:00+00
72ec3ac2-52af-4eb4-a74a-8fd11810e01a,bd60d8ae-7cbd-407c-8a7e-439a739785c9,booking,"{""content_title"": ""NextGen Hardware"", ""time"": ""15:00""}",2026-03-13 15:00:00+00,2026-03-13 15:00:00+00
b6e14a94-fc46-4018-a038-f0534900746f,ddbee405-3f8c-4ae6-b3cb-d569dbf39227,booking,"{""content_title"": ""Dark Rooms VR"", ""time"": ""15:23""}",2026-03-26 15:23:00+00,2026-03-26 15:23:00+00
27dd1140-f66d-4dd4-bf29-82551c544ab8,01e07a57-8dc3-48c0-ad1d-194dcf7c163f,booking,"{""content_title"": ""Tech Founders Meetup"", ""time"": ""16:28""}",2026-03-20 16:28:00+00,2026-03-20 16:28:00+00
4cae9bc5-6b26-4676-ad11-21bed9bf1873,7afcb9d1-d273-41f9-8565-def270a3edfd,no_show_warning_1,"{""content_title"": ""Crafting Crimes AR"", ""time"": ""18:53""}",2026-03-21 18:53:00+00,2026-03-21 18:53:00+00
c78d3e65-1d5a-41e3-af52-aa82dab46995,bd6983cd-8c18-4f75-9a39-8f0f77f25806,booking,"{""content_title"": ""Quantum Computing Intro"", ""time"": ""13:02""}",2026-03-28 13:02:00+00,2026-03-28 13:02:00+00
4a1297e3-f31a-4b0d-a933-91f483064a79,2b6c0c87-8c5f-4efd-bced-3f006dbc1637,booking,"{""content_title"": ""AI in Digital Art"", ""time"": ""15:11""}",2026-04-04 15:11:00+00,2026-04-04 15:11:00+00
c68a22d0-ae68-4306-9106-af7a7932977a,6e8b0bc3-fd27-4d01-a13c-14a9a6aa03bb,booking,"{""content_title"": ""Deep Ocean Dive"", ""time"": ""14:44""}",2026-04-03 14:44:00+00,2026-04-03 14:44:00+00
18c1048c-6192-4278-b3a4-911003f3d7fb,6b88863a-8c03-4938-adc9-75b625c861bc,booking,"{""content_title"": ""Indulto Creative Talk"", ""time"": ""19:21""}",2026-03-24 19:21:00+00,2026-03-24 19:21:00+00
cae5961a-1681-4533-a456-0074c266be2f,749c1041-1b9a-4849-8736-e625a698b968,no_show_warning_1,"{""content_title"": ""Virtual Palace"", ""time"": ""20:17""}",2026-04-09 20:17:00+00,2026-04-09 20:17:00+00
c50174a1-d9a2-4b80-b631-36ca5dee0f37,f5612848-1f2a-4cf6-bf02-84e9dee0f36e,no_show_warning_1,"{""content_title"": ""Future City Layers"", ""time"": ""17:18""}",2026-03-16 17:18:00+00,2026-03-16 17:18:00+00
29ab2bfb-18c0-482c-bb9c-ca40ff8f7aa6,d9172c5c-ab84-45b8-94fa-86be9a4f5105,booking,"{""content_title"": ""Mars Colony VR"", ""time"": ""19:07""}",2026-03-15 19:07:00+00,2026-03-15 19:07:00+00
44fee1fb-b67a-4eab-b5df-ea9ff2753555,6d8299c9-fdd7-46ca-9753-338e597ddd37,booking,"{""content_title"": ""A Long Goodbye Panel"", ""time"": ""12:49""}",2026-03-28 12:49:00+00,2026-03-28 12:49:00+00
10902a14-4bc1-47e6-bd4a-24382edc0a75,016e8bcf-c403-418d-a471-a465749ad584,no_show_warning_1,"{""content_title"": ""Interactive History"", ""time"": ""10:14""}",2026-04-11 10:14:00+00,2026-04-11 10:14:00+00
92989073-a41c-4cfc-945b-f473169a9a1a,1c3b5719-ffc6-46c7-b0b0-2418ac429821,no_show_warning_1,"{""content_title"": ""AI in Digital Art"", ""time"": ""16:23""}",2026-04-05 16:23:00+00,2026-04-05 16:23:00+00
a4519915-a8a7-46f2-9bf7-35fb1f443a44,add9a632-67e1-46ec-86b4-6c83b944ef6d,booking,"{""content_title"": ""Quantum Computing Intro"", ""time"": ""09:22""}",2026-03-16 09:22:00+00,2026-03-16 09:22:00+00
3446b041-86f2-45f1-8666-572ba1fb874c,2c7c9331-ffa1-4b87-81c0-2ce4c66873f7,booking,"{""content_title"": ""Coding 101"", ""time"": ""18:43""}",2026-03-31 18:43:00+00,2026-03-31 18:43:00+00
d49d09d7-05d9-4cc9-90a5-8e08b0c8d096,e7281ca4-6342-4d28-8837-63791e77015b,booking,"{""content_title"": ""Indulto Creative Talk"", ""time"": ""12:13""}",2026-03-14 12:13:00+00,2026-03-14 12:13:00+00
1a14419b-7a06-4952-b637-7017f3a09b0e,0dcfc06a-9ce3-436f-86a2-4be92bceff85,no_show_warning_1,"{""content_title"": ""Crafting Crimes AR"", ""time"": ""13:58""}",2026-04-06 13:58:00+00,2026-04-06 13:58:00+00
2df74382-b94b-40af-9b73-82fbf8b52e97,b1994724-ed90-4d4e-a85e-6eb0e2ede1b1,booking,"{""content_title"": ""VC Speed Dating"", ""time"": ""11:07""}",2026-03-15 11:07:00+00,2026-03-15 11:07:00+00
b74670d0-b920-4456-a113-a9f4043c1194,6e3b8e45-03ea-48b9-a788-6d07ec89e181,booking,"{""content_title"": ""Robotics Live"", ""time"": ""16:53""}",2026-04-03 16:53:00+00,2026-04-03 16:53:00+00
edef8135-b618-416b-b325-c2ac0ffbf78e,f8220a8d-5ee3-4657-bf5e-07c2cdd91742,booking,"{""content_title"": ""Mars Colony VR"", ""time"": ""10:07""}",2026-03-30 10:07:00+00,2026-03-30 10:07:00+00
cd6f0327-ed3d-477a-9464-e01132f1020a,8e62814c-526d-4ce9-a6d2-df25109e1132,booking,"{""content_title"": ""Dark Rooms VR"", ""time"": ""11:08""}",2026-03-23 11:08:00+00,2026-03-23 11:08:00+00
bc3a21d2-2b43-4f56-abde-eaff8d0674de,fa02f983-ed58-4d26-8bcc-9da296bec588,booking,"{""content_title"": ""B2B Matchmaking"", ""time"": ""13:48""}",2026-04-10 13:48:00+00,2026-04-10 13:48:00+00
094d2ce7-5552-4a2a-b999-0d449bbe9ee7,d3d237b3-4919-4983-89b9-dc26e55f2dab,cancellation,"{""content_title"": ""VC Speed Dating"", ""time"": ""11:49""}",2026-03-28 11:49:00+00,2026-03-28 11:49:00+00
16cb6e56-23bf-4afd-8e30-d61fa73ae5b9,012d71da-7843-4252-b3d6-5ce91009b92d,no_show_warning_1,"{""content_title"": ""Web3 Showcase"", ""time"": ""19:25""}",2026-03-30 19:25:00+00,2026-03-30 19:25:00+00
47b56dc1-3f54-42af-b118-990293de18d0,43d41247-2aee-4c74-ac3b-37be7b3404f6,info,"{""content_title"": ""A Long Goodbye Panel"", ""time"": ""09:10""}",2026-03-23 09:10:00+00,2026-03-23 09:10:00+00
ca068642-7f60-4d02-b0f8-368052ec2160,a892e54d-16be-4bf6-99a7-8de3420afc56,booking,"{""content_title"": ""NextGen Hardware"", ""time"": ""12:42""}",2026-03-26 12:42:00+00,2026-03-26 12:42:00+00
789469e2-214e-42bb-8a9e-66d6f3f122a6,b161e856-35b4-414b-8c26-4b9db77c07c8,no_show_warning_1,"{""content_title"": ""Robotics Live"", ""time"": ""18:26""}",2026-03-22 18:26:00+00,2026-03-22 18:26:00+00
cf7efc23-66e2-4342-85ab-a82a2c0919dd,a5674600-02fc-4ee2-a534-ebffca2035c7,booking,"{""content_title"": ""Virtual Palace"", ""time"": ""09:27""}",2026-03-26 09:27:00+00,2026-03-26 09:27:00+00
d93e2545-3682-4bf8-9b48-4f32e27169b2,62239915-ec25-47b9-b4d5-c2af7e41072c,booking,"{""content_title"": ""Quantum Computing Intro"", ""time"": ""14:27""}",2026-03-20 14:27:00+00,2026-03-20 14:27:00+00
fb8d983d-6e8f-4044-8471-054063d1c125,e12b894d-5b13-4f3e-bcc6-1de577ee9a25,cancellation,"{""content_title"": ""AR Anatomy Stand"", ""time"": ""17:41""}",2026-03-19 17:41:00+00,2026-03-19 17:41:00+00
3069d80d-e785-4134-a596-745eb2f9f417,e7281ca4-6342-4d28-8837-63791e77015b,booking,"{""content_title"": ""AR Anatomy Stand"", ""time"": ""10:44""}",2026-03-24 10:44:00+00,2026-03-24 10:44:00+00
1e5150eb-c3f1-4df7-8dd8-49965b8bac5e,b8ecce1e-90cc-43e8-b0f2-2d03a4333611,booking,"{""content_title"": ""Virtual Palace"", ""time"": ""10:34""}",2026-03-16 10:34:00+00,2026-03-16 10:34:00+00
7444541d-008c-4ac7-ab7e-f20dccff7d2b,4a81965d-92c8-4a65-b80a-a40be123471b,booking,"{""content_title"": ""Design Thinking Workshop"", ""time"": ""17:02""}",2026-03-15 17:02:00+00,2026-03-15 17:02:00+00
d0e8cfb1-0bd0-4c49-81d3-598e50a5198c,67c87fc9-9291-4e72-b262-5a7e48896dc7,booking,"{""content_title"": ""Interactive History"", ""time"": ""11:28""}",2026-03-18 11:28:00+00,2026-03-18 11:28:00+00
b9753882-9acd-4d55-a5ed-d0ea120e760f,347ac645-9f57-48e3-902c-1cef77f27a66,booking,"{""content_title"": ""Indulto Creative Talk"", ""time"": ""09:16""}",2026-03-19 09:16:00+00,2026-03-19 09:16:00+00
a0572f72-59ed-405d-a3bb-8fa56b785825,cf3a66c1-5d0a-44a3-8594-be2d8c2a1f96,booking,"{""content_title"": ""AI in Digital Art"", ""time"": ""16:55""}",2026-03-19 16:55:00+00,2026-03-19 16:55:00+00
d860b33a-77ac-4f99-abb2-7bf7cf00dd6b,12bb176c-92fa-4087-a2b3-1e746a5f4a41,booking,"{""content_title"": ""Future City Layers"", ""time"": ""11:39""}",2026-04-01 11:39:00+00,2026-04-01 11:39:00+00
c859364a-a1af-45a7-b7c8-4dbe952b3479,fb93b7d1-fec1-4e07-b8da-f88881d857ef,booking,"{""content_title"": ""Mars Colony VR"", ""time"": ""20:19""}",2026-04-12 20:19:00+00,2026-04-12 20:19:00+00
cd9aa86f-f63c-47a1-a7cf-9f13b8219958,4dda6dc5-6400-418f-9aaf-f4eafe837e87,booking,"{""content_title"": ""B2B Matchmaking"", ""time"": ""16:52""}",2026-04-09 16:52:00+00,2026-04-09 16:52:00+00
5b82660d-2220-40c2-ba4d-0cfd6da5399f,ddbee405-3f8c-4ae6-b3cb-d569dbf39227,cancellation,"{""content_title"": ""The Clouds Are Up"", ""time"": ""17:42""}",2026-03-19 17:42:00+00,2026-03-19 17:42:00+00
8eefc9ac-91b7-491d-be53-442e0a401b90,a86d0932-5971-464a-a06f-a50b8c8602ee,booking,"{""content_title"": ""AI in Digital Art"", ""time"": ""17:40""}",2026-03-19 17:40:00+00,2026-03-19 17:40:00+00
cb841631-ef18-4d7c-b8c2-5da1787a605d,0a736495-cb89-446b-9e7a-24151d2fb8e5,booking,"{""content_title"": ""Virtual Palace"", ""time"": ""17:33""}",2026-03-28 17:33:00+00,2026-03-28 17:33:00+00
4fa26ffe-bb26-4475-8302-e1829d97f857,0c6da38a-5120-4e36-922f-8267fd2e8bd5,no_show_warning_1,"{""content_title"": ""VC Speed Dating"", ""time"": ""08:20""}",2026-03-20 08:20:00+00,2026-03-20 08:20:00+00
99f9e00a-5167-45fc-b8e9-f6af79a6672d,35c37ff8-7e75-4220-af7c-33f0d6164c43,no_show_warning_1,"{""content_title"": ""AR Anatomy Stand"", ""time"": ""13:35""}",2026-03-16 13:35:00+00,2026-03-16 13:35:00+00
50158409-65a2-46d3-930c-ecad041ea689,8e7c2c83-6897-4b6a-b96e-7d734faa63af,booking,"{""content_title"": ""VC Speed Dating"", ""time"": ""11:43""}",2026-03-13 11:43:00+00,2026-03-13 11:43:00+00
fef73ef3-a92a-472a-b0a5-c40f3f4e2fa7,495d1856-ae2c-410a-948d-513980eea4bb,booking,"{""content_title"": ""Mars Colony VR"", ""time"": ""19:47""}",2026-03-17 19:47:00+00,2026-03-17 19:47:00+00
4e97a079-6e81-4250-95d9-dc139349ce45,2ebded65-4ef7-49f5-9a7e-6dc674d75ea0,booking,"{""content_title"": ""Interactive History"", ""time"": ""20:05""}",2026-03-23 20:05:00+00,2026-03-23 20:05:00+00
ee46f2ee-b081-424a-b426-84e379150e5a,ae2ef6ac-a1ab-4965-8060-c5e1532d364c,booking,"{""content_title"": ""Future City Layers"", ""time"": ""13:24""}",2026-04-03 13:24:00+00,2026-04-03 13:24:00+00
7f15aca7-5a0c-426d-a24d-02f8a7ef54ec,1ffb9f99-4c7d-4b75-ae70-61521f1fb9a7,cancellation,"{""content_title"": ""Unity Basics"", ""time"": ""08:34""}",2026-03-31 08:34:00+00,2026-03-31 08:34:00+00
b699f370-78ce-49cf-8420-552377dbffd0,4e490d35-0731-44ae-9084-cddac927c22d,booking,"{""content_title"": ""The Clouds Are Up"", ""time"": ""11:42""}",2026-04-08 11:42:00+00,2026-04-08 11:42:00+00
39aee634-e609-4bee-b526-3463c00d6701,c91331ed-1e32-4944-9f26-447f7ff12eae,info,"{""content_title"": ""Virtual Palace"", ""time"": ""17:59""}",2026-03-24 17:59:00+00,2026-03-24 17:59:00+00
81c9fd6d-b4bf-440d-9c40-31e6bad3c910,f5d33f4a-c746-4609-9562-f11441bed53a,booking,"{""content_title"": ""Crafting Crimes AR"", ""time"": ""13:39""}",2026-03-15 13:39:00+00,2026-03-15 13:39:00+00
9cc69334-d315-4560-82f5-b5d090d8a5d4,e4af2d47-535e-4aa8-a02b-d5773de2654b,booking,"{""content_title"": ""The Clouds Are Up"", ""time"": ""12:01""}",2026-03-23 12:01:00+00,2026-03-23 12:01:00+00
40c4c0cc-f8d1-4f86-9eb7-580ef704200e,77d97a73-086e-4df8-8514-e7f26bee6625,no_show_warning_1,"{""content_title"": ""A Long Goodbye Panel"", ""time"": ""15:55""}",2026-04-06 15:55:00+00,2026-04-06 15:55:00+00
4539722c-51b4-49bd-84e7-a68e3f7df958,51b0d19d-210d-42ac-92e0-c1beeeb96ec5,booking,"{""content_title"": ""Future City Layers"", ""time"": ""16:17""}",2026-03-27 16:17:00+00,2026-03-27 16:17:00+00
62f0bed7-7229-41a6-9574-b77f1124d764,add9a632-67e1-46ec-86b4-6c83b944ef6d,booking,"{""content_title"": ""Robotics Live"", ""time"": ""17:29""}",2026-04-07 17:29:00+00,2026-04-07 17:29:00+00
98d6f8ee-e8cd-47b6-ba47-93d2ecc496dc,13e63524-b2f6-4a6e-97bb-8fbb5c9bf488,booking,"{""content_title"": ""Robotics Live"", ""time"": ""13:52""}",2026-04-02 13:52:00+00,2026-04-02 13:52:00+00
f90b55d9-8845-4e1d-abec-cf316a1be7a4,650fdd4e-bcdc-4ad8-80b1-feca69a0f6e4,booking,"{""content_title"": ""Deep Ocean Dive"", ""time"": ""18:01""}",2026-03-30 18:01:00+00,2026-03-30 18:01:00+00
ded50e8c-1e45-402b-859a-b7fff84cda2b,e4af2d47-535e-4aa8-a02b-d5773de2654b,no_show_warning_1,"{""content_title"": ""NextGen Hardware"", ""time"": ""14:34""}",2026-04-03 14:34:00+00,2026-04-03 14:34:00+00
ac25b0eb-4817-46ea-ac69-6ef19ade60fb,9757a490-8a8c-4575-ad30-b96c8929687c,booking,"{""content_title"": ""VC Speed Dating"", ""time"": ""08:49""}",2026-03-29 08:49:00+00,2026-03-29 08:49:00+00
228cba82-2879-4f8d-be44-d5230b1b48b0,52489b31-bb80-406d-a330-92f66fad186f,no_show_warning_1,"{""content_title"": ""Indulto Creative Talk"", ""time"": ""18:27""}",2026-04-04 18:27:00+00,2026-04-04 18:27:00+00
5a889f37-5192-4e53-b39f-c0c71bf73115,c9672db7-c74b-424e-b131-54c3f3426185,booking,"{""content_title"": ""Crafting Crimes AR"", ""time"": ""10:29""}",2026-03-30 10:29:00+00,2026-03-30 10:29:00+00
f09be98b-e0e0-4aa1-8dc1-570da48bf320,8dc2426e-4f11-4b51-91bb-9ee17321c0ec,booking,"{""content_title"": ""Mars Colony VR"", ""time"": ""19:26""}",2026-04-10 19:26:00+00,2026-04-10 19:26:00+00
f9cabf8b-3d38-4777-874e-8ccd43d291f5,48657c19-2347-495c-825e-dbaaf03084a0,booking,"{""content_title"": ""AR Anatomy Stand"", ""time"": ""09:14""}",2026-03-24 09:14:00+00,2026-03-24 09:14:00+00
661b42ff-ed54-4ac5-a490-22ecc1e967d0,cb75249f-ece6-48f8-b0e7-0f9460fe11ed,booking,"{""content_title"": ""Design Thinking Workshop"", ""time"": ""11:03""}",2026-03-22 11:03:00+00,2026-03-22 11:03:00+00
e40b9879-29d6-44c5-ba52-71983549c03d,19ccb46f-0e6d-4bd7-8d38-ad794397249c,booking,"{""content_title"": ""VC Speed Dating"", ""time"": ""18:43""}",2026-03-25 18:43:00+00,2026-03-25 18:43:00+00
537e2d62-5993-4d85-98bb-76069664b3a2,64cf304e-5f61-4c38-ba9f-2089bf40ed77,booking,"{""content_title"": ""The Clouds Are Up"", ""time"": ""09:06""}",2026-04-05 09:06:00+00,2026-04-05 09:06:00+00
523530d7-939d-488e-b2da-067fe22a4d37,3c76f0e3-485c-4547-9e76-b7a7b21a6457,no_show_warning_1,"{""content_title"": ""Blender Modeling"", ""time"": ""13:58""}",2026-03-31 13:58:00+00,2026-03-31 13:58:00+00
e7850ffd-3ed3-472a-9ba6-70bb740bac72,02bbd50a-8c26-4ee9-a856-54399db96c39,info,"{""content_title"": ""Mars Colony VR"", ""time"": ""20:29""}",2026-03-15 20:29:00+00,2026-03-15 20:29:00+00
d0060eef-e9fb-4af3-90a4-c6adcd6c4a47,ddbee405-3f8c-4ae6-b3cb-d569dbf39227,booking,"{""content_title"": ""Virtual Palace"", ""time"": ""20:47""}",2026-04-07 20:47:00+00,2026-04-07 20:47:00+00
9c066e56-2fe1-4d3c-8fda-f3fa793ffb3e,dd61e0d3-e9cc-45e9-9388-679ec8549004,booking,"{""content_title"": ""AR Anatomy Stand"", ""time"": ""19:32""}",2026-03-22 19:32:00+00,2026-03-22 19:32:00+00
8ef2f935-657a-4470-b431-8045d0c448e8,45915767-4f0e-4c5c-9cf7-872e6de6c42a,booking,"{""content_title"": ""Design Thinking Workshop"", ""time"": ""20:46""}",2026-03-31 20:46:00+00,2026-03-31 20:46:00+00
834b04e7-a02f-4834-9466-a58cf8a0a6c3,e7281ca4-6342-4d28-8837-63791e77015b,booking,"{""content_title"": ""Interactive History"", ""time"": ""14:12""}",2026-04-08 14:12:00+00,2026-04-08 14:12:00+00
30c5a0fa-7bd5-4176-a2c0-4b2a5e3af00e,8f228fb1-796a-44f7-a034-5da79f12f7d4,booking,"{""content_title"": ""Design Thinking Workshop"", ""time"": ""08:26""}",2026-03-18 08:26:00+00,2026-03-18 08:26:00+00
90ce2302-d804-4fbc-89d6-c846e4dda87f,94ea43d3-2754-4e91-bd34-9576c941098d,booking,"{""content_title"": ""Web3 Showcase"", ""time"": ""09:47""}",2026-04-12 09:47:00+00,2026-04-12 09:47:00+00
b1f0c9ef-c24c-4139-a451-8699666b600c,0a736495-cb89-446b-9e7a-24151d2fb8e5,booking,"{""content_title"": ""Web3 Showcase"", ""time"": ""10:12""}",2026-04-07 10:12:00+00,2026-04-07 10:12:00+00
d9b7c5c3-bb76-471b-a93f-591934076024,352198ee-66dd-4318-967f-f8dc532262d9,booking,"{""content_title"": ""The Clouds Are Up"", ""time"": ""09:11""}",2026-04-05 09:11:00+00,2026-04-05 09:11:00+00
959d9ad1-a902-4b6b-ac5c-cdb8ad74686c,96afb56c-6dfc-43b8-83ed-068e8c0ba925,booking,"{""content_title"": ""Indulto Creative Talk"", ""time"": ""09:38""}",2026-03-17 09:38:00+00,2026-03-17 09:38:00+00
48f9b914-d432-4359-8192-2b79350d47fd,ee0788b9-3f4e-4a87-ba02-c0602c726a29,booking,"{""content_title"": ""Decision Maker Summit"", ""time"": ""20:03""}",2026-03-21 20:03:00+00,2026-03-21 20:03:00+00
fb93c1a7-aaef-4121-86dc-929295e13959,ef48f56f-c3a1-42f0-97d3-38752efc487d,booking,"{""content_title"": ""AI in Digital Art"", ""time"": ""14:24""}",2026-04-04 14:24:00+00,2026-04-04 14:24:00+00
867923d2-33ed-4ae7-8fb2-6ac91a611e15,a72f3ff0-1fa2-4fab-9110-85178534ba14,info,"{""content_title"": ""AR Anatomy Stand"", ""time"": ""19:59""}",2026-03-17 19:59:00+00,2026-03-17 19:59:00+00
d99883ee-fca2-448b-8ac8-fcc8a44dc701,ee0788b9-3f4e-4a87-ba02-c0602c726a29,no_show_warning_1,"{""content_title"": ""Decision Maker Summit"", ""time"": ""17:50""}",2026-03-26 17:50:00+00,2026-03-26 17:50:00+00
edb715ae-ee04-4d17-b155-b66e943e6c70,00b85947-036c-4695-90b8-e99838d56f7d,booking,"{""content_title"": ""Crafting Crimes AR"", ""time"": ""08:16""}",2026-03-20 08:16:00+00,2026-03-20 08:16:00+00
2d7ae7e5-cb01-4ee9-a32d-3982d3acac74,499e5f16-e6ba-4646-91f0-d241497812bc,booking,"{""content_title"": ""Startup Pitches"", ""time"": ""17:52""}",2026-03-25 17:52:00+00,2026-03-25 17:52:00+00
bd611f3f-3645-4aaf-8d52-b1a1a561c173,9ee87649-9f68-4fcf-972f-cfa20f0d83d2,no_show_warning_1,"{""content_title"": ""Design Thinking Workshop"", ""time"": ""20:06""}",2026-04-12 20:06:00+00,2026-04-12 20:06:00+00
35e93570-1432-4d7a-b801-f19cceb29b63,0f4147f4-f5e8-4dbe-8a91-4836df8b1139,booking,"{""content_title"": ""Startup Pitches"", ""time"": ""17:44""}",2026-03-22 17:44:00+00,2026-03-22 17:44:00+00
86f4a31c-3303-41d1-b7f7-6e75329e32fe,58b22874-7866-499e-b41f-5eeb343aad1e,booking,"{""content_title"": ""VC Speed Dating"", ""time"": ""09:29""}",2026-03-27 09:29:00+00,2026-03-27 09:29:00+00
07b6b949-9892-4c14-a5af-6d0d77802eca,766c125a-3374-48a9-941e-3ec3eaeb6819,cancellation,"{""content_title"": ""Robotics Live"", ""time"": ""09:41""}",2026-03-26 09:41:00+00,2026-03-26 09:41:00+00
6ac5e978-33ae-4c60-b2b2-1be7beed4d69,ea3bde77-6d81-45e8-b16d-6c9bd76dec9b,booking,"{""content_title"": ""Robotics Live"", ""time"": ""09:55""}",2026-03-21 09:55:00+00,2026-03-21 09:55:00+00
b0199ae1-f654-4e2b-b413-8464bc710191,7874c490-863e-415a-b34f-bf1eb95f5bec,booking,"{""content_title"": ""B2B Matchmaking"", ""time"": ""16:22""}",2026-03-14 16:22:00+00,2026-03-14 16:22:00+00
ec950b11-d0f6-43bb-8794-baf97957c38a,3d93c110-9bbe-4850-a7d9-f03a14e731fc,booking,"{""content_title"": ""Quantum Computing Intro"", ""time"": ""08:21""}",2026-04-05 08:21:00+00,2026-04-05 08:21:00+00
b969928c-98f9-40bb-a5c7-ae36df1792ea,33ffa9b2-1672-4142-aa4b-4467f4a84b2f,booking,"{""content_title"": ""Robotics Live"", ""time"": ""12:50""}",2026-03-18 12:50:00+00,2026-03-18 12:50:00+00
e5023860-6d00-4957-a5e1-8167f778df69,e4af2d47-535e-4aa8-a02b-d5773de2654b,booking,"{""content_title"": ""Tech Founders Meetup"", ""time"": ""20:30""}",2026-03-18 20:30:00+00,2026-03-18 20:30:00+00
b9fc78ea-3f1d-4602-bb51-8f09b80fdbc3,ee0788b9-3f4e-4a87-ba02-c0602c726a29,booking,"{""content_title"": ""Tech Founders Meetup"", ""time"": ""15:07""}",2026-04-06 15:07:00+00,2026-04-06 15:07:00+00
4addb282-1dc9-4296-9225-862f80f47b4a,d653df1e-e3e0-43ce-8816-4bb6e269acdb,no_show_warning_1,"{""content_title"": ""Robotics Live"", ""time"": ""09:24""}",2026-03-23 09:24:00+00,2026-03-23 09:24:00+00
2aa94200-58d5-4fcc-9a5e-ccfe7db48622,d36f0747-4271-460f-8982-19a4819951b9,booking,"{""content_title"": ""The Clouds Are Up"", ""time"": ""15:26""}",2026-04-04 15:26:00+00,2026-04-04 15:26:00+00
d4f61886-8ddf-41c2-a265-766d55c1c983,bd6983cd-8c18-4f75-9a39-8f0f77f25806,booking,"{""content_title"": ""Tech Founders Meetup"", ""time"": ""14:59""}",2026-03-29 14:59:00+00,2026-03-29 14:59:00+00
2eec360e-281d-4699-83e0-0f6c1ad2ab05,50e4bea2-4a02-4da1-8dc7-beef66f1e5b5,booking,"{""content_title"": ""Virtual Palace"", ""time"": ""16:35""}",2026-03-14 16:35:00+00,2026-03-14 16:35:00+00
c46915d8-11f7-4bab-9693-0dc233332ae1,ae2ef6ac-a1ab-4965-8060-c5e1532d364c,booking,"{""content_title"": ""Deep Ocean Dive"", ""time"": ""09:29""}",2026-04-09 09:29:00+00,2026-04-09 09:29:00+00
dd9ad41a-07c3-4653-9dd6-57a312c1af54,3d71f36f-278a-4947-a9b8-e228eaa22a0b,booking,"{""content_title"": ""A Long Goodbye Panel"", ""time"": ""13:40""}",2026-04-08 13:40:00+00,2026-04-08 13:40:00+00
22acf4ff-cc30-49fd-8bc0-eb20657c61b7,352198ee-66dd-4318-967f-f8dc532262d9,booking,"{""content_title"": ""Startup Pitches"", ""time"": ""19:48""}",2026-03-29 19:48:00+00,2026-03-29 19:48:00+00
972b6e06-399f-4caa-869f-5a487f0a2333,b3f4cd8d-2550-444e-8b59-a81c905c208a,booking,"{""content_title"": ""Quantum Computing Intro"", ""time"": ""20:22""}",2026-03-28 20:22:00+00,2026-03-28 20:22:00+00
abf68608-3e16-4bff-bf02-7814c2643923,0674ef1b-dba5-4d38-82a8-f24747c3548e,booking,"{""content_title"": ""Quantum Computing Intro"", ""time"": ""16:03""}",2026-04-01 16:03:00+00,2026-04-01 16:03:00+00
b974ad2b-629c-48d5-8319-00e435533ecd,b1994724-ed90-4d4e-a85e-6eb0e2ede1b1,booking,"{""content_title"": ""Quantum Computing Intro"", ""time"": ""08:28""}",2026-03-14 08:28:00+00,2026-03-14 08:28:00+00
cd026f14-e903-458e-8760-3a797fca4115,250061a4-5a79-4bfe-bd1c-8fee132028c9,cancellation,"{""content_title"": ""Mars Colony VR"", ""time"": ""14:54""}",2026-03-31 14:54:00+00,2026-03-31 14:54:00+00
6dbfbd09-0610-4446-8401-a412e676aab1,161620e5-266a-4216-8307-70a9b36a4020,booking,"{""content_title"": ""AI in Digital Art"", ""time"": ""11:27""}",2026-03-18 11:27:00+00,2026-03-18 11:27:00+00
20d36f95-e44f-4cfd-9977-a87546bd9c7f,e6ac1a57-b686-48e4-813f-b871edcb41d0,no_show_warning_1,"{""content_title"": ""B2B Matchmaking"", ""time"": ""16:40""}",2026-04-02 16:40:00+00,2026-04-02 16:40:00+00
ba677980-feb7-4e3c-b99c-6acc0bc5b770,e103d626-3bb6-43d2-8ce2-ae975d1c11e2,no_show_warning_1,"{""content_title"": ""Mars Colony VR"", ""time"": ""15:32""}",2026-03-25 15:32:00+00,2026-03-25 15:32:00+00
7a23e968-c537-486a-bf2b-dd27c491e4a2,37ac749e-1b82-474e-aae8-dfc2477b8b1b,booking,"{""content_title"": ""Quantum Computing Intro"", ""time"": ""17:03""}",2026-04-09 17:03:00+00,2026-04-09 17:03:00+00
fee56f9d-5e64-4da8-9b09-61fd226539cd,dfa8bee4-08f0-44f2-87e2-9cd9a473fb97,booking,"{""content_title"": ""Deep Ocean Dive"", ""time"": ""08:04""}",2026-04-03 08:04:00+00,2026-04-03 08:04:00+00
6b02fb11-148a-44bb-9d0f-63191eddfada,d8d9573e-2946-4b7c-a428-10382a7bb2ad,booking,"{""content_title"": ""The Clouds Are Up"", ""time"": ""18:27""}",2026-03-28 18:27:00+00,2026-03-28 18:27:00+00
c61f6a8f-4c30-42f9-ae41-634c31d6b46e,039a4d47-438f-4476-88e0-3c117d0ed60d,booking,"{""content_title"": ""The Clouds Are Up"", ""time"": ""10:46""}",2026-04-12 10:46:00+00,2026-04-12 10:46:00+00
036baec3-de19-42fb-9495-abde22642a86,f6919fa0-17ba-4443-a695-9f45fa017a34,booking,"{""content_title"": ""Mars Colony VR"", ""time"": ""15:35""}",2026-03-24 15:35:00+00,2026-03-24 15:35:00+00
01becb65-672f-427a-98bc-77b99070f7d0,ef988c76-6b55-41a1-90e5-cacc349e3a08,no_show_warning_1,"{""content_title"": ""The Clouds Are Up"", ""time"": ""14:53""}",2026-04-09 14:53:00+00,2026-04-09 14:53:00+00
e89fc929-054f-48a2-b0b7-87a1c7fb0474,d653df1e-e3e0-43ce-8816-4bb6e269acdb,booking,"{""content_title"": ""Quantum Computing Intro"", ""time"": ""17:20""}",2026-03-26 17:20:00+00,2026-03-26 17:20:00+00
c26b64e1-dd9a-4581-8bcc-8c913073bf92,e725b2a8-b0d7-4159-9c1a-7395aead7836,booking,"{""content_title"": ""Deep Ocean Dive"", ""time"": ""12:12""}",2026-03-23 12:12:00+00,2026-03-23 12:12:00+00
10fa8030-3cb5-45f6-93a1-d2723c83be1a,c06eaee3-78ee-4a32-9892-1a9f2fbb60bb,booking,"{""content_title"": ""Dark Rooms VR"", ""time"": ""18:46""}",2026-03-26 18:46:00+00,2026-03-26 18:46:00+00
6d4ef7b3-02ca-46f5-a079-7f39e8baab75,e725b2a8-b0d7-4159-9c1a-7395aead7836,booking,"{""content_title"": ""Future City Layers"", ""time"": ""12:50""}",2026-04-02 12:50:00+00,2026-04-02 12:50:00+00
3ec9df07-fd83-4a41-abbb-a77cc459f435,19ccb46f-0e6d-4bd7-8d38-ad794397249c,cancellation,"{""content_title"": ""Decision Maker Summit"", ""time"": ""10:21""}",2026-04-03 10:21:00+00,2026-04-03 10:21:00+00
64164a00-b9c8-4511-9aef-4c97f693cac3,e2f0c835-ce2b-421c-bc17-4589c878fa8c,booking,"{""content_title"": ""The Clouds Are Up"", ""time"": ""08:41""}",2026-03-23 08:41:00+00,2026-03-23 08:41:00+00
c371df3d-4e01-44be-aa1f-42c69c7828a0,96012577-2346-420b-ba9b-c193fa5b98bb,booking,"{""content_title"": ""Dark Rooms VR"", ""time"": ""18:32""}",2026-03-16 18:32:00+00,2026-03-16 18:32:00+00
9d1ddede-315a-4c44-a5d2-6dd16b9129a3,b97c16a3-420c-490a-b1f8-e6c2fa297918,booking,"{""content_title"": ""Robotics Live"", ""time"": ""09:25""}",2026-03-31 09:25:00+00,2026-03-31 09:25:00+00
67270911-52f5-40e2-bc14-ab7961e6e33c,4c4b0a50-4906-4976-a8c2-c9d169cfb601,booking,"{""content_title"": ""Indulto Creative Talk"", ""time"": ""10:16""}",2026-04-09 10:16:00+00,2026-04-09 10:16:00+00
de3b6a3f-402b-40c7-a548-f2b54d3b5ecc,490bdf4e-2eb3-41e4-8229-a0d8103ccf88,no_show_warning_1,"{""content_title"": ""VC Speed Dating"", ""time"": ""10:28""}",2026-04-04 10:28:00+00,2026-04-04 10:28:00+00
f711d68e-6508-4f52-9f35-02682bc12dc2,ea46f340-5ae0-4629-a669-5ac3c2b3eef6,booking,"{""content_title"": ""Future City Layers"", ""time"": ""11:27""}",2026-03-25 11:27:00+00,2026-03-25 11:27:00+00
93ed4072-98ea-4c72-955f-686da95756db,a72f3ff0-1fa2-4fab-9110-85178534ba14,booking,"{""content_title"": ""Crafting Crimes AR"", ""time"": ""09:45""}",2026-03-23 09:45:00+00,2026-03-23 09:45:00+00
8e3ff53b-1815-47b7-8122-3cfa3781dbd2,38a8e9c2-2364-46d7-bc67-d36cb0ab13fb,booking,"{""content_title"": ""AR Anatomy Stand"", ""time"": ""08:36""}",2026-03-20 08:36:00+00,2026-03-20 08:36:00+00
5d425bc4-24b4-4abd-b53d-3a15c204e210,a41464be-6cd8-4bf9-add8-5b81107a16e0,booking,"{""content_title"": ""Deep Ocean Dive"", ""time"": ""14:22""}",2026-03-30 14:22:00+00,2026-03-30 14:22:00+00
a6e60cd5-fb93-4fb4-817b-194200244093,1ffb9f99-4c7d-4b75-ae70-61521f1fb9a7,booking,"{""content_title"": ""Dark Rooms VR"", ""time"": ""19:48""}",2026-04-03 19:48:00+00,2026-04-03 19:48:00+00
42ee6070-4fa0-4380-a851-89d1a6203432,a174a08e-6562-4e20-a2a3-ea8707604141,booking,"{""content_title"": ""Dark Rooms VR"", ""time"": ""18:33""}",2026-03-16 18:33:00+00,2026-03-16 18:33:00+00
4098e234-e34a-41ed-9c15-c7d03079cfcd,213cf34b-1792-4a91-89a9-a380f66d1a06,booking,"{""content_title"": ""Robotics Live"", ""time"": ""16:05""}",2026-03-28 16:05:00+00,2026-03-28 16:05:00+00
c2f29ee0-68f2-4b40-8abb-a16a5ea1dfd3,59633ec9-06ff-4f95-84f1-b9438013e9cf,booking,"{""content_title"": ""Robotics Live"", ""time"": ""20:16""}",2026-04-03 20:16:00+00,2026-04-03 20:16:00+00
fef68841-8360-47d6-b3d4-dece1531638e,b24da865-72df-4e3c-af0c-db91cd6443c1,booking,"{""content_title"": ""Crafting Crimes AR"", ""time"": ""10:58""}",2026-03-16 10:58:00+00,2026-03-16 10:58:00+00
876929c6-9995-4fe3-80a9-166e524c57ef,d653df1e-e3e0-43ce-8816-4bb6e269acdb,booking,"{""content_title"": ""B2B Matchmaking"", ""time"": ""16:16""}",2026-04-04 16:16:00+00,2026-04-04 16:16:00+00
856b393b-1282-48a2-95f7-bcfad97f4a51,250061a4-5a79-4bfe-bd1c-8fee132028c9,booking,"{""content_title"": ""Virtual Palace"", ""time"": ""14:42""}",2026-03-16 14:42:00+00,2026-03-16 14:42:00+00
235d5d69-2ba6-4c17-b46e-372ba5d22ff4,7bc309fe-ea85-46ab-81dc-d1ea020b053e,booking,"{""content_title"": ""Future City Layers"", ""time"": ""15:49""}",2026-04-01 15:49:00+00,2026-04-01 15:49:00+00
494bbab1-09c4-4207-87d9-0efc153caec8,c84a9325-974e-49fd-8d5a-6504c0718248,cancellation,"{""content_title"": ""Dark Rooms VR"", ""time"": ""10:39""}",2026-03-30 10:39:00+00,2026-03-30 10:39:00+00
02e695f5-8fa8-4f70-b7ca-3129b4ff86de,bf3a8e89-d735-4b99-8faa-654eda84d122,booking,"{""content_title"": ""Design Thinking Workshop"", ""time"": ""10:15""}",2026-03-30 10:15:00+00,2026-03-30 10:15:00+00
e730aaf7-6879-49dc-b535-2d7b05e2824f,2b0712dd-7b8a-48ba-a639-ae2121f9c101,booking,"{""content_title"": ""AR Anatomy Stand"", ""time"": ""14:33""}",2026-03-27 14:33:00+00,2026-03-27 14:33:00+00
08ba9f8d-2096-4d4e-9ce3-e452762a5a63,7163ab7e-705d-455c-931a-51babd826f9d,booking,"{""content_title"": ""B2B Matchmaking"", ""time"": ""18:46""}",2026-03-15 18:46:00+00,2026-03-15 18:46:00+00
ad8900a9-68e8-4116-92e1-44956d73178b,529ec8d1-045c-4a4b-9c06-351a52ae5d9c,booking,"{""content_title"": ""The Clouds Are Up"", ""time"": ""20:52""}",2026-03-21 20:52:00+00,2026-03-21 20:52:00+00
6705a93e-b44b-40fd-b1ee-df73d62cc41b,96afb56c-6dfc-43b8-83ed-068e8c0ba925,cancellation,"{""content_title"": ""A Long Goodbye Panel"", ""time"": ""17:50""}",2026-04-03 17:50:00+00,2026-04-03 17:50:00+00
f63b3c22-092e-49e5-bac3-3d14cec00ecd,770a6b89-138a-466b-9d84-7d772128fa0e,no_show_warning_1,"{""content_title"": ""Mars Colony VR"", ""time"": ""08:43""}",2026-03-30 08:43:00+00,2026-03-30 08:43:00+00
3ee61209-251c-4999-b2c5-9c99431fdf92,b5fca8c0-8ef5-4d33-a281-6a1b7fc977e9,booking,"{""content_title"": ""VC Speed Dating"", ""time"": ""16:46""}",2026-03-15 16:46:00+00,2026-03-15 16:46:00+00
0e698589-5c6c-40fb-b23d-d078cfa6e082,b1994724-ed90-4d4e-a85e-6eb0e2ede1b1,booking,"{""content_title"": ""Quantum Computing Intro"", ""time"": ""20:14""}",2026-04-03 20:14:00+00,2026-04-03 20:14:00+00
b2f0e297-5c72-46c1-aeae-1d99d0514599,cb75249f-ece6-48f8-b0e7-0f9460fe11ed,booking,"{""content_title"": ""Startup Pitches"", ""time"": ""14:04""}",2026-03-27 14:04:00+00,2026-03-27 14:04:00+00
e77de572-3a60-43c6-8684-64135794cf69,7874c490-863e-415a-b34f-bf1eb95f5bec,booking,"{""content_title"": ""Tech Founders Meetup"", ""time"": ""08:53""}",2026-04-03 08:53:00+00,2026-04-03 08:53:00+00
a9835bba-f7cf-4edb-8e16-eca6523aab58,dd61e0d3-e9cc-45e9-9388-679ec8549004,booking,"{""content_title"": ""Dark Rooms VR"", ""time"": ""09:05""}",2026-04-02 09:05:00+00,2026-04-02 09:05:00+00
0e74310e-06d8-4669-96ed-4d747c12e18b,4e467dbf-d947-40ff-ba44-3dd199d242b5,no_show_warning_1,"{""content_title"": ""AR Anatomy Stand"", ""time"": ""18:23""}",2026-04-12 18:23:00+00,2026-04-12 18:23:00+00
96f74fa3-e304-4243-ba28-459ff52cd62e,ddbee405-3f8c-4ae6-b3cb-d569dbf39227,cancellation,"{""content_title"": ""A Long Goodbye Panel"", ""time"": ""13:32""}",2026-04-04 13:32:00+00,2026-04-04 13:32:00+00
359a7397-e472-4bd0-8025-9e2ce6439c06,04cdf895-1973-4269-9135-92ac847243ab,booking,"{""content_title"": ""Mars Colony VR"", ""time"": ""08:28""}",2026-03-21 08:28:00+00,2026-03-21 08:28:00+00
b886dfa3-6195-4071-b5a5-4985540fa6e6,b61d079d-ec62-4167-8eba-09a5727aaf7f,booking,"{""content_title"": ""Virtual Palace"", ""time"": ""14:07""}",2026-03-18 14:07:00+00,2026-03-18 14:07:00+00
76e8309f-232e-4e81-99dc-8357c04233a7,e26143c6-3adf-4201-a8da-49ad490ad77e,booking,"{""content_title"": ""Robotics Live"", ""time"": ""12:07""}",2026-03-29 12:07:00+00,2026-03-29 12:07:00+00
261db9b9-2a37-4af2-9582-af420b9b5944,a13e4846-11bd-4d46-b9b9-5fab6dbcfb27,no_show_warning_1,"{""content_title"": ""Dark Rooms VR"", ""time"": ""10:56""}",2026-04-12 10:56:00+00,2026-04-12 10:56:00+00
25ab7dfe-dba7-49cc-a5c2-843e1d897bca,19ccb46f-0e6d-4bd7-8d38-ad794397249c,booking,"{""content_title"": ""NextGen Hardware"", ""time"": ""19:03""}",2026-04-05 19:03:00+00,2026-04-05 19:03:00+00
22bc611f-5d18-4d24-84e8-5e3ae85966d2,641f75ab-3d99-4832-88f9-a7ce552cc967,booking,"{""content_title"": ""Virtual Palace"", ""time"": ""09:13""}",2026-03-29 09:13:00+00,2026-03-29 09:13:00+00
4a31a7bf-bd36-43a4-b190-80ee4d143080,a13904cb-9b75-47dd-8b10-ead2631b3ad2,booking,"{""content_title"": ""B2B Matchmaking"", ""time"": ""16:30""}",2026-04-09 16:30:00+00,2026-04-09 16:30:00+00
3f3d1b84-0327-4a6d-b371-6a20df5df0a1,b9228f3a-0e72-48c5-95c1-a5377bcddb11,booking,"{""content_title"": ""Robotics Live"", ""time"": ""11:58""}",2026-04-10 11:58:00+00,2026-04-10 11:58:00+00
1222b85a-8fb3-4be5-8ed3-ba7aaa3e8af9,38fc0b77-701a-4227-ace7-3c0e7ce6d11c,booking,"{""content_title"": ""Indulto Creative Talk"", ""time"": ""10:13""}",2026-04-01 10:13:00+00,2026-04-01 10:13:00+00
c7ea2bea-10ff-43a7-8d51-86d0958b0da4,35c37ff8-7e75-4220-af7c-33f0d6164c43,no_show_warning_1,"{""content_title"": ""AR Anatomy Stand"", ""time"": ""11:55""}",2026-04-04 11:55:00+00,2026-04-04 11:55:00+00
a933985f-5425-4d4d-9d57-4ed4f4468af7,3d71f36f-278a-4947-a9b8-e228eaa22a0b,booking,"{""content_title"": ""Web3 Showcase"", ""time"": ""08:41""}",2026-03-31 08:41:00+00,2026-03-31 08:41:00+00
17275048-07e4-4cde-8776-6d45970b9a63,b25adb14-07cd-467b-bf70-b2be72e499ef,booking,"{""content_title"": ""The Clouds Are Up"", ""time"": ""13:48""}",2026-04-08 13:48:00+00,2026-04-08 13:48:00+00
921b3b75-693d-4ffd-bf7a-519c3aa7f71f,495d1856-ae2c-410a-948d-513980eea4bb,booking,"{""content_title"": ""Interactive History"", ""time"": ""19:23""}",2026-04-05 19:23:00+00,2026-04-05 19:23:00+00
640cd18d-f1b1-409c-a6cd-1e411be43bb0,6d57b99a-5bc5-46ae-aee4-65e77e712f35,booking,"{""content_title"": ""Web3 Showcase"", ""time"": ""09:42""}",2026-04-10 09:42:00+00,2026-04-10 09:42:00+00
93ded928-e476-4d77-ae4b-515915bfb01c,4b468df7-4954-4ea3-bf78-51fb3494e5dc,booking,"{""content_title"": ""Blender Modeling"", ""time"": ""16:16""}",2026-03-15 16:16:00+00,2026-03-15 16:16:00+00
ab341311-13d8-4c3a-becc-aae33c7e2dda,6be2dd5b-220c-4159-aded-df9258d956e6,booking,"{""content_title"": ""A Long Goodbye Panel"", ""time"": ""19:35""}",2026-03-30 19:35:00+00,2026-03-30 19:35:00+00
dce46bcc-ce05-41d8-a942-1730642d01b2,554a820a-73ec-4123-a3e5-1e551a823a4a,booking,"{""content_title"": ""Indulto Creative Talk"", ""time"": ""08:51""}",2026-03-28 08:51:00+00,2026-03-28 08:51:00+00
bd71a2e7-0bab-4fb6-9781-1bc38cc8eef8,650fdd4e-bcdc-4ad8-80b1-feca69a0f6e4,booking,"{""content_title"": ""Interactive History"", ""time"": ""14:16""}",2026-03-16 14:16:00+00,2026-03-16 14:16:00+00
77d4423a-d186-449c-b4e3-e01c1939b3a2,e1ae4ee5-228d-49b6-9288-d7007c0d78ff,no_show_warning_1,"{""content_title"": ""Mars Colony VR"", ""time"": ""15:29""}",2026-04-12 15:29:00+00,2026-04-12 15:29:00+00
8fcfabfd-1dd6-4c56-a4da-7f770c553b1e,8147959c-f687-4d38-af95-10742cfe2884,booking,"{""content_title"": ""Deep Ocean Dive"", ""time"": ""10:01""}",2026-04-11 10:01:00+00,2026-04-11 10:01:00+00
47e98c7e-c2fa-42d1-b410-85fc3d133212,3059dd5f-0285-450b-82f4-1fa418289b58,booking,"{""content_title"": ""NextGen Hardware"", ""time"": ""09:28""}",2026-04-09 09:28:00+00,2026-04-09 09:28:00+00
4a27ed2d-e4a3-49cf-97b2-94ae2b60f2d4,8e7c2c83-6897-4b6a-b96e-7d734faa63af,booking,"{""content_title"": ""Robotics Live"", ""time"": ""19:00""}",2026-03-21 19:00:00+00,2026-03-21 19:00:00+00
dddb6cc4-fe22-4f97-8f0f-adb05d723979,e0e55d1f-0fbb-4f70-9731-aa61631a7619,cancellation,"{""content_title"": ""Decision Maker Summit"", ""time"": ""18:11""}",2026-03-15 18:11:00+00,2026-03-15 18:11:00+00
2290fa77-8843-4e9f-9712-155eb24092ba,91be28a7-872d-4f19-96a0-85278e3494ac,booking,"{""content_title"": ""Startup Pitches"", ""time"": ""08:26""}",2026-03-23 08:26:00+00,2026-03-23 08:26:00+00
2797f061-cba9-4f88-b198-fe4536c266d8,71bf25c5-1679-447c-afa4-db21a5c7ea79,booking,"{""content_title"": ""Robotics Live"", ""time"": ""13:29""}",2026-03-19 13:29:00+00,2026-03-19 13:29:00+00
1f1ea4da-3c91-477b-a2ac-f35a7d1ed447,f142e2cb-5163-424e-bd27-a1fda1bdc285,booking,"{""content_title"": ""Dark Rooms VR"", ""time"": ""08:46""}",2026-04-09 08:46:00+00,2026-04-09 08:46:00+00
e6b2daca-90f3-409d-9925-6d646a82adde,0674ef1b-dba5-4d38-82a8-f24747c3548e,cancellation,"{""content_title"": ""Blender Modeling"", ""time"": ""15:33""}",2026-04-10 15:33:00+00,2026-04-10 15:33:00+00
f4ce656b-5590-4348-9897-de9406f138a1,2b0712dd-7b8a-48ba-a639-ae2121f9c101,booking,"{""content_title"": ""Virtual Palace"", ""time"": ""08:24""}",2026-03-31 08:24:00+00,2026-03-31 08:24:00+00
0e8b27d8-bcc2-451a-ba83-cc4d177dd796,0e10f179-afcc-430c-af8e-7c87e3604f83,booking,"{""content_title"": ""The Clouds Are Up"", ""time"": ""14:24""}",2026-03-26 14:24:00+00,2026-03-26 14:24:00+00
bc2cfc76-270a-47cf-b291-eb7d8b6ed6ea,9757a490-8a8c-4575-ad30-b96c8929687c,booking,"{""content_title"": ""AR Anatomy Stand"", ""time"": ""18:11""}",2026-03-15 18:11:00+00,2026-03-15 18:11:00+00
a87ecceb-a164-4ce2-9a78-d8863151f17d,ffe638a5-f192-4d3c-b5a1-12b244635407,booking,"{""content_title"": ""Crafting Crimes AR"", ""time"": ""09:29""}",2026-03-14 09:29:00+00,2026-03-14 09:29:00+00
55e127cd-041b-4132-ab94-65ac68cd7e1e,554a820a-73ec-4123-a3e5-1e551a823a4a,cancellation,"{""content_title"": ""Virtual Palace"", ""time"": ""19:44""}",2026-03-18 19:44:00+00,2026-03-18 19:44:00+00
512a7c52-02b0-428f-83a0-d72d0d933069,a5674600-02fc-4ee2-a534-ebffca2035c7,no_show_warning_1,"{""content_title"": ""Deep Ocean Dive"", ""time"": ""14:05""}",2026-04-10 14:05:00+00,2026-04-10 14:05:00+00
0b5f327a-387d-4473-abda-bfcb6ada5ec3,3b51a7d6-d2c0-4bdd-b46c-cc2455f41839,booking,"{""content_title"": ""AR Anatomy Stand"", ""time"": ""12:54""}",2026-04-01 12:54:00+00,2026-04-01 12:54:00+00
e549a012-dc3f-4f95-9862-3d7f241fe277,4e467dbf-d947-40ff-ba44-3dd199d242b5,no_show_warning_1,"{""content_title"": ""Blender Modeling"", ""time"": ""19:19""}",2026-04-08 19:19:00+00,2026-04-08 19:19:00+00
0f5f89d7-af91-47bb-a138-3ae8c2acf695,b5fca8c0-8ef5-4d33-a281-6a1b7fc977e9,booking,"{""content_title"": ""Web3 Showcase"", ""time"": ""19:00""}",2026-04-04 19:00:00+00,2026-04-04 19:00:00+00
553a2bac-7d06-4c06-a9af-973625fd1d02,d9178bb7-2a19-404b-af60-650277eaee73,booking,"{""content_title"": ""Future City Layers"", ""time"": ""08:32""}",2026-03-23 08:32:00+00,2026-03-23 08:32:00+00
e43332f4-042f-49c7-80f9-2fcd75566a4d,2af85e44-9ff9-4fef-83bf-de7530a6c869,booking,"{""content_title"": ""VC Speed Dating"", ""time"": ""20:59""}",2026-04-05 20:59:00+00,2026-04-05 20:59:00+00
dad7be52-3a11-41e4-bf2e-1beb975dbe5f,161620e5-266a-4216-8307-70a9b36a4020,no_show_warning_1,"{""content_title"": ""A Long Goodbye Panel"", ""time"": ""15:59""}",2026-04-08 15:59:00+00,2026-04-08 15:59:00+00
77c40499-0f09-474f-a97f-576ffdf8d45f,94c09036-861e-408a-afca-a40355f053a7,cancellation,"{""content_title"": ""Interactive History"", ""time"": ""20:31""}",2026-04-08 20:31:00+00,2026-04-08 20:31:00+00
d876b75b-c9ff-4260-8640-07a5d114afbe,b25adb14-07cd-467b-bf70-b2be72e499ef,booking,"{""content_title"": ""Crafting Crimes AR"", ""time"": ""18:11""}",2026-03-26 18:11:00+00,2026-03-26 18:11:00+00
ce1ac9ef-ac44-4d50-8a72-9e5548c486c8,eb45e3e4-505d-4db4-b9c7-adef36a9ec2f,booking,"{""content_title"": ""AR Anatomy Stand"", ""time"": ""15:17""}",2026-03-25 15:17:00+00,2026-03-25 15:17:00+00
9cfb42bf-8e3a-4031-91e4-e16c38e05979,c0b313d8-2e1b-463e-b226-8785aa2f70a3,booking,"{""content_title"": ""Virtual Palace"", ""time"": ""10:21""}",2026-04-04 10:21:00+00,2026-04-04 10:21:00+00
6f4638d5-97ad-4272-a391-6472477a5580,58b22874-7866-499e-b41f-5eeb343aad1e,booking,"{""content_title"": ""Tech Founders Meetup"", ""time"": ""08:06""}",2026-03-22 08:06:00+00,2026-03-22 08:06:00+00
2646f32c-13eb-4c60-94c7-5ee7aff8d79e,393edef8-4a75-42e6-8139-6214ba1afc54,booking,"{""content_title"": ""Design Thinking Workshop"", ""time"": ""14:01""}",2026-04-09 14:01:00+00,2026-04-09 14:01:00+00
960e595b-cb05-4bd0-85cf-94fbbe420ad0,37ac749e-1b82-474e-aae8-dfc2477b8b1b,no_show_warning_1,"{""content_title"": ""Quantum Computing Intro"", ""time"": ""19:02""}",2026-03-30 19:02:00+00,2026-03-30 19:02:00+00
e081fcd6-cbc0-4f4e-9ea4-6072becbfd2c,22de5625-a044-4491-9e56-da8cafa79ec0,booking,"{""content_title"": ""Crafting Crimes AR"", ""time"": ""11:24""}",2026-03-16 11:24:00+00,2026-03-16 11:24:00+00
7396eb45-c1ab-4d48-8884-0f66f21c2d99,cf3a66c1-5d0a-44a3-8594-be2d8c2a1f96,info,"{""content_title"": ""Quantum Computing Intro"", ""time"": ""19:40""}",2026-03-17 19:40:00+00,2026-03-17 19:40:00+00
4b61e0ce-96ed-498a-bca3-6f1575b0a07b,08f5c5e8-b5d2-4b82-9c78-964e21c0a6d5,cancellation,"{""content_title"": ""AR Anatomy Stand"", ""time"": ""14:28""}",2026-03-22 14:28:00+00,2026-03-22 14:28:00+00
fbb62368-0130-4329-9e72-6e08238567f1,6e08ac01-6708-4e8d-be27-75541640b73e,cancellation,"{""content_title"": ""Virtual Palace"", ""time"": ""14:29""}",2026-03-28 14:29:00+00,2026-03-28 14:29:00+00
f776da68-7dfd-443f-ad5b-5ebfc7894469,c293d3b1-4ec6-4f9c-b240-66951b034cfe,booking,"{""content_title"": ""Virtual Palace"", ""time"": ""12:23""}",2026-03-27 12:23:00+00,2026-03-27 12:23:00+00
dddcbc67-41db-4efc-8197-6c180d0b5908,ca1ddba8-f515-4dc8-abb2-7c5e915bf942,booking,"{""content_title"": ""Mars Colony VR"", ""time"": ""20:39""}",2026-03-19 20:39:00+00,2026-03-19 20:39:00+00
2bda77f4-5470-4ebd-8417-9af338184434,ca679cdd-ed30-4715-ba2c-5c1c87476379,booking,"{""content_title"": ""Coding 101"", ""time"": ""11:51""}",2026-04-02 11:51:00+00,2026-04-02 11:51:00+00
86f93047-c334-42c3-ba09-45783f23eb8e,67c87fc9-9291-4e72-b262-5a7e48896dc7,booking,"{""content_title"": ""Deep Ocean Dive"", ""time"": ""20:49""}",2026-03-31 20:49:00+00,2026-03-31 20:49:00+00
857677f0-2328-408d-ae22-be3009b89935,67c87fc9-9291-4e72-b262-5a7e48896dc7,cancellation,"{""content_title"": ""The Clouds Are Up"", ""time"": ""09:01""}",2026-04-04 09:01:00+00,2026-04-04 09:01:00+00
bce819c7-0b38-42b6-86f5-13b35b7bc7ea,5589da8d-bc20-49ad-a1fc-4ecab8048fbd,booking,"{""content_title"": ""Decision Maker Summit"", ""time"": ""19:47""}",2026-03-31 19:47:00+00,2026-03-31 19:47:00+00
18ea98b5-e6bf-4b6d-99cc-3dd42567be95,c0b313d8-2e1b-463e-b226-8785aa2f70a3,booking,"{""content_title"": ""Deep Ocean Dive"", ""time"": ""11:36""}",2026-03-25 11:36:00+00,2026-03-25 11:36:00+00
389548f9-2c3f-492a-97aa-e88ba665498a,3dc8a799-a463-4e77-a4c6-0824cc23588c,booking,"{""content_title"": ""The Clouds Are Up"", ""time"": ""19:46""}",2026-03-18 19:46:00+00,2026-03-18 19:46:00+00
f45da4aa-c585-4f47-8eef-c20f479964ce,179b67ee-3487-490f-8152-b90c0bdbecc3,booking,"{""content_title"": ""Startup Pitches"", ""time"": ""11:16""}",2026-04-10 11:16:00+00,2026-04-10 11:16:00+00
5424c56b-47ec-4b75-bcb7-76be2eb40e36,a5a1cfdd-707e-4ddc-abd6-e1e73dd3302d,booking,"{""content_title"": ""Web3 Showcase"", ""time"": ""18:57""}",2026-03-14 18:57:00+00,2026-03-14 18:57:00+00
0342b839-266e-448d-b41a-0f131b66f452,88071374-c4e5-45b5-bde0-ccd4d83ab836,cancellation,"{""content_title"": ""Mars Colony VR"", ""time"": ""19:43""}",2026-03-26 19:43:00+00,2026-03-26 19:43:00+00
f6856539-d204-4cd0-bb3d-c73e5b3c5785,24c996fe-d746-4299-b32b-380f6daee7ea,no_show_warning_1,"{""content_title"": ""Mars Colony VR"", ""time"": ""17:06""}",2026-03-24 17:06:00+00,2026-03-24 17:06:00+00
0aabe6c6-446d-4914-b2b5-55b309da14e3,96afb56c-6dfc-43b8-83ed-068e8c0ba925,booking,"{""content_title"": ""Startup Pitches"", ""time"": ""14:05""}",2026-03-15 14:05:00+00,2026-03-15 14:05:00+00
81c40a3f-3783-4088-829d-08de213e576b,c293d3b1-4ec6-4f9c-b240-66951b034cfe,no_show_warning_1,"{""content_title"": ""Crafting Crimes AR"", ""time"": ""18:33""}",2026-04-05 18:33:00+00,2026-04-05 18:33:00+00
597c9eff-2b6f-440e-b246-d648839bf47c,96012577-2346-420b-ba9b-c193fa5b98bb,no_show_warning_1,"{""content_title"": ""Deep Ocean Dive"", ""time"": ""16:12""}",2026-03-18 16:12:00+00,2026-03-18 16:12:00+00
e4cc4978-fc0a-4944-b498-efcf9d2f23b8,29899c65-faa2-4bcc-9251-919460b7cc9b,booking,"{""content_title"": ""The Clouds Are Up"", ""time"": ""09:57""}",2026-03-30 09:57:00+00,2026-03-30 09:57:00+00
36815a23-1eb9-4a65-a637-e376c61a1782,b4d106d3-764f-4de1-b48d-0ab2ccff060a,booking,"{""content_title"": ""Interactive History"", ""time"": ""14:45""}",2026-04-10 14:45:00+00,2026-04-10 14:45:00+00
6704cd6d-daac-4b98-aa5d-844a5d183832,cfaa9bc0-61ff-4909-bdcf-8db08a2207b1,booking,"{""content_title"": ""Dark Rooms VR"", ""time"": ""19:05""}",2026-03-27 19:05:00+00,2026-03-27 19:05:00+00
9c2467d8-ff32-4f40-abc5-f5cd553a910d,eb45e3e4-505d-4db4-b9c7-adef36a9ec2f,no_show_warning_1,"{""content_title"": ""AI in Digital Art"", ""time"": ""16:20""}",2026-04-04 16:20:00+00,2026-04-04 16:20:00+00
a6593c5a-4c45-4497-8657-bbd47faa1283,1c3b5719-ffc6-46c7-b0b0-2418ac429821,booking,"{""content_title"": ""Virtual Palace"", ""time"": ""10:50""}",2026-03-28 10:50:00+00,2026-03-28 10:50:00+00
f6fa531f-574d-421c-ae70-78fa28f655af,ceeec536-bfe0-425e-8f03-b0ea3bb04a9c,no_show_warning_1,"{""content_title"": ""Dark Rooms VR"", ""time"": ""15:48""}",2026-04-01 15:48:00+00,2026-04-01 15:48:00+00
a2489b0c-565c-4a18-872b-fd8ccc845bcd,64cf304e-5f61-4c38-ba9f-2089bf40ed77,booking,"{""content_title"": ""Dark Rooms VR"", ""time"": ""19:38""}",2026-04-02 19:38:00+00,2026-04-02 19:38:00+00
850ee2b9-90e7-44a2-9cdb-536a65dbfe5b,914ac985-071c-41a1-8b5d-17d3acfcafc7,booking,"{""content_title"": ""Coding 101"", ""time"": ""13:07""}",2026-03-23 13:07:00+00,2026-03-23 13:07:00+00
89b35ede-b839-4e01-ad2a-b851fcd51be2,a892e54d-16be-4bf6-99a7-8de3420afc56,booking,"{""content_title"": ""Future City Layers"", ""time"": ""10:02""}",2026-04-04 10:02:00+00,2026-04-04 10:02:00+00
3a98e664-00e7-4cec-8289-686c7c7fc0bd,4f59f33c-ec7a-4adb-9e38-e7b26e3d30f7,booking,"{""content_title"": ""VC Speed Dating"", ""time"": ""13:24""}",2026-04-11 13:24:00+00,2026-04-11 13:24:00+00
e94d23c4-07f1-44ae-8688-e82e4284d5e1,f6c39e34-336f-42ab-b2b4-2e7b87f91f13,booking,"{""content_title"": ""Deep Ocean Dive"", ""time"": ""08:08""}",2026-03-27 08:08:00+00,2026-03-27 08:08:00+00
f7390354-8cc2-48d1-8741-08f4f5294ec1,df8966d1-67c8-40e4-8098-6fedcb438293,booking,"{""content_title"": ""Mars Colony VR"", ""time"": ""19:45""}",2026-04-07 19:45:00+00,2026-04-07 19:45:00+00
408315e1-7e04-40d7-a368-bd2a9d64e049,2c7c9331-ffa1-4b87-81c0-2ce4c66873f7,booking,"{""content_title"": ""Crafting Crimes AR"", ""time"": ""08:55""}",2026-03-28 08:55:00+00,2026-03-28 08:55:00+00
4d4d7b5b-b072-4387-8b42-01746fc44971,914ac985-071c-41a1-8b5d-17d3acfcafc7,booking,"{""content_title"": ""Interactive History"", ""time"": ""13:30""}",2026-04-04 13:30:00+00,2026-04-04 13:30:00+00
07612cb9-77d8-417e-aca9-193dc54bad5c,ddbee405-3f8c-4ae6-b3cb-d569dbf39227,no_show_warning_1,"{""content_title"": ""The Clouds Are Up"", ""time"": ""15:36""}",2026-03-17 15:36:00+00,2026-03-17 15:36:00+00
3c1fb79b-4a61-4930-816c-547febd3ce9d,7afcb9d1-d273-41f9-8565-def270a3edfd,booking,"{""content_title"": ""Future City Layers"", ""time"": ""08:44""}",2026-03-21 08:44:00+00,2026-03-21 08:44:00+00
6b20bd37-4539-458e-8ced-b2034c1248fd,fe409ded-b88a-4cf0-91c7-55e2abaf0d7a,cancellation,"{""content_title"": ""AR Anatomy Stand"", ""time"": ""19:43""}",2026-04-06 19:43:00+00,2026-04-06 19:43:00+00
ec783897-1e9b-46f6-a96b-5e2e398f1ae3,fd0075c6-adc4-42ee-a128-fedbf22a6746,booking,"{""content_title"": ""Indulto Creative Talk"", ""time"": ""17:31""}",2026-04-05 17:31:00+00,2026-04-05 17:31:00+00
39c0b312-a6b3-4111-8ebc-a683e6510d9a,c31b13ed-ac4c-4bb2-8fa5-3907b47310a8,booking,"{""content_title"": ""B2B Matchmaking"", ""time"": ""20:52""}",2026-03-27 20:52:00+00,2026-03-27 20:52:00+00
11a95ad6-8871-484d-b80d-f52be7e33514,708d81a0-531e-4587-86f9-281b16595e24,booking,"{""content_title"": ""Blender Modeling"", ""time"": ""14:30""}",2026-03-15 14:30:00+00,2026-03-15 14:30:00+00
2bde528d-d449-4567-829a-070acd103040,72961cc2-ae0e-41e4-97f5-ba776f8f0606,booking,"{""content_title"": ""Quantum Computing Intro"", ""time"": ""15:27""}",2026-03-24 15:27:00+00,2026-03-24 15:27:00+00
4821df4f-113c-4e2e-b065-57bf73d287f3,f6c39e34-336f-42ab-b2b4-2e7b87f91f13,booking,"{""content_title"": ""Mars Colony VR"", ""time"": ""15:22""}",2026-03-21 15:22:00+00,2026-03-21 15:22:00+00
800f8e97-9324-4e24-8340-f19978ab41ac,f8220a8d-5ee3-4657-bf5e-07c2cdd91742,no_show_warning_1,"{""content_title"": ""Deep Ocean Dive"", ""time"": ""14:14""}",2026-03-17 14:14:00+00,2026-03-17 14:14:00+00
58a2d65e-d0bc-4d6a-918b-44a332a2643f,c9672db7-c74b-424e-b131-54c3f3426185,booking,"{""content_title"": ""Indulto Creative Talk"", ""time"": ""18:44""}",2026-03-31 18:44:00+00,2026-03-31 18:44:00+00
420ad78b-6796-46c0-892d-0383394076d3,c2df3d47-09d4-4990-b8b4-ec56b64c34b2,booking,"{""content_title"": ""Crafting Crimes AR"", ""time"": ""20:41""}",2026-03-24 20:41:00+00,2026-03-24 20:41:00+00
d55ef918-69d0-415f-aa91-d38ce7a0343d,de44337e-17bd-4097-8dad-7ccee1bcd4bf,booking,"{""content_title"": ""VC Speed Dating"", ""time"": ""18:57""}",2026-03-27 18:57:00+00,2026-03-27 18:57:00+00
fd4b6de5-5337-4f48-aec5-bebcf12ee4f5,457f23f0-6e16-43d9-b0e0-8a3faf33cfd0,booking,"{""content_title"": ""Tech Founders Meetup"", ""time"": ""15:10""}",2026-03-13 15:10:00+00,2026-03-13 15:10:00+00
aaf6f90f-516c-42c6-b1aa-3ae67cc2b056,ea3bde77-6d81-45e8-b16d-6c9bd76dec9b,booking,"{""content_title"": ""Quantum Computing Intro"", ""time"": ""13:40""}",2026-03-18 13:40:00+00,2026-03-18 13:40:00+00
d33c9855-e3dd-4c86-b59a-8b9de9ba7767,29899c65-faa2-4bcc-9251-919460b7cc9b,booking,"{""content_title"": ""Future City Layers"", ""time"": ""13:55""}",2026-03-16 13:55:00+00,2026-03-16 13:55:00+00
70c5f8f7-f9e6-4ff4-9849-39418d8855e2,40a64fca-58e1-4b94-92b3-52b75604e8e8,booking,"{""content_title"": ""Dark Rooms VR"", ""time"": ""11:41""}",2026-04-11 11:41:00+00,2026-04-11 11:41:00+00
24cbc2cf-c493-442f-913b-70b556f4df47,302424aa-d384-44e5-a350-022693b8c6b6,booking,"{""content_title"": ""Robotics Live"", ""time"": ""14:06""}",2026-04-09 14:06:00+00,2026-04-09 14:06:00+00
41ff3dae-c387-443b-bc1a-bacd582f13c9,f750fef1-a148-41c8-89d2-6eba75a61cbc,booking,"{""content_title"": ""Unity Basics"", ""time"": ""11:42""}",2026-04-02 11:42:00+00,2026-04-02 11:42:00+00
45139d5f-3e26-4113-ba37-611ca1c967a1,62239915-ec25-47b9-b4d5-c2af7e41072c,booking,"{""content_title"": ""VC Speed Dating"", ""time"": ""16:37""}",2026-03-30 16:37:00+00,2026-03-30 16:37:00+00
15ddf611-a1d7-484d-8038-ce2f109b9b2b,7f63bbb4-f145-40e2-b43c-879452ed44ea,booking,"{""content_title"": ""Future City Layers"", ""time"": ""12:34""}",2026-03-28 12:34:00+00,2026-03-28 12:34:00+00
43154af4-043b-40ba-be39-2286d0c01a3c,3b51a7d6-d2c0-4bdd-b46c-cc2455f41839,booking,"{""content_title"": ""A Long Goodbye Panel"", ""time"": ""15:02""}",2026-03-27 15:02:00+00,2026-03-27 15:02:00+00
3689e60d-964d-48d6-91e0-e57101354710,f5612848-1f2a-4cf6-bf02-84e9dee0f36e,booking,"{""content_title"": ""Deep Ocean Dive"", ""time"": ""08:36""}",2026-03-20 08:36:00+00,2026-03-20 08:36:00+00
b9bf1560-93f2-42d0-b2c7-ec7c56eb9c9c,f2df112c-a597-43e7-9419-ad49a3fd8cf1,cancellation,"{""content_title"": ""Virtual Palace"", ""time"": ""18:20""}",2026-03-27 18:20:00+00,2026-03-27 18:20:00+00
43b5df2c-3daf-4b46-9ac1-269ddec71580,e8c2daea-f8ad-4c3a-a79c-e25f6845f30b,no_show_warning_1,"{""content_title"": ""AI in Digital Art"", ""time"": ""18:21""}",2026-03-14 18:21:00+00,2026-03-14 18:21:00+00
f10192b4-2910-4ea0-8f8c-0a3feb27dc35,426e3f68-e3eb-444e-8975-c06c0075e00c,booking,"{""content_title"": ""The Clouds Are Up"", ""time"": ""20:40""}",2026-04-09 20:40:00+00,2026-04-09 20:40:00+00
b7a23f02-d361-4484-a7d4-1e08e26d694f,4935010e-e354-48d3-90f5-a93f88bdcc37,booking,"{""content_title"": ""The Clouds Are Up"", ""time"": ""17:30""}",2026-04-06 17:30:00+00,2026-04-06 17:30:00+00
cb14aae7-cbd3-4657-bd20-b1181c732467,77377f95-5406-42bd-a024-61fd80c55973,no_show_warning_1,"{""content_title"": ""The Clouds Are Up"", ""time"": ""20:31""}",2026-03-28 20:31:00+00,2026-03-28 20:31:00+00
e5fa91a1-35da-4275-9614-2c10c01f0ffd,09268899-87f9-44aa-8a63-53fb6c60b2b8,booking,"{""content_title"": ""Web3 Showcase"", ""time"": ""10:53""}",2026-03-17 10:53:00+00,2026-03-17 10:53:00+00
d7d7f6de-d821-4b7f-bd11-93e6d42d068e,4e490d35-0731-44ae-9084-cddac927c22d,booking,"{""content_title"": ""Dark Rooms VR"", ""time"": ""16:10""}",2026-04-08 16:10:00+00,2026-04-08 16:10:00+00
f01d5998-6659-4f6c-bb63-b31dcd61bc65,9e2697c6-1e4b-4d6a-89ef-af96f7ba23ca,no_show_warning_1,"{""content_title"": ""AR Anatomy Stand"", ""time"": ""12:20""}",2026-04-10 12:20:00+00,2026-04-10 12:20:00+00
c30a6630-d11a-4e0f-97e3-55a66ebc5c3a,1775dd60-1f41-4a32-a135-409fc1e5a526,booking,"{""content_title"": ""Indulto Creative Talk"", ""time"": ""18:01""}",2026-04-04 18:01:00+00,2026-04-04 18:01:00+00
88d5a56c-293f-48ba-9008-07199bf2433c,94c09036-861e-408a-afca-a40355f053a7,no_show_warning_1,"{""content_title"": ""Quantum Computing Intro"", ""time"": ""20:36""}",2026-04-07 20:36:00+00,2026-04-07 20:36:00+00
5e873517-4c78-46c6-897f-7b4123875e81,d8249b92-3841-4a3f-af23-1678614e8659,booking,"{""content_title"": ""AI in Digital Art"", ""time"": ""08:06""}",2026-03-18 08:06:00+00,2026-03-18 08:06:00+00
dada61fe-948f-4566-87b8-d518ace1fdb2,d4847e48-6a53-4522-9af2-8a3007fc04b0,cancellation,"{""content_title"": ""Dark Rooms VR"", ""time"": ""13:06""}",2026-04-04 13:06:00+00,2026-04-04 13:06:00+00
3794cb09-85e7-49b1-9dfe-03c4fc707dc3,e4e04f63-81d6-4a5a-9507-2697fdf21db5,no_show_warning_1,"{""content_title"": ""The Clouds Are Up"", ""time"": ""16:31""}",2026-03-23 16:31:00+00,2026-03-23 16:31:00+00
be851cbb-0691-4881-983f-0f023b3c9266,b6a253e5-c989-419b-bb40-221d6db28690,cancellation,"{""content_title"": ""Startup Pitches"", ""time"": ""12:41""}",2026-04-07 12:41:00+00,2026-04-07 12:41:00+00
e29e8a81-26d2-4f69-a856-d84b910573fd,d8d9573e-2946-4b7c-a428-10382a7bb2ad,cancellation,"{""content_title"": ""Tech Founders Meetup"", ""time"": ""18:48""}",2026-03-31 18:48:00+00,2026-03-31 18:48:00+00
67272b2d-efb3-477d-a4ed-73f2daf7aaaa,fbf7a6cf-160e-471e-9154-814666e4275d,booking,"{""content_title"": ""Robotics Live"", ""time"": ""12:50""}",2026-04-11 12:50:00+00,2026-04-11 12:50:00+00
a57a7f04-1897-4c7d-98a6-6fc0e330dd83,f6919fa0-17ba-4443-a695-9f45fa017a34,no_show_warning_1,"{""content_title"": ""Tech Founders Meetup"", ""time"": ""09:48""}",2026-03-17 09:48:00+00,2026-03-17 09:48:00+00
10902652-ca37-49e7-9cfa-88833c0c1582,b69ad41e-6b0a-43be-a41a-e82e5b56d16d,booking,"{""content_title"": ""NextGen Hardware"", ""time"": ""20:19""}",2026-03-25 20:19:00+00,2026-03-25 20:19:00+00
5123e3c4-37b4-4147-b59e-d5bb691e15b4,9fe869f8-c643-403c-8089-114c82e46f06,booking,"{""content_title"": ""Mars Colony VR"", ""time"": ""15:52""}",2026-04-06 15:52:00+00,2026-04-06 15:52:00+00
d17a4522-e156-4a45-aa52-cd13e2a59e31,de6a5aaf-d001-430a-a43d-0389c9291aff,no_show_warning_1,"{""content_title"": ""Dark Rooms VR"", ""time"": ""15:50""}",2026-03-15 15:50:00+00,2026-03-15 15:50:00+00
aaed5c97-58e5-400e-a5da-95ce0904d908,8b3b779c-50f7-4828-bb18-777d68e64f61,booking,"{""content_title"": ""Future City Layers"", ""time"": ""16:46""}",2026-03-29 16:46:00+00,2026-03-29 16:46:00+00
a6174360-955a-4e95-aeb6-e9c0f187cc89,cc683572-8de7-4e28-bca0-0e6ca0a2770e,cancellation,"{""content_title"": ""Deep Ocean Dive"", ""time"": ""14:57""}",2026-04-01 14:57:00+00,2026-04-01 14:57:00+00
8fa9b8a4-9679-4a20-a7e3-f9cfa8212813,ffe638a5-f192-4d3c-b5a1-12b244635407,booking,"{""content_title"": ""AR Anatomy Stand"", ""time"": ""08:13""}",2026-04-05 08:13:00+00,2026-04-05 08:13:00+00
ae23410c-a5ff-4860-9e28-125a11ea4f89,9278d5c7-9c0c-4200-a5e8-3ff3e383db25,booking,"{""content_title"": ""Dark Rooms VR"", ""time"": ""17:27""}",2026-03-30 17:27:00+00,2026-03-30 17:27:00+00
a9c32ea0-3387-4b50-a9e8-572502022c1e,a13e4846-11bd-4d46-b9b9-5fab6dbcfb27,booking,"{""content_title"": ""Mars Colony VR"", ""time"": ""08:27""}",2026-04-11 08:27:00+00,2026-04-11 08:27:00+00
d234b467-d77c-4fe8-b4b6-fb4d12b7907a,58b22874-7866-499e-b41f-5eeb343aad1e,cancellation,"{""content_title"": ""NextGen Hardware"", ""time"": ""19:30""}",2026-03-16 19:30:00+00,2026-03-16 19:30:00+00
b1589490-9d49-40ed-8511-4a6b429704ff,6e8b0bc3-fd27-4d01-a13c-14a9a6aa03bb,booking,"{""content_title"": ""Virtual Palace"", ""time"": ""17:27""}",2026-03-22 17:27:00+00,2026-03-22 17:27:00+00
9019c130-498b-44a9-87c2-13fc23ea5471,b24da865-72df-4e3c-af0c-db91cd6443c1,booking,"{""content_title"": ""The Clouds Are Up"", ""time"": ""09:51""}",2026-04-04 09:51:00+00,2026-04-04 09:51:00+00
5ece3908-6c9e-4a1c-a092-5fef5c8e8e74,059e84c1-4b8b-40d9-836e-8d05306432f1,booking,"{""content_title"": ""A Long Goodbye Panel"", ""time"": ""16:49""}",2026-04-01 16:49:00+00,2026-04-01 16:49:00+00
5bb2e81c-9988-44b1-8642-69397bc8437e,b24da865-72df-4e3c-af0c-db91cd6443c1,booking,"{""content_title"": ""Virtual Palace"", ""time"": ""19:12""}",2026-03-13 19:12:00+00,2026-03-13 19:12:00+00
0ebece6a-5821-4818-a016-5567124f8800,89963218-7750-4ee8-acf5-18336e8104c7,no_show_warning_1,"{""content_title"": ""AR Anatomy Stand"", ""time"": ""14:39""}",2026-04-03 14:39:00+00,2026-04-03 14:39:00+00
26306888-a5b6-45b1-8f3e-06c46458c1bf,ebdaab75-0297-4113-8d05-30c537c4a1d4,booking,"{""content_title"": ""Unity Basics"", ""time"": ""13:21""}",2026-03-22 13:21:00+00,2026-03-22 13:21:00+00
3722ea86-5ef4-4f25-a9b8-da35c8bea8f7,2b0712dd-7b8a-48ba-a639-ae2121f9c101,booking,"{""content_title"": ""Virtual Palace"", ""time"": ""12:57""}",2026-04-01 12:57:00+00,2026-04-01 12:57:00+00
dfc6c6e1-6e32-4cf8-9592-3f1635926cfe,742f7d7d-139c-4560-be95-891f07f9a8c5,booking,"{""content_title"": ""B2B Matchmaking"", ""time"": ""09:20""}",2026-04-03 09:20:00+00,2026-04-03 09:20:00+00
7cda8453-1ac3-4b08-85fe-09ec6f67b117,00b85947-036c-4695-90b8-e99838d56f7d,booking,"{""content_title"": ""Web3 Showcase"", ""time"": ""08:52""}",2026-03-19 08:52:00+00,2026-03-19 08:52:00+00
083e5306-49a6-41e4-a31a-9c70b927a914,ac3e95a4-4b20-4bd8-8e6f-3e4551c569c0,booking,"{""content_title"": ""Interactive History"", ""time"": ""09:07""}",2026-04-01 09:07:00+00,2026-04-01 09:07:00+00
6a6b573c-58b9-4a17-8de5-51452136e7c7,ef48f56f-c3a1-42f0-97d3-38752efc487d,booking,"{""content_title"": ""The Clouds Are Up"", ""time"": ""08:33""}",2026-04-06 08:33:00+00,2026-04-06 08:33:00+00
37ebb55d-f539-4882-a013-1d4fb638a9c3,4935010e-e354-48d3-90f5-a93f88bdcc37,booking,"{""content_title"": ""Startup Pitches"", ""time"": ""09:36""}",2026-04-02 09:36:00+00,2026-04-02 09:36:00+00
78b71fe2-9ef8-448b-89a0-bb23d7ec6c50,9e2697c6-1e4b-4d6a-89ef-af96f7ba23ca,no_show_warning_1,"{""content_title"": ""Dark Rooms VR"", ""time"": ""14:28""}",2026-03-26 14:28:00+00,2026-03-26 14:28:00+00
317ea19f-feda-4793-b529-a4beb173abf2,ef988c76-6b55-41a1-90e5-cacc349e3a08,no_show_warning_1,"{""content_title"": ""Deep Ocean Dive"", ""time"": ""20:40""}",2026-03-30 20:40:00+00,2026-03-30 20:40:00+00
b4b696a3-8c7e-4035-ba2e-ea968f0649d3,7b11e310-c609-4268-aa48-1240179e9d1e,no_show_warning_1,"{""content_title"": ""Robotics Live"", ""time"": ""17:01""}",2026-03-15 17:01:00+00,2026-03-15 17:01:00+00
684f339f-bccc-441a-b55a-3de15f9a1e56,37ac749e-1b82-474e-aae8-dfc2477b8b1b,cancellation,"{""content_title"": ""B2B Matchmaking"", ""time"": ""17:12""}",2026-03-28 17:12:00+00,2026-03-28 17:12:00+00
853d20b8-61e5-46a2-b8fd-8d21ef78ed7b,71bf25c5-1679-447c-afa4-db21a5c7ea79,booking,"{""content_title"": ""Blender Modeling"", ""time"": ""13:05""}",2026-03-31 13:05:00+00,2026-03-31 13:05:00+00
661066a3-af56-4cf0-8aa6-99833ce5fb94,e0e55d1f-0fbb-4f70-9731-aa61631a7619,no_show_warning_1,"{""content_title"": ""Virtual Palace"", ""time"": ""11:40""}",2026-04-11 11:40:00+00,2026-04-11 11:40:00+00
f4f4e953-82f0-4998-8a57-026c4d4c368c,b24da865-72df-4e3c-af0c-db91cd6443c1,no_show_warning_1,"{""content_title"": ""Mars Colony VR"", ""time"": ""11:42""}",2026-03-15 11:42:00+00,2026-03-15 11:42:00+00
acbfd488-c9fb-4c00-8d66-fe4603813b7d,f2df112c-a597-43e7-9419-ad49a3fd8cf1,booking,"{""content_title"": ""NextGen Hardware"", ""time"": ""09:55""}",2026-04-03 09:55:00+00,2026-04-03 09:55:00+00
b89c6ade-95db-4804-af49-fc8d76707156,bf19869e-c46b-4466-9d57-992ff6a05328,booking,"{""content_title"": ""Dark Rooms VR"", ""time"": ""19:40""}",2026-04-04 19:40:00+00,2026-04-04 19:40:00+00
6a2347ab-a45f-4256-94ff-d737c32f4be4,dd61e0d3-e9cc-45e9-9388-679ec8549004,cancellation,"{""content_title"": ""Blender Modeling"", ""time"": ""10:49""}",2026-03-27 10:49:00+00,2026-03-27 10:49:00+00
ae6008c0-21fb-4583-89fa-60966da7eb3c,96afb56c-6dfc-43b8-83ed-068e8c0ba925,booking,"{""content_title"": ""AI in Digital Art"", ""time"": ""16:40""}",2026-03-23 16:40:00+00,2026-03-23 16:40:00+00
b18ce77d-e54c-4462-93dd-bc81983a5c3b,abdce89d-86e2-4dc9-9270-f92b70e5abcd,booking,"{""content_title"": ""Dark Rooms VR"", ""time"": ""10:52""}",2026-04-02 10:52:00+00,2026-04-02 10:52:00+00
3d0d0e19-adf1-44f4-b88f-cd0c6a33c9b6,4a81965d-92c8-4a65-b80a-a40be123471b,no_show_warning_1,"{""content_title"": ""Dark Rooms VR"", ""time"": ""09:05""}",2026-04-11 09:05:00+00,2026-04-11 09:05:00+00
66fb6d8e-898a-45e1-a8f1-eb286934dc13,f6919fa0-17ba-4443-a695-9f45fa017a34,cancellation,"{""content_title"": ""The Clouds Are Up"", ""time"": ""12:46""}",2026-03-15 12:46:00+00,2026-03-15 12:46:00+00
6f341d75-56c2-42e4-8783-258f493ada98,49f45dd7-3a4c-4d9f-b0fd-e2bed76ded71,booking,"{""content_title"": ""A Long Goodbye Panel"", ""time"": ""19:52""}",2026-03-16 19:52:00+00,2026-03-16 19:52:00+00
591ce55e-5fab-4b5b-989b-a9dcf2358cdb,ac3e95a4-4b20-4bd8-8e6f-3e4551c569c0,booking,"{""content_title"": ""Unity Basics"", ""time"": ""12:15""}",2026-03-16 12:15:00+00,2026-03-16 12:15:00+00
044ab2f2-e51b-4eb6-a429-e34f86ced067,11d18861-c594-489b-aabc-122c463ab1f5,no_show_warning_1,"{""content_title"": ""Interactive History"", ""time"": ""18:52""}",2026-03-21 18:52:00+00,2026-03-21 18:52:00+00
c4b1fdd4-3637-4174-9666-4e108c9f815d,a892e54d-16be-4bf6-99a7-8de3420afc56,booking,"{""content_title"": ""AR Anatomy Stand"", ""time"": ""08:51""}",2026-03-30 08:51:00+00,2026-03-30 08:51:00+00
4930f603-506d-4d84-9967-0866de0a483f,914ac985-071c-41a1-8b5d-17d3acfcafc7,booking,"{""content_title"": ""Deep Ocean Dive"", ""time"": ""13:17""}",2026-03-16 13:17:00+00,2026-03-16 13:17:00+00
cc04c4da-eda9-42a1-84ad-33f9f1b90d5d,4e490d35-0731-44ae-9084-cddac927c22d,booking,"{""content_title"": ""Dark Rooms VR"", ""time"": ""20:19""}",2026-03-24 20:19:00+00,2026-03-24 20:19:00+00
dcc88cd1-1ac6-495b-8b71-f5200c42e41b,213cf34b-1792-4a91-89a9-a380f66d1a06,booking,"{""content_title"": ""Web3 Showcase"", ""time"": ""16:44""}",2026-03-16 16:44:00+00,2026-03-16 16:44:00+00
971d01d9-84a2-4c5d-a051-d6c028c7f93a,ee63f7e6-0a2a-4939-ad49-20dd1b9590aa,no_show_warning_1,"{""content_title"": ""Web3 Showcase"", ""time"": ""19:58""}",2026-04-04 19:58:00+00,2026-04-04 19:58:00+00
400066d5-4451-42f1-ba98-6581e86278db,6e8b0bc3-fd27-4d01-a13c-14a9a6aa03bb,booking,"{""content_title"": ""Future City Layers"", ""time"": ""11:49""}",2026-03-20 11:49:00+00,2026-03-20 11:49:00+00
bdbf6b4f-4cf6-4028-87c3-6204b68342ce,d9172c5c-ab84-45b8-94fa-86be9a4f5105,cancellation,"{""content_title"": ""AR Anatomy Stand"", ""time"": ""10:19""}",2026-04-10 10:19:00+00,2026-04-10 10:19:00+00
7bca9247-b9a9-4de2-9f93-23c338bc202b,989f077c-4b75-4998-9914-145aeb2a8531,booking,"{""content_title"": ""The Clouds Are Up"", ""time"": ""19:31""}",2026-03-24 19:31:00+00,2026-03-24 19:31:00+00
ff9a3771-eeb4-4493-a6c7-26ed46116eea,0a736495-cb89-446b-9e7a-24151d2fb8e5,booking,"{""content_title"": ""Indulto Creative Talk"", ""time"": ""19:48""}",2026-04-09 19:48:00+00,2026-04-09 19:48:00+00
ab6743a7-6412-4cfb-8b9b-330e532feab1,add9a632-67e1-46ec-86b4-6c83b944ef6d,no_show_warning_1,"{""content_title"": ""A Long Goodbye Panel"", ""time"": ""08:36""}",2026-03-14 08:36:00+00,2026-03-14 08:36:00+00
084fd1e9-bfa3-41be-a21c-d31d1b7a2832,bf19869e-c46b-4466-9d57-992ff6a05328,booking,"{""content_title"": ""AI in Digital Art"", ""time"": ""16:08""}",2026-03-19 16:08:00+00,2026-03-19 16:08:00+00
881d5e9f-18a8-4217-95f2-8de1b7c01b29,c293d3b1-4ec6-4f9c-b240-66951b034cfe,booking,"{""content_title"": ""Deep Ocean Dive"", ""time"": ""11:04""}",2026-03-18 11:04:00+00,2026-03-18 11:04:00+00
51c7ccf4-0b3c-42d6-ba30-4c3b6ee865a8,49a516c4-89e4-46eb-8bfb-6053e3e30b88,booking,"{""content_title"": ""AR Anatomy Stand"", ""time"": ""12:37""}",2026-03-21 12:37:00+00,2026-03-21 12:37:00+00
4e4800b5-4248-4fb3-a950-995d7a0c460c,7637f86e-0822-4e8d-be2f-6b3e00ec9fbb,booking,"{""content_title"": ""Deep Ocean Dive"", ""time"": ""19:38""}",2026-03-18 19:38:00+00,2026-03-18 19:38:00+00
5f27c642-6620-4be3-b3c9-2688e150dafe,b25adb14-07cd-467b-bf70-b2be72e499ef,no_show_warning_1,"{""content_title"": ""Future City Layers"", ""time"": ""12:13""}",2026-04-04 12:13:00+00,2026-04-04 12:13:00+00
366e8b9b-c321-4670-950f-d6f4089e64bd,b21fd889-1e9d-46a4-b226-a8ae8f8d5005,no_show_warning_1,"{""content_title"": ""AR Anatomy Stand"", ""time"": ""13:49""}",2026-03-28 13:49:00+00,2026-03-28 13:49:00+00
969e026b-2688-4b1e-8cc7-c7c2daaf5661,921a7068-5872-4756-b38b-21a2083e46ef,booking,"{""content_title"": ""The Clouds Are Up"", ""time"": ""18:47""}",2026-03-31 18:47:00+00,2026-03-31 18:47:00+00
0de54143-8bf7-4a72-b614-e3a5b9f09739,d17a8285-e0cc-47b0-b455-2a3c047ee1d5,cancellation,"{""content_title"": ""Deep Ocean Dive"", ""time"": ""08:20""}",2026-04-03 08:20:00+00,2026-04-03 08:20:00+00
8458b85e-032c-4f5b-8121-f4bc36812729,6aa6b875-b7b2-4588-b756-233e61081026,booking,"{""content_title"": ""A Long Goodbye Panel"", ""time"": ""20:31""}",2026-04-12 20:31:00+00,2026-04-12 20:31:00+00
03e317c2-8ecf-4bd6-b4db-e5684d565361,989f077c-4b75-4998-9914-145aeb2a8531,booking,"{""content_title"": ""Virtual Palace"", ""time"": ""14:21""}",2026-04-10 14:21:00+00,2026-04-10 14:21:00+00
7574c6f3-b87c-4ef2-8323-067f9f5d2c24,d9172c5c-ab84-45b8-94fa-86be9a4f5105,booking,"{""content_title"": ""Virtual Palace"", ""time"": ""19:30""}",2026-04-11 19:30:00+00,2026-04-11 19:30:00+00
490a3f5e-d6ed-43f1-92f7-5d423042a42e,9ce8c413-b48b-4536-b7e5-43f101d86ff8,booking,"{""content_title"": ""Mars Colony VR"", ""time"": ""16:47""}",2026-04-11 16:47:00+00,2026-04-11 16:47:00+00
36038a5c-e271-4997-955d-3a5a1a35e884,d35a8941-0da6-4bf3-ac24-748de1874163,booking,"{""content_title"": ""B2B Matchmaking"", ""time"": ""09:40""}",2026-03-19 09:40:00+00,2026-03-19 09:40:00+00
97ccfd94-b568-4463-b307-bad4c5d802d4,919df609-e2da-4432-9b33-33e7e83e6ac9,no_show_warning_1,"{""content_title"": ""Dark Rooms VR"", ""time"": ""19:24""}",2026-04-03 19:24:00+00,2026-04-03 19:24:00+00
5c0b5964-6cea-413d-b6c1-df4ab751ff87,7f931bdb-76b2-47e4-ade8-481018bccdb2,cancellation,"{""content_title"": ""Tech Founders Meetup"", ""time"": ""10:38""}",2026-04-01 10:38:00+00,2026-04-01 10:38:00+00
ced3154b-0bdf-4369-95b3-172dedb325a8,d8249b92-3841-4a3f-af23-1678614e8659,booking,"{""content_title"": ""Robotics Live"", ""time"": ""13:52""}",2026-04-04 13:52:00+00,2026-04-04 13:52:00+00
db8add8f-67ce-4b7a-82c8-ef4c452cf504,af926477-88bc-46b9-8901-673bc4e0c6c8,booking,"{""content_title"": ""Deep Ocean Dive"", ""time"": ""19:56""}",2026-04-08 19:56:00+00,2026-04-08 19:56:00+00
2b140d1c-0979-4d0c-93c2-ea1e75843d09,616c7af7-b31e-4d6d-a1f3-557bf59f52ad,booking,"{""content_title"": ""Crafting Crimes AR"", ""time"": ""18:17""}",2026-03-27 18:17:00+00,2026-03-27 18:17:00+00
d0569664-4347-4c22-b274-2b9372093f70,9757a490-8a8c-4575-ad30-b96c8929687c,no_show_warning_1,"{""content_title"": ""Deep Ocean Dive"", ""time"": ""20:22""}",2026-03-16 20:22:00+00,2026-03-16 20:22:00+00
fedd7d2d-d59f-4496-82b7-87cd5f81aacf,302424aa-d384-44e5-a350-022693b8c6b6,booking,"{""content_title"": ""AI in Digital Art"", ""time"": ""13:18""}",2026-04-04 13:18:00+00,2026-04-04 13:18:00+00
1df8aaa1-dc5d-458d-bd4f-74965c53d514,b24da865-72df-4e3c-af0c-db91cd6443c1,info,"{""content_title"": ""Deep Ocean Dive"", ""time"": ""20:07""}",2026-03-16 20:07:00+00,2026-03-16 20:07:00+00
d5b37198-5e9b-480d-ab94-e304c3f6947f,b77d5a14-95f8-4aed-aea9-8b1312e2cac0,booking,"{""content_title"": ""The Clouds Are Up"", ""time"": ""18:01""}",2026-03-14 18:01:00+00,2026-03-14 18:01:00+00
e33b7698-bff2-4d0a-8e6f-8f42964f3d90,f6919fa0-17ba-4443-a695-9f45fa017a34,booking,"{""content_title"": ""Startup Pitches"", ""time"": ""14:02""}",2026-04-08 14:02:00+00,2026-04-08 14:02:00+00
4f897e9d-aeb1-470f-ab84-0c6c3e67a842,b8ecce1e-90cc-43e8-b0f2-2d03a4333611,booking,"{""content_title"": ""The Clouds Are Up"", ""time"": ""15:39""}",2026-04-06 15:39:00+00,2026-04-06 15:39:00+00
927dbbf3-8f8b-4684-b303-609adaef1d08,00b85947-036c-4695-90b8-e99838d56f7d,booking,"{""content_title"": ""Crafting Crimes AR"", ""time"": ""15:03""}",2026-04-03 15:03:00+00,2026-04-03 15:03:00+00
9804536d-5a2f-4c98-9e1c-e905961a73bf,89b6d6d6-8f2c-4bbc-a136-7fde367ea32c,cancellation,"{""content_title"": ""Mars Colony VR"", ""time"": ""14:15""}",2026-03-19 14:15:00+00,2026-03-19 14:15:00+00
52888257-2fe4-4d2d-bc35-a70a8a1739fe,331f9dc2-3de5-4a22-8efc-06502e462b34,cancellation,"{""content_title"": ""Quantum Computing Intro"", ""time"": ""17:35""}",2026-03-26 17:35:00+00,2026-03-26 17:35:00+00
488f27a3-6873-4f82-84d5-7bb086113926,21fce4a1-6586-443a-bb5f-24a146baaa37,booking,"{""content_title"": ""Virtual Palace"", ""time"": ""10:08""}",2026-04-03 10:08:00+00,2026-04-03 10:08:00+00
535692fc-7760-4328-998b-a7c41dfed9e0,cf3a66c1-5d0a-44a3-8594-be2d8c2a1f96,no_show_warning_1,"{""content_title"": ""Mars Colony VR"", ""time"": ""18:01""}",2026-03-27 18:01:00+00,2026-03-27 18:01:00+00
6564a264-b77a-4e34-81d7-603d95840ad0,ace7bf9f-7d97-4317-a3ce-3c8482f9bc97,booking,"{""content_title"": ""Blender Modeling"", ""time"": ""12:39""}",2026-03-26 12:39:00+00,2026-03-26 12:39:00+00
635493f0-b35a-401c-a347-02c5a1162882,8e62814c-526d-4ce9-a6d2-df25109e1132,booking,"{""content_title"": ""Coding 101"", ""time"": ""11:05""}",2026-03-31 11:05:00+00,2026-03-31 11:05:00+00
4befa6f4-3243-4a66-abec-867204992412,04cdf895-1973-4269-9135-92ac847243ab,booking,"{""content_title"": ""AI in Digital Art"", ""time"": ""10:24""}",2026-03-18 10:24:00+00,2026-03-18 10:24:00+00
0d0d08c0-7514-40d2-b4f5-3236a65208e7,b3f4cd8d-2550-444e-8b59-a81c905c208a,info,"{""content_title"": ""Interactive History"", ""time"": ""10:31""}",2026-03-26 10:31:00+00,2026-03-26 10:31:00+00
f8c9d77c-1db4-4af1-be4e-e92651c20d5a,b61d079d-ec62-4167-8eba-09a5727aaf7f,booking,"{""content_title"": ""The Clouds Are Up"", ""time"": ""17:35""}",2026-03-26 17:35:00+00,2026-03-26 17:35:00+00
0b872f60-2244-42ef-becd-69a60b0b01d6,af1806a5-beab-4ade-9b17-fda14b931432,booking,"{""content_title"": ""Future City Layers"", ""time"": ""09:54""}",2026-03-24 09:54:00+00,2026-03-24 09:54:00+00
e58e42cc-5eee-4483-801d-a4053039d01b,7ee662d4-5381-4c7d-a59c-31a3588526a9,no_show_warning_1,"{""content_title"": ""Virtual Palace"", ""time"": ""11:48""}",2026-04-01 11:48:00+00,2026-04-01 11:48:00+00
3f955174-de40-4a15-a25d-7825bdc72e43,775b7504-5841-4e93-8231-16f210ef87a2,cancellation,"{""content_title"": ""Web3 Showcase"", ""time"": ""16:02""}",2026-04-11 16:02:00+00,2026-04-11 16:02:00+00
5f2161e1-8513-4013-9206-ce84442885b9,c91331ed-1e32-4944-9f26-447f7ff12eae,booking,"{""content_title"": ""The Clouds Are Up"", ""time"": ""12:01""}",2026-04-06 12:01:00+00,2026-04-06 12:01:00+00
b4849024-abfb-4de5-95a6-02f39035d6d8,b77d5a14-95f8-4aed-aea9-8b1312e2cac0,booking,"{""content_title"": ""Tech Founders Meetup"", ""time"": ""10:52""}",2026-03-21 10:52:00+00,2026-03-21 10:52:00+00
896317b8-59a5-4876-93db-b9ea32d9003f,dd61e0d3-e9cc-45e9-9388-679ec8549004,cancellation,"{""content_title"": ""Dark Rooms VR"", ""time"": ""17:19""}",2026-03-22 17:19:00+00,2026-03-22 17:19:00+00
73d37efe-d7ca-415a-a83c-54e225264a38,0388b60a-a6e6-4161-a081-3aecda990daa,booking,"{""content_title"": ""Crafting Crimes AR"", ""time"": ""18:35""}",2026-03-28 18:35:00+00,2026-03-28 18:35:00+00
525941c2-144e-4eba-9c3f-f25e65cfc9c9,642aef68-84f7-4a98-9e9e-5ff30559da65,booking,"{""content_title"": ""Decision Maker Summit"", ""time"": ""13:39""}",2026-03-16 13:39:00+00,2026-03-16 13:39:00+00
4ccb4abb-ada7-46f8-bcd7-c17c4a546492,6d399b1a-e459-4f03-9c13-f7f2589675ab,booking,"{""content_title"": ""Virtual Palace"", ""time"": ""18:27""}",2026-04-01 18:27:00+00,2026-04-01 18:27:00+00
475887df-8e21-442f-9893-a18245abb03b,cfaa9bc0-61ff-4909-bdcf-8db08a2207b1,booking,"{""content_title"": ""Dark Rooms VR"", ""time"": ""18:44""}",2026-03-31 18:44:00+00,2026-03-31 18:44:00+00
32fb22e9-79ca-47bb-bb2a-041de18bc8e5,878fadea-23af-4f58-87ed-46a070606bc5,booking,"{""content_title"": ""The Clouds Are Up"", ""time"": ""09:36""}",2026-03-30 09:36:00+00,2026-03-30 09:36:00+00
775ee9ca-ffed-4456-8532-af6b5d3c7bc9,cf3a66c1-5d0a-44a3-8594-be2d8c2a1f96,booking,"{""content_title"": ""Quantum Computing Intro"", ""time"": ""09:26""}",2026-03-25 09:26:00+00,2026-03-25 09:26:00+00
c5b5c2b3-af7b-4792-a518-0f0037ca6ab2,9e2697c6-1e4b-4d6a-89ef-af96f7ba23ca,booking,"{""content_title"": ""AR Anatomy Stand"", ""time"": ""13:12""}",2026-04-11 13:12:00+00,2026-04-11 13:12:00+00
c0491cd8-f71a-4df7-97db-7e471ccdb71e,2ebded65-4ef7-49f5-9a7e-6dc674d75ea0,cancellation,"{""content_title"": ""AR Anatomy Stand"", ""time"": ""09:08""}",2026-03-19 09:08:00+00,2026-03-19 09:08:00+00
108a9fae-b443-43ba-ba43-0481fbae8154,fe409ded-b88a-4cf0-91c7-55e2abaf0d7a,cancellation,"{""content_title"": ""Crafting Crimes AR"", ""time"": ""16:56""}",2026-03-13 16:56:00+00,2026-03-13 16:56:00+00
2e9e2ee6-bc66-4dc0-9b5d-b3c73cde5614,59633ec9-06ff-4f95-84f1-b9438013e9cf,booking,"{""content_title"": ""Future City Layers"", ""time"": ""18:15""}",2026-03-15 18:15:00+00,2026-03-15 18:15:00+00
fee6012f-c3e6-47fa-a589-a64b32f1ac5f,fa02f983-ed58-4d26-8bcc-9da296bec588,no_show_warning_1,"{""content_title"": ""Web3 Showcase"", ""time"": ""13:26""}",2026-03-15 13:26:00+00,2026-03-15 13:26:00+00
f6431186-1c7e-4963-8028-090f20513494,73abbc35-126b-48ef-ac4b-cf66924b1559,cancellation,"{""content_title"": ""Dark Rooms VR"", ""time"": ""18:27""}",2026-03-23 18:27:00+00,2026-03-23 18:27:00+00
ceee92b6-57ff-4c46-bc40-ddf848d6349d,6b88863a-8c03-4938-adc9-75b625c861bc,booking,"{""content_title"": ""Dark Rooms VR"", ""time"": ""15:49""}",2026-04-07 15:49:00+00,2026-04-07 15:49:00+00
ef99c3e1-fc0a-4a35-a229-2f9e8d1e24b6,2ebded65-4ef7-49f5-9a7e-6dc674d75ea0,booking,"{""content_title"": ""AR Anatomy Stand"", ""time"": ""15:36""}",2026-03-20 15:36:00+00,2026-03-20 15:36:00+00
ee3d3986-e27b-4606-9544-70cacab6f798,0ebc598a-283e-4e85-87ef-c8c59f4dae96,cancellation,"{""content_title"": ""Interactive History"", ""time"": ""16:54""}",2026-03-20 16:54:00+00,2026-03-20 16:54:00+00
1290acdd-c9fc-45dd-a7b3-ec004c504601,27147332-d8ad-4631-a134-2c386a2b7c46,booking,"{""content_title"": ""Mars Colony VR"", ""time"": ""15:14""}",2026-03-31 15:14:00+00,2026-03-31 15:14:00+00
0680922c-8cee-41d1-8780-4dc27cfff0c0,d8249b92-3841-4a3f-af23-1678614e8659,booking,"{""content_title"": ""Crafting Crimes AR"", ""time"": ""15:54""}",2026-03-19 15:54:00+00,2026-03-19 15:54:00+00
1cbf14e9-90c9-43d3-8ce2-1af11b2dd019,f9069bb1-a0e8-4d0e-a0de-c73595239aaa,no_show_warning_1,"{""content_title"": ""The Clouds Are Up"", ""time"": ""20:31""}",2026-04-03 20:31:00+00,2026-04-03 20:31:00+00
7cdface8-749b-4b9c-ba3b-471f4087b009,708d81a0-531e-4587-86f9-281b16595e24,booking,"{""content_title"": ""Unity Basics"", ""time"": ""19:20""}",2026-03-20 19:20:00+00,2026-03-20 19:20:00+00
86b9987c-8510-4630-93d7-0266554d0289,925527af-34f9-4f6a-92e8-39fe4efbb0cb,booking,"{""content_title"": ""Interactive History"", ""time"": ""19:15""}",2026-03-29 19:15:00+00,2026-03-29 19:15:00+00
af1493f5-0987-48af-82fc-3919794a407e,00b85947-036c-4695-90b8-e99838d56f7d,booking,"{""content_title"": ""Tech Founders Meetup"", ""time"": ""13:15""}",2026-03-16 13:15:00+00,2026-03-16 13:15:00+00
8203092d-6fac-47f0-a96c-5a26bcbc321a,c2fc4359-87eb-44a0-8c40-bdb49490b58b,booking,"{""content_title"": ""Tech Founders Meetup"", ""time"": ""09:55""}",2026-04-09 09:55:00+00,2026-04-09 09:55:00+00
fd53e56f-7296-4cec-a61b-68f71524833b,4e490d35-0731-44ae-9084-cddac927c22d,booking,"{""content_title"": ""Indulto Creative Talk"", ""time"": ""14:23""}",2026-04-02 14:23:00+00,2026-04-02 14:23:00+00
42603be1-c127-40a4-beb2-113e64d14208,1775dd60-1f41-4a32-a135-409fc1e5a526,cancellation,"{""content_title"": ""Blender Modeling"", ""time"": ""10:34""}",2026-03-15 10:34:00+00,2026-03-15 10:34:00+00
a232cb6a-02e4-4c53-8a5e-2da05c4d3c67,b8ecce1e-90cc-43e8-b0f2-2d03a4333611,booking,"{""content_title"": ""The Clouds Are Up"", ""time"": ""12:13""}",2026-03-20 12:13:00+00,2026-03-20 12:13:00+00
5dbc6e29-7f16-4094-bfef-a7f5deafa09c,a572e1fc-ff11-4875-8646-60f13f97be4e,booking,"{""content_title"": ""Web3 Showcase"", ""time"": ""08:33""}",2026-04-08 08:33:00+00,2026-04-08 08:33:00+00
2d9b342a-6a7c-4f54-88f8-70eaa8359217,ef48f56f-c3a1-42f0-97d3-38752efc487d,booking,"{""content_title"": ""Deep Ocean Dive"", ""time"": ""12:07""}",2026-03-26 12:07:00+00,2026-03-26 12:07:00+00
eedc2e49-e629-46cf-9051-ad00824a0280,7f931bdb-76b2-47e4-ade8-481018bccdb2,booking,"{""content_title"": ""Virtual Palace"", ""time"": ""09:11""}",2026-03-15 09:11:00+00,2026-03-15 09:11:00+00
bc5b12d7-6299-483b-9cb0-af4bb3d030db,fa02f983-ed58-4d26-8bcc-9da296bec588,booking,"{""content_title"": ""VC Speed Dating"", ""time"": ""17:52""}",2026-04-10 17:52:00+00,2026-04-10 17:52:00+00
36607bae-e732-4010-825b-0d161ffca948,f6c39e34-336f-42ab-b2b4-2e7b87f91f13,booking,"{""content_title"": ""Future City Layers"", ""time"": ""10:30""}",2026-03-23 10:30:00+00,2026-03-23 10:30:00+00
768ae7fd-6c13-4fb6-8eff-08dcca1e210d,df71f24f-fa8e-45d6-ae68-c7ee0bd1f52f,booking,"{""content_title"": ""Interactive History"", ""time"": ""14:05""}",2026-03-20 14:05:00+00,2026-03-20 14:05:00+00
84e5361c-13de-4c30-9ca9-19c2ddca2296,e700f243-a7f6-496c-8c13-28ad358a215d,no_show_warning_1,"{""content_title"": ""AI in Digital Art"", ""time"": ""10:18""}",2026-03-23 10:18:00+00,2026-03-23 10:18:00+00
69892f9d-ad6c-458b-8890-40c8a3895081,59633ec9-06ff-4f95-84f1-b9438013e9cf,booking,"{""content_title"": ""Quantum Computing Intro"", ""time"": ""18:06""}",2026-03-17 18:06:00+00,2026-03-17 18:06:00+00
08edb7ca-b485-4d05-b503-6a19b6ced10a,21fce4a1-6586-443a-bb5f-24a146baaa37,booking,"{""content_title"": ""AI in Digital Art"", ""time"": ""15:34""}",2026-04-05 15:34:00+00,2026-04-05 15:34:00+00
6f393b1d-ceff-47cb-a81f-67cc8a400b54,352198ee-66dd-4318-967f-f8dc532262d9,booking,"{""content_title"": ""VC Speed Dating"", ""time"": ""12:55""}",2026-04-09 12:55:00+00,2026-04-09 12:55:00+00
4ac0fcb1-7bf8-410b-afdf-4743d004f8e8,6d57b99a-5bc5-46ae-aee4-65e77e712f35,booking,"{""content_title"": ""Coding 101"", ""time"": ""17:35""}",2026-04-10 17:35:00+00,2026-04-10 17:35:00+00
4e0ce5aa-8b4b-4522-9877-4b9057bf0658,37ac749e-1b82-474e-aae8-dfc2477b8b1b,booking,"{""content_title"": ""Robotics Live"", ""time"": ""17:03""}",2026-03-17 17:03:00+00,2026-03-17 17:03:00+00
1368448d-c00c-45ab-8a26-fb2767ff3220,b1994724-ed90-4d4e-a85e-6eb0e2ede1b1,no_show_warning_1,"{""content_title"": ""B2B Matchmaking"", ""time"": ""10:10""}",2026-03-18 10:10:00+00,2026-03-18 10:10:00+00
cd6f7f18-dd23-49be-b175-4e968d67fcd7,1536a266-46bf-448e-b22d-841162e7dd1a,booking,"{""content_title"": ""Deep Ocean Dive"", ""time"": ""12:54""}",2026-03-15 12:54:00+00,2026-03-15 12:54:00+00
8a679354-849b-4f3a-a2a8-38685a8987b2,7f2c142b-a151-47da-b4b8-b6015b0d589d,booking,"{""content_title"": ""AR Anatomy Stand"", ""time"": ""08:18""}",2026-03-30 08:18:00+00,2026-03-30 08:18:00+00
5fbea01c-fad4-4f02-b1d7-e8b76b39ef9b,d4847e48-6a53-4522-9af2-8a3007fc04b0,booking,"{""content_title"": ""Mars Colony VR"", ""time"": ""20:10""}",2026-03-15 20:10:00+00,2026-03-15 20:10:00+00
d900df24-a824-47e7-9f35-74b71ff43ff7,1c8a6763-d23e-4719-a453-89a75cdc93e5,booking,"{""content_title"": ""Deep Ocean Dive"", ""time"": ""18:47""}",2026-03-21 18:47:00+00,2026-03-21 18:47:00+00
4ff800c0-c8ca-4c06-851d-730a15adb5c6,6e3b8e45-03ea-48b9-a788-6d07ec89e181,booking,"{""content_title"": ""Quantum Computing Intro"", ""time"": ""15:36""}",2026-03-31 15:36:00+00,2026-03-31 15:36:00+00
e1513cfd-0a56-4477-a67d-f8bf14499e2a,ffe638a5-f192-4d3c-b5a1-12b244635407,cancellation,"{""content_title"": ""Deep Ocean Dive"", ""time"": ""10:26""}",2026-03-15 10:26:00+00,2026-03-15 10:26:00+00
1b9d8999-73c4-494c-b50c-c266257c6152,0a736495-cb89-446b-9e7a-24151d2fb8e5,booking,"{""content_title"": ""Startup Pitches"", ""time"": ""11:08""}",2026-03-19 11:08:00+00,2026-03-19 11:08:00+00
cb4725ef-7946-401f-a9d7-1571d51c2878,67c87fc9-9291-4e72-b262-5a7e48896dc7,booking,"{""content_title"": ""Mars Colony VR"", ""time"": ""08:51""}",2026-03-17 08:51:00+00,2026-03-17 08:51:00+00
cf633f4e-2677-4fa6-83df-6bd1fd8b14f6,1124ad69-800c-4e31-a45d-7b219d46e676,booking,"{""content_title"": ""AR Anatomy Stand"", ""time"": ""08:29""}",2026-03-29 08:29:00+00,2026-03-29 08:29:00+00
d02dd120-8acc-4a10-82fd-3c084acd3c24,c06eaee3-78ee-4a32-9892-1a9f2fbb60bb,booking,"{""content_title"": ""Virtual Palace"", ""time"": ""13:28""}",2026-03-20 13:28:00+00,2026-03-20 13:28:00+00
eb92eb95-f009-4825-8da8-028c211ba5b9,650fdd4e-bcdc-4ad8-80b1-feca69a0f6e4,no_show_warning_1,"{""content_title"": ""Unity Basics"", ""time"": ""13:46""}",2026-03-16 13:46:00+00,2026-03-16 13:46:00+00
82ca9988-84c0-4020-ad65-61810420d4a6,e103d626-3bb6-43d2-8ce2-ae975d1c11e2,booking,"{""content_title"": ""A Long Goodbye Panel"", ""time"": ""10:18""}",2026-03-31 10:18:00+00,2026-03-31 10:18:00+00
025cd3ae-a372-498b-b5b9-4a2907fb3da8,77147f9a-f41b-4e8e-8b05-d9b82f7904a2,booking,"{""content_title"": ""Startup Pitches"", ""time"": ""09:13""}",2026-04-01 09:13:00+00,2026-04-01 09:13:00+00
ea929f80-fa8f-4ddd-a25a-780fcc9ac385,132174fa-c732-4ddb-a60d-58ed420bc6c8,booking,"{""content_title"": ""Virtual Palace"", ""time"": ""16:30""}",2026-03-24 16:30:00+00,2026-03-24 16:30:00+00
f0b19446-11fd-48bb-abf2-64561457714c,00b85947-036c-4695-90b8-e99838d56f7d,no_show_warning_1,"{""content_title"": ""AR Anatomy Stand"", ""time"": ""17:19""}",2026-04-11 17:19:00+00,2026-04-11 17:19:00+00
f4329e78-14ce-44af-9945-09cff090fe50,9278d5c7-9c0c-4200-a5e8-3ff3e383db25,cancellation,"{""content_title"": ""Mars Colony VR"", ""time"": ""18:44""}",2026-03-17 18:44:00+00,2026-03-17 18:44:00+00
ce3fed26-fd86-4bb5-82c8-252f795c0f04,77d97a73-086e-4df8-8514-e7f26bee6625,info,"{""content_title"": ""Mars Colony VR"", ""time"": ""15:01""}",2026-04-08 15:01:00+00,2026-04-08 15:01:00+00
e5d963e7-9a92-4a95-b380-a8e020ebcd9d,bac51acf-4234-40d6-996c-35c04c9739bf,booking,"{""content_title"": ""Mars Colony VR"", ""time"": ""18:40""}",2026-03-21 18:40:00+00,2026-03-21 18:40:00+00
232fb1e2-94a4-4360-a654-dd1d10975bef,c293d3b1-4ec6-4f9c-b240-66951b034cfe,booking,"{""content_title"": ""Coding 101"", ""time"": ""18:37""}",2026-04-07 18:37:00+00,2026-04-07 18:37:00+00
ca43304d-4aaf-4dbf-b905-ec7fd168bdf9,f142e2cb-5163-424e-bd27-a1fda1bdc285,no_show_warning_1,"{""content_title"": ""Crafting Crimes AR"", ""time"": ""19:14""}",2026-04-04 19:14:00+00,2026-04-04 19:14:00+00
8e22d060-6abb-43d8-ab96-23902ac4e00c,9a773e20-523f-426d-b32b-2f5f8aaa75c9,booking,"{""content_title"": ""Interactive History"", ""time"": ""09:17""}",2026-04-10 09:17:00+00,2026-04-10 09:17:00+00
c33f2b3e-0930-4838-a475-1e5870a672ef,76173376-35ea-4844-a3c0-899f65c32fef,booking,"{""content_title"": ""Startup Pitches"", ""time"": ""18:30""}",2026-03-22 18:30:00+00,2026-03-22 18:30:00+00
4bb4768e-c20d-4a36-a402-5ea18339c6ea,ea3bde77-6d81-45e8-b16d-6c9bd76dec9b,booking,"{""content_title"": ""Interactive History"", ""time"": ""20:07""}",2026-03-14 20:07:00+00,2026-03-14 20:07:00+00
597dfd4d-ea7b-4d4d-8dbe-f069d5871187,d4ff2cfb-4f9f-4efe-9925-fd2207ba2ce1,no_show_warning_1,"{""content_title"": ""Tech Founders Meetup"", ""time"": ""11:25""}",2026-04-06 11:25:00+00,2026-04-06 11:25:00+00
3e4b436c-ccb2-4841-99bd-6e70ba73bdf5,b5e4e559-9122-47bd-a18f-33ca43e3790e,cancellation,"{""content_title"": ""NextGen Hardware"", ""time"": ""20:41""}",2026-04-07 20:41:00+00,2026-04-07 20:41:00+00
0399063e-b3f7-4beb-b64e-ca86e84c72a6,19c86fcf-20f5-47bc-ae17-fe9c37da60a2,no_show_warning_1,"{""content_title"": ""AR Anatomy Stand"", ""time"": ""15:48""}",2026-03-15 15:48:00+00,2026-03-15 15:48:00+00
1d5a89fb-30ab-4f8b-ae4b-f2554dd696ca,6d57b99a-5bc5-46ae-aee4-65e77e712f35,cancellation,"{""content_title"": ""Dark Rooms VR"", ""time"": ""12:53""}",2026-04-08 12:53:00+00,2026-04-08 12:53:00+00
21c46be9-405a-4dde-b06c-07211d5fef5c,665a27f9-470a-4596-a9b3-85709e1053bf,booking,"{""content_title"": ""Quantum Computing Intro"", ""time"": ""15:56""}",2026-03-23 15:56:00+00,2026-03-23 15:56:00+00
d22019dc-f3cd-478a-9dc5-56088ed9a7b2,e103d626-3bb6-43d2-8ce2-ae975d1c11e2,booking,"{""content_title"": ""Virtual Palace"", ""time"": ""10:48""}",2026-03-28 10:48:00+00,2026-03-28 10:48:00+00
4eff3ca1-e798-4333-a39e-c7ae11f5d3f6,64cf304e-5f61-4c38-ba9f-2089bf40ed77,cancellation,"{""content_title"": ""AR Anatomy Stand"", ""time"": ""19:20""}",2026-03-24 19:20:00+00,2026-03-24 19:20:00+00
9a51f6b6-8fb6-4eb5-a705-e09b2e7a80e6,eabbbeab-b630-40fc-b414-b77f7244b90a,booking,"{""content_title"": ""Dark Rooms VR"", ""time"": ""14:58""}",2026-03-14 14:58:00+00,2026-03-14 14:58:00+00
34c59295-b1f2-4257-9e5e-4a3aca76d267,1ba786a6-5ac9-4dc2-be2b-3c9f40dc498a,booking,"{""content_title"": ""Mars Colony VR"", ""time"": ""12:00""}",2026-04-12 12:00:00+00,2026-04-12 12:00:00+00
c3037344-80b6-400c-bb7b-822d5a4a1c8f,9803becc-e1fd-4cc3-ac4c-b4cdd8aeb526,cancellation,"{""content_title"": ""AI in Digital Art"", ""time"": ""08:55""}",2026-03-30 08:55:00+00,2026-03-30 08:55:00+00
57314060-2496-4e37-b284-43664eb21f6a,8f7f5663-db93-4434-b989-a5cc26c76a40,no_show_warning_1,"{""content_title"": ""Virtual Palace"", ""time"": ""14:45""}",2026-03-21 14:45:00+00,2026-03-21 14:45:00+00
45f414ca-f558-476f-97bb-253a39b74692,54e21a31-2a25-4d73-95b3-d890d5a4fe5e,booking,"{""content_title"": ""Indulto Creative Talk"", ""time"": ""08:04""}",2026-03-26 08:04:00+00,2026-03-26 08:04:00+00
01dc5e46-46e2-4bd0-aa44-08a0b02403cf,d35a8941-0da6-4bf3-ac24-748de1874163,no_show_warning_1,"{""content_title"": ""Tech Founders Meetup"", ""time"": ""15:26""}",2026-04-03 15:26:00+00,2026-04-03 15:26:00+00
f1147e5c-1dfd-4c14-a146-a2475a1811a5,b1994724-ed90-4d4e-a85e-6eb0e2ede1b1,booking,"{""content_title"": ""NextGen Hardware"", ""time"": ""12:23""}",2026-04-08 12:23:00+00,2026-04-08 12:23:00+00
6ac7ddcc-3cbd-4e7e-9108-52ff4fc0f9c6,428acf49-d539-45ec-ac88-bd9de2dca5ff,booking,"{""content_title"": ""Crafting Crimes AR"", ""time"": ""16:19""}",2026-04-08 16:19:00+00,2026-04-08 16:19:00+00
3eac39da-8174-4263-a161-2e581f55ad26,52489b31-bb80-406d-a330-92f66fad186f,cancellation,"{""content_title"": ""Startup Pitches"", ""time"": ""09:47""}",2026-04-02 09:47:00+00,2026-04-02 09:47:00+00
73f442e0-3428-4233-8b98-e6c7a443a97b,d653df1e-e3e0-43ce-8816-4bb6e269acdb,booking,"{""content_title"": ""B2B Matchmaking"", ""time"": ""10:51""}",2026-03-27 10:51:00+00,2026-03-27 10:51:00+00
c4629bcb-4981-45f5-8d4b-4a8e81efb95b,6aa6b875-b7b2-4588-b756-233e61081026,cancellation,"{""content_title"": ""Dark Rooms VR"", ""time"": ""11:20""}",2026-03-13 11:20:00+00,2026-03-13 11:20:00+00
e468b723-08b6-4329-b0c5-874144f0bc48,b1994724-ed90-4d4e-a85e-6eb0e2ede1b1,booking,"{""content_title"": ""Web3 Showcase"", ""time"": ""19:21""}",2026-04-11 19:21:00+00,2026-04-11 19:21:00+00
a3edfc00-8e07-42fa-8533-63babb45a71c,a75ec81d-b74a-4c20-8696-6354ff23b945,booking,"{""content_title"": ""Future City Layers"", ""time"": ""16:08""}",2026-03-24 16:08:00+00,2026-03-24 16:08:00+00
41c87bae-9841-45bb-ae5d-5bd4c4706e1e,53863bde-95c9-405d-ad5f-fd8773f1428e,no_show_warning_1,"{""content_title"": ""AI in Digital Art"", ""time"": ""17:22""}",2026-03-30 17:22:00+00,2026-03-30 17:22:00+00
4a4de246-c01d-4f06-897d-e408e9f4b2be,641f75ab-3d99-4832-88f9-a7ce552cc967,booking,"{""content_title"": ""Future City Layers"", ""time"": ""10:54""}",2026-03-13 10:54:00+00,2026-03-13 10:54:00+00
08a8a73d-72d9-419e-b496-116351cb003b,7ee662d4-5381-4c7d-a59c-31a3588526a9,booking,"{""content_title"": ""Virtual Palace"", ""time"": ""10:22""}",2026-03-14 10:22:00+00,2026-03-14 10:22:00+00
0075b952-e3d0-449f-bdae-43be53a95b1e,21fce4a1-6586-443a-bb5f-24a146baaa37,booking,"{""content_title"": ""VC Speed Dating"", ""time"": ""12:51""}",2026-04-06 12:51:00+00,2026-04-06 12:51:00+00
d9714153-3fec-44c1-8716-a61e1c1180eb,9803becc-e1fd-4cc3-ac4c-b4cdd8aeb526,booking,"{""content_title"": ""Indulto Creative Talk"", ""time"": ""19:12""}",2026-04-04 19:12:00+00,2026-04-04 19:12:00+00
dfce1b55-fb0a-49dd-990f-23ee14be526e,a02575e9-2d4e-46c4-9379-2f9af36b3bd5,booking,"{""content_title"": ""Deep Ocean Dive"", ""time"": ""11:03""}",2026-03-13 11:03:00+00,2026-03-13 11:03:00+00
bd07f939-22f1-488b-a9c9-5bf2a54bd987,f6c39e34-336f-42ab-b2b4-2e7b87f91f13,booking,"{""content_title"": ""Interactive History"", ""time"": ""16:06""}",2026-03-13 16:06:00+00,2026-03-13 16:06:00+00
bad005b6-b64f-4de8-8c8e-8c2db490befa,9edb722a-149e-4f61-a073-0ca1d1374479,booking,"{""content_title"": ""Decision Maker Summit"", ""time"": ""14:31""}",2026-03-13 14:31:00+00,2026-03-13 14:31:00+00
da65f8de-81da-4ff0-89ae-2c498519e21d,8e62814c-526d-4ce9-a6d2-df25109e1132,booking,"{""content_title"": ""A Long Goodbye Panel"", ""time"": ""15:09""}",2026-03-16 15:09:00+00,2026-03-16 15:09:00+00
a5b5aab9-5652-4151-9458-8a4150083d5e,2c7c9331-ffa1-4b87-81c0-2ce4c66873f7,booking,"{""content_title"": ""Future City Layers"", ""time"": ""18:57""}",2026-04-11 18:57:00+00,2026-04-11 18:57:00+00
f2ae39da-fc91-4fdc-b83f-eb4b2d28a822,351336a8-c1fc-460f-a9ab-06eb05c88037,booking,"{""content_title"": ""Future City Layers"", ""time"": ""19:16""}",2026-03-15 19:16:00+00,2026-03-15 19:16:00+00
ac96c1a3-003a-472f-9abe-81a6806d43b4,40a64fca-58e1-4b94-92b3-52b75604e8e8,booking,"{""content_title"": ""AR Anatomy Stand"", ""time"": ""08:12""}",2026-03-23 08:12:00+00,2026-03-23 08:12:00+00
a6be8bd1-7bf3-41ff-9d24-db193fd1fe43,9ee87649-9f68-4fcf-972f-cfa20f0d83d2,booking,"{""content_title"": ""Mars Colony VR"", ""time"": ""14:36""}",2026-03-25 14:36:00+00,2026-03-25 14:36:00+00
389b2471-498b-43a2-acb6-e1f44b009e45,3b51a7d6-d2c0-4bdd-b46c-cc2455f41839,booking,"{""content_title"": ""Deep Ocean Dive"", ""time"": ""13:32""}",2026-03-14 13:32:00+00,2026-03-14 13:32:00+00
2d79c938-1a8f-429f-8b96-775260e0f8f4,1124ad69-800c-4e31-a45d-7b219d46e676,booking,"{""content_title"": ""Future City Layers"", ""time"": ""19:40""}",2026-03-24 19:40:00+00,2026-03-24 19:40:00+00
2c5e0231-82d3-48db-aa4b-1e42da45bad2,8e62814c-526d-4ce9-a6d2-df25109e1132,cancellation,"{""content_title"": ""The Clouds Are Up"", ""time"": ""13:24""}",2026-03-14 13:24:00+00,2026-03-14 13:24:00+00
cdfe332f-b705-4eaf-ad62-18befd76f2ee,27147332-d8ad-4631-a134-2c386a2b7c46,booking,"{""content_title"": ""AI in Digital Art"", ""time"": ""10:50""}",2026-03-16 10:50:00+00,2026-03-16 10:50:00+00
f2896ed1-153c-4381-9cf7-c7d048104d61,3b47b00e-81a0-4b6a-bfdf-5382247b23a8,no_show_warning_1,"{""content_title"": ""Deep Ocean Dive"", ""time"": ""08:25""}",2026-04-11 08:25:00+00,2026-04-11 08:25:00+00
edd301e1-124c-4fda-9f47-08f63104bee4,c0b313d8-2e1b-463e-b226-8785aa2f70a3,booking,"{""content_title"": ""AI in Digital Art"", ""time"": ""10:39""}",2026-04-12 10:39:00+00,2026-04-12 10:39:00+00
8168d191-fb0f-43de-b592-049ea98a958e,9ee87649-9f68-4fcf-972f-cfa20f0d83d2,booking,"{""content_title"": ""Blender Modeling"", ""time"": ""12:02""}",2026-03-28 12:02:00+00,2026-03-28 12:02:00+00
27fba51f-8807-4d40-ae11-585663618ccb,2ebded65-4ef7-49f5-9a7e-6dc674d75ea0,booking,"{""content_title"": ""Dark Rooms VR"", ""time"": ""14:00""}",2026-04-03 14:00:00+00,2026-04-03 14:00:00+00
114a5079-d5fc-481c-bfca-dab462ecaacd,de44337e-17bd-4097-8dad-7ccee1bcd4bf,booking,"{""content_title"": ""Mars Colony VR"", ""time"": ""14:45""}",2026-03-14 14:45:00+00,2026-03-14 14:45:00+00
e5cd5a02-a8d4-414c-9dff-1bbe5fe4bbf9,c906e597-f09b-4a7b-8e79-291d3921bb2f,no_show_warning_1,"{""content_title"": ""Deep Ocean Dive"", ""time"": ""19:52""}",2026-04-06 19:52:00+00,2026-04-06 19:52:00+00
179e6dab-246d-4bf0-bd40-75468747ca55,c2df3d47-09d4-4990-b8b4-ec56b64c34b2,booking,"{""content_title"": ""Future City Layers"", ""time"": ""17:47""}",2026-03-15 17:47:00+00,2026-03-15 17:47:00+00
d6e026ab-ebf6-40cd-af21-2eed49b5ef0a,d17a8285-e0cc-47b0-b455-2a3c047ee1d5,booking,"{""content_title"": ""Indulto Creative Talk"", ""time"": ""11:29""}",2026-03-19 11:29:00+00,2026-03-19 11:29:00+00
4a088c54-cb3f-42c0-94b5-058f5a1e2027,f6c39e34-336f-42ab-b2b4-2e7b87f91f13,booking,"{""content_title"": ""The Clouds Are Up"", ""time"": ""09:10""}",2026-03-30 09:10:00+00,2026-03-30 09:10:00+00
12dd1373-51e7-4e0d-b685-04b485fdf421,7f2c142b-a151-47da-b4b8-b6015b0d589d,booking,"{""content_title"": ""Crafting Crimes AR"", ""time"": ""17:55""}",2026-04-01 17:55:00+00,2026-04-01 17:55:00+00
7630e9c2-dc4d-4c07-921a-eb9970f0d0d1,7637f86e-0822-4e8d-be2f-6b3e00ec9fbb,booking,"{""content_title"": ""Dark Rooms VR"", ""time"": ""18:57""}",2026-04-06 18:57:00+00,2026-04-06 18:57:00+00
f4935b45-90e7-4169-b4eb-d9259891301a,37ac749e-1b82-474e-aae8-dfc2477b8b1b,booking,"{""content_title"": ""Decision Maker Summit"", ""time"": ""15:57""}",2026-04-08 15:57:00+00,2026-04-08 15:57:00+00
e336266a-89c6-43ac-a5be-dae8e4036875,f387723b-397a-42cd-93cb-aec8c07bff8f,booking,"{""content_title"": ""Virtual Palace"", ""time"": ""14:32""}",2026-04-09 14:32:00+00,2026-04-09 14:32:00+00
50c3e187-4cbe-43c1-a65d-3a84b6d26908,11d18861-c594-489b-aabc-122c463ab1f5,cancellation,"{""content_title"": ""Virtual Palace"", ""time"": ""12:10""}",2026-03-29 12:10:00+00,2026-03-29 12:10:00+00
a0009b34-cc8e-47bb-b315-01a99ce64a0a,93cc5c49-be37-44ef-ab75-7d8f24a54386,booking,"{""content_title"": ""AR Anatomy Stand"", ""time"": ""13:41""}",2026-03-14 13:41:00+00,2026-03-14 13:41:00+00
47079869-632c-43b3-bebd-4c78a179e58c,351336a8-c1fc-460f-a9ab-06eb05c88037,booking,"{""content_title"": ""Future City Layers"", ""time"": ""10:44""}",2026-03-24 10:44:00+00,2026-03-24 10:44:00+00
6bcd6db8-e8d2-40a6-be83-2a1ad0857a54,3f4f15d7-9d62-47f8-8ad0-d613c7310009,cancellation,"{""content_title"": ""Web3 Showcase"", ""time"": ""12:59""}",2026-03-14 12:59:00+00,2026-03-14 12:59:00+00
f3db7707-4337-4b43-8eea-a320765d0175,345fb33f-58ba-4f95-b1aa-0631bec10a61,booking,"{""content_title"": ""Future City Layers"", ""time"": ""13:27""}",2026-03-29 13:27:00+00,2026-03-29 13:27:00+00
b97446db-f4d4-4294-ab14-482d413638fb,3c76f0e3-485c-4547-9e76-b7a7b21a6457,booking,"{""content_title"": ""Quantum Computing Intro"", ""time"": ""12:37""}",2026-03-16 12:37:00+00,2026-03-16 12:37:00+00
fbb5b1d5-e27e-45fc-bb38-af3c7cb6b690,8597626b-ce9d-43d8-aca6-24342a53980f,booking,"{""content_title"": ""Deep Ocean Dive"", ""time"": ""08:40""}",2026-03-21 08:40:00+00,2026-03-21 08:40:00+00
7b523328-ae9f-4495-bb6e-51248a40ef17,c99b536d-0e2e-4f31-9afd-28d06a0cfdb3,booking,"{""content_title"": ""Unity Basics"", ""time"": ""10:20""}",2026-03-26 10:20:00+00,2026-03-26 10:20:00+00
d8e32dd2-cda6-42bb-a0a1-38a1b2346048,a5a1cfdd-707e-4ddc-abd6-e1e73dd3302d,no_show_warning_1,"{""content_title"": ""The Clouds Are Up"", ""time"": ""15:17""}",2026-03-24 15:17:00+00,2026-03-24 15:17:00+00
465f4311-3b9d-4759-9962-c6d373935679,161620e5-266a-4216-8307-70a9b36a4020,booking,"{""content_title"": ""The Clouds Are Up"", ""time"": ""14:08""}",2026-04-06 14:08:00+00,2026-04-06 14:08:00+00
bbed7e7d-09e0-418b-9a7f-62d51b2f3cd4,0388b60a-a6e6-4161-a081-3aecda990daa,booking,"{""content_title"": ""Indulto Creative Talk"", ""time"": ""20:05""}",2026-03-29 20:05:00+00,2026-03-29 20:05:00+00
64c24ed7-3dea-4dc8-be03-329b78d5e877,c293d3b1-4ec6-4f9c-b240-66951b034cfe,booking,"{""content_title"": ""Deep Ocean Dive"", ""time"": ""13:05""}",2026-03-31 13:05:00+00,2026-03-31 13:05:00+00
147b5e9f-4dba-4aa5-a4c4-486768505b76,7a8c9b29-717a-46c7-9768-48f59b4f91d0,booking,"{""content_title"": ""Virtual Palace"", ""time"": ""09:44""}",2026-04-07 09:44:00+00,2026-04-07 09:44:00+00
5967cb12-a43e-4520-b3d1-3ba35f15eb33,1e607bdc-9b9c-4b3f-8f9d-c51a26f39eeb,booking,"{""content_title"": ""Mars Colony VR"", ""time"": ""15:31""}",2026-03-31 15:31:00+00,2026-03-31 15:31:00+00
93fddffb-7aca-40ac-9e08-9432116ed09e,08693cd0-73d6-49dd-86e8-564359b27527,booking,"{""content_title"": ""Startup Pitches"", ""time"": ""20:39""}",2026-03-27 20:39:00+00,2026-03-27 20:39:00+00
d6fe7105-ffbf-4b91-8f0c-f756815a8db0,7afcb9d1-d273-41f9-8565-def270a3edfd,booking,"{""content_title"": ""Indulto Creative Talk"", ""time"": ""17:11""}",2026-03-28 17:11:00+00,2026-03-28 17:11:00+00
c040a26a-d64a-46af-89ad-cd75bcdbdec3,5457b5c4-1f54-4705-a0b5-8b3498339443,booking,"{""content_title"": ""Future City Layers"", ""time"": ""12:03""}",2026-03-20 12:03:00+00,2026-03-20 12:03:00+00
bb09a4f5-0103-412e-8ae8-702b2c4c942e,53863bde-95c9-405d-ad5f-fd8773f1428e,booking,"{""content_title"": ""AR Anatomy Stand"", ""time"": ""11:45""}",2026-03-28 11:45:00+00,2026-03-28 11:45:00+00
122d3da5-c1fb-4264-b9dc-1b1a9bff84f7,6d8299c9-fdd7-46ca-9753-338e597ddd37,cancellation,"{""content_title"": ""AI in Digital Art"", ""time"": ""09:04""}",2026-04-06 09:04:00+00,2026-04-06 09:04:00+00
ba6ba066-7d1e-43ee-a13f-0f9f88a4d70c,d35a8941-0da6-4bf3-ac24-748de1874163,no_show_warning_1,"{""content_title"": ""Quantum Computing Intro"", ""time"": ""09:36""}",2026-04-11 09:36:00+00,2026-04-11 09:36:00+00
16b43e5d-bdc4-419d-9a20-10627d58efd5,2c1a3d2d-7aaa-44f8-af4b-0eb88a2ff28b,booking,"{""content_title"": ""Tech Founders Meetup"", ""time"": ""10:41""}",2026-04-07 10:41:00+00,2026-04-07 10:41:00+00
a08b2eed-1bec-48ad-a846-86bcfa94c472,6ff4b208-5b5a-42dc-bae1-b44d1cb3e13d,booking,"{""content_title"": ""Mars Colony VR"", ""time"": ""18:09""}",2026-04-08 18:09:00+00,2026-04-08 18:09:00+00
3366cbe0-e70f-49d6-9bd9-ac5f6bef4518,2b6c0c87-8c5f-4efd-bced-3f006dbc1637,booking,"{""content_title"": ""AR Anatomy Stand"", ""time"": ""16:49""}",2026-04-01 16:49:00+00,2026-04-01 16:49:00+00
daee6058-cb17-498d-8367-771a907088d9,eabbbeab-b630-40fc-b414-b77f7244b90a,booking,"{""content_title"": ""Crafting Crimes AR"", ""time"": ""16:39""}",2026-04-06 16:39:00+00,2026-04-06 16:39:00+00
704d4e1d-c5e1-4b52-beff-6872e62e8abe,7163ab7e-705d-455c-931a-51babd826f9d,booking,"{""content_title"": ""Startup Pitches"", ""time"": ""08:50""}",2026-04-02 08:50:00+00,2026-04-02 08:50:00+00
b2417984-8e93-4efd-a446-e7fb15ddf222,914ac985-071c-41a1-8b5d-17d3acfcafc7,no_show_warning_1,"{""content_title"": ""Crafting Crimes AR"", ""time"": ""10:42""}",2026-03-16 10:42:00+00,2026-03-16 10:42:00+00
a0af203d-5183-4ce1-8064-c8e539969828,bd159b3c-bbb6-406f-a21a-b2bf9554f861,booking,"{""content_title"": ""Future City Layers"", ""time"": ""10:53""}",2026-04-05 10:53:00+00,2026-04-05 10:53:00+00
fd3191e2-5415-44dd-bee6-bea418940bf8,dd61e0d3-e9cc-45e9-9388-679ec8549004,booking,"{""content_title"": ""Dark Rooms VR"", ""time"": ""12:43""}",2026-03-21 12:43:00+00,2026-03-21 12:43:00+00
a5422595-f4f3-4420-83fa-cb4f3f54126c,3b47b00e-81a0-4b6a-bfdf-5382247b23a8,no_show_warning_1,"{""content_title"": ""Mars Colony VR"", ""time"": ""09:12""}",2026-03-25 09:12:00+00,2026-03-25 09:12:00+00
d44bf66b-d630-4c5d-90a7-edaca96fb78c,1124ad69-800c-4e31-a45d-7b219d46e676,no_show_warning_1,"{""content_title"": ""Web3 Showcase"", ""time"": ""19:31""}",2026-03-31 19:31:00+00,2026-03-31 19:31:00+00
5524f93b-d2ee-4710-a8de-85cbb92aa481,fbf7a6cf-160e-471e-9154-814666e4275d,booking,"{""content_title"": ""VC Speed Dating"", ""time"": ""13:32""}",2026-03-26 13:32:00+00,2026-03-26 13:32:00+00
3b4fb541-ce39-48a2-b4ea-b987278fdf8d,c2df3d47-09d4-4990-b8b4-ec56b64c34b2,booking,"{""content_title"": ""The Clouds Are Up"", ""time"": ""11:55""}",2026-03-18 11:55:00+00,2026-03-18 11:55:00+00
111d2824-c785-41ec-881f-846896dde8ec,df859b90-eecf-43eb-a8ac-574fbb51f4eb,no_show_warning_1,"{""content_title"": ""Blender Modeling"", ""time"": ""12:26""}",2026-03-30 12:26:00+00,2026-03-30 12:26:00+00
a1732993-baa4-46c5-816b-87b29ea7c964,c71aec3d-6981-46eb-b73f-26679f5d0730,booking,"{""content_title"": ""Blender Modeling"", ""time"": ""11:52""}",2026-03-13 11:52:00+00,2026-03-13 11:52:00+00
8c8efddb-8528-4d59-b21b-43f0ef90e3c5,c31b13ed-ac4c-4bb2-8fa5-3907b47310a8,no_show_warning_1,"{""content_title"": ""VC Speed Dating"", ""time"": ""12:54""}",2026-03-24 12:54:00+00,2026-03-24 12:54:00+00
76faa157-ab06-4890-9890-a49c264cfe69,426e3f68-e3eb-444e-8975-c06c0075e00c,booking,"{""content_title"": ""Virtual Palace"", ""time"": ""18:58""}",2026-03-17 18:58:00+00,2026-03-17 18:58:00+00
3276f518-62d7-4725-b36f-75c176966780,2b6c0c87-8c5f-4efd-bced-3f006dbc1637,booking,"{""content_title"": ""B2B Matchmaking"", ""time"": ""11:17""}",2026-03-13 11:17:00+00,2026-03-13 11:17:00+00
b675493d-5e05-4c0e-9932-8f83599a7c75,ee0788b9-3f4e-4a87-ba02-c0602c726a29,booking,"{""content_title"": ""Decision Maker Summit"", ""time"": ""20:23""}",2026-04-11 20:23:00+00,2026-04-11 20:23:00+00
053012ee-2695-48bb-9519-21aaea75034f,8b3b779c-50f7-4828-bb18-777d68e64f61,no_show_warning_1,"{""content_title"": ""Future City Layers"", ""time"": ""13:43""}",2026-03-28 13:43:00+00,2026-03-28 13:43:00+00
fa7dc9f2-131b-4d0b-bfca-df1d0579fc94,f142e2cb-5163-424e-bd27-a1fda1bdc285,booking,"{""content_title"": ""Interactive History"", ""time"": ""11:42""}",2026-03-16 11:42:00+00,2026-03-16 11:42:00+00
80d0d188-9e87-4865-af49-ab7cb0b7a0be,15ae04f6-087b-4e0b-b423-20789e898eef,cancellation,"{""content_title"": ""Unity Basics"", ""time"": ""08:38""}",2026-03-22 08:38:00+00,2026-03-22 08:38:00+00
0ae21ef3-e0ba-4fd6-a83a-d99c12307f30,f8220a8d-5ee3-4657-bf5e-07c2cdd91742,booking,"{""content_title"": ""The Clouds Are Up"", ""time"": ""12:52""}",2026-04-06 12:52:00+00,2026-04-06 12:52:00+00
0eb0873e-023b-4516-bdb8-ce3616eaf86e,b77d5a14-95f8-4aed-aea9-8b1312e2cac0,booking,"{""content_title"": ""AR Anatomy Stand"", ""time"": ""13:38""}",2026-04-07 13:38:00+00,2026-04-07 13:38:00+00
5c11fed1-69b5-4fba-ba13-450508359fdd,c99b536d-0e2e-4f31-9afd-28d06a0cfdb3,booking,"{""content_title"": ""Interactive History"", ""time"": ""20:09""}",2026-04-03 20:09:00+00,2026-04-03 20:09:00+00
94828b9c-f2c7-4c8f-9449-5896aea82ebd,2973e612-ae0a-49f8-b1ab-410a6d820ef0,booking,"{""content_title"": ""Unity Basics"", ""time"": ""20:50""}",2026-03-16 20:50:00+00,2026-03-16 20:50:00+00
68fdaa58-8580-4d71-a900-95c048f9440b,50e4bea2-4a02-4da1-8dc7-beef66f1e5b5,booking,"{""content_title"": ""AI in Digital Art"", ""time"": ""20:40""}",2026-03-28 20:40:00+00,2026-03-28 20:40:00+00
641bbd31-0362-4801-bb61-6cd86fe77ad9,d3d237b3-4919-4983-89b9-dc26e55f2dab,cancellation,"{""content_title"": ""Dark Rooms VR"", ""time"": ""10:06""}",2026-03-16 10:06:00+00,2026-03-16 10:06:00+00
dcd14968-929b-49e2-b5a2-9838ec378709,b5fca8c0-8ef5-4d33-a281-6a1b7fc977e9,no_show_warning_1,"{""content_title"": ""Startup Pitches"", ""time"": ""09:16""}",2026-03-28 09:16:00+00,2026-03-28 09:16:00+00
e8ac4c61-a2ac-4898-a2a1-a507397f2c47,e1ae4ee5-228d-49b6-9288-d7007c0d78ff,no_show_warning_1,"{""content_title"": ""Mars Colony VR"", ""time"": ""20:23""}",2026-03-22 20:23:00+00,2026-03-22 20:23:00+00
e1420dc6-d5b2-4956-87b5-10f4751e5475,3c76f0e3-485c-4547-9e76-b7a7b21a6457,info,"{""content_title"": ""NextGen Hardware"", ""time"": ""11:48""}",2026-04-11 11:48:00+00,2026-04-11 11:48:00+00
659d0b39-4b88-4b84-9439-9dd131b642ed,a5a1cfdd-707e-4ddc-abd6-e1e73dd3302d,no_show_warning_1,"{""content_title"": ""NextGen Hardware"", ""time"": ""08:19""}",2026-03-16 08:19:00+00,2026-03-16 08:19:00+00
154671fb-e6b9-4974-8291-a6888300d8f4,e8c2daea-f8ad-4c3a-a79c-e25f6845f30b,cancellation,"{""content_title"": ""Deep Ocean Dive"", ""time"": ""09:24""}",2026-03-31 09:24:00+00,2026-03-31 09:24:00+00
f2a1803b-971f-4da4-bffa-a82652a02315,f30b60e5-b25f-4f5b-a972-8f343b7ad782,booking,"{""content_title"": ""Crafting Crimes AR"", ""time"": ""16:13""}",2026-03-18 16:13:00+00,2026-03-18 16:13:00+00
6f2a34e6-bb6d-4b1a-ad45-f44eac20d849,a245a517-0416-4b2e-84f9-5ad8d2670eb8,booking,"{""content_title"": ""Crafting Crimes AR"", ""time"": ""08:03""}",2026-03-16 08:03:00+00,2026-03-16 08:03:00+00
bf8fadc0-6174-4cbb-af78-26c461be20d4,e4af2d47-535e-4aa8-a02b-d5773de2654b,booking,"{""content_title"": ""Quantum Computing Intro"", ""time"": ""12:07""}",2026-03-19 12:07:00+00,2026-03-19 12:07:00+00
9bb3158a-63b6-4fd0-a726-1ff6ccf5a4c7,a245a517-0416-4b2e-84f9-5ad8d2670eb8,booking,"{""content_title"": ""Dark Rooms VR"", ""time"": ""14:17""}",2026-04-06 14:17:00+00,2026-04-06 14:17:00+00
b30e80a5-76a7-469f-abcf-a7375707f75a,c71aec3d-6981-46eb-b73f-26679f5d0730,cancellation,"{""content_title"": ""Design Thinking Workshop"", ""time"": ""18:44""}",2026-03-15 18:44:00+00,2026-03-15 18:44:00+00
b6a5e97b-b715-4b5c-b165-e53e096a547a,027f240a-3e29-4ac0-a1a8-710fee7baac6,booking,"{""content_title"": ""Tech Founders Meetup"", ""time"": ""14:20""}",2026-03-16 14:20:00+00,2026-03-16 14:20:00+00
ba76172c-9b73-41f9-ab7b-3494f45b5831,b69ad41e-6b0a-43be-a41a-e82e5b56d16d,booking,"{""content_title"": ""Web3 Showcase"", ""time"": ""13:34""}",2026-03-21 13:34:00+00,2026-03-21 13:34:00+00
0049b984-957f-478c-b761-646a6796f4a5,add9a632-67e1-46ec-86b4-6c83b944ef6d,no_show_warning_1,"{""content_title"": ""AR Anatomy Stand"", ""time"": ""14:02""}",2026-03-17 14:02:00+00,2026-03-17 14:02:00+00
2705b526-39bf-4c87-8f42-69ba9a556c9d,b30b23c7-3745-4118-92e4-c97bf9875a59,booking,"{""content_title"": ""Future City Layers"", ""time"": ""13:08""}",2026-03-17 13:08:00+00,2026-03-17 13:08:00+00
b0b70438-0db9-4375-a33b-c9e146785566,df859b90-eecf-43eb-a8ac-574fbb51f4eb,booking,"{""content_title"": ""Future City Layers"", ""time"": ""13:20""}",2026-04-09 13:20:00+00,2026-04-09 13:20:00+00
d4094be8-6eef-42b4-9c83-ea88a6eeef36,ef988c76-6b55-41a1-90e5-cacc349e3a08,no_show_warning_1,"{""content_title"": ""Interactive History"", ""time"": ""09:29""}",2026-03-13 09:29:00+00,2026-03-13 09:29:00+00
e6ca3d4f-b2e5-4a04-8c5d-27504bbe7f17,a23cb4de-6424-478b-bea8-7790e5e7a7e6,booking,"{""content_title"": ""Indulto Creative Talk"", ""time"": ""11:54""}",2026-03-27 11:54:00+00,2026-03-27 11:54:00+00
79f5f3df-75b8-471e-8710-8b540023b243,989f077c-4b75-4998-9914-145aeb2a8531,no_show_warning_1,"{""content_title"": ""A Long Goodbye Panel"", ""time"": ""20:50""}",2026-03-21 20:50:00+00,2026-03-21 20:50:00+00
f433c64b-dffc-4b2d-a668-697a3250d4ad,1ce558fb-0578-4ad5-b5dc-92c5de88832d,booking,"{""content_title"": ""Quantum Computing Intro"", ""time"": ""10:46""}",2026-04-02 10:46:00+00,2026-04-02 10:46:00+00
ed950a7b-9388-4c0e-9943-d2285bb0fc7e,a75ec81d-b74a-4c20-8696-6354ff23b945,no_show_warning_1,"{""content_title"": ""Indulto Creative Talk"", ""time"": ""11:33""}",2026-03-16 11:33:00+00,2026-03-16 11:33:00+00
7668664c-3129-44d3-bf0a-ffd30d344219,e8c2daea-f8ad-4c3a-a79c-e25f6845f30b,booking,"{""content_title"": ""Dark Rooms VR"", ""time"": ""17:52""}",2026-04-09 17:52:00+00,2026-04-09 17:52:00+00
4ef54c7b-dd78-4d9a-b4bd-3f878c527583,b69ad41e-6b0a-43be-a41a-e82e5b56d16d,no_show_warning_1,"{""content_title"": ""Decision Maker Summit"", ""time"": ""17:14""}",2026-03-16 17:14:00+00,2026-03-16 17:14:00+00
d16caeee-f8ac-4d2b-b8e4-c111064237f3,76173376-35ea-4844-a3c0-899f65c32fef,booking,"{""content_title"": ""Mars Colony VR"", ""time"": ""15:54""}",2026-03-25 15:54:00+00,2026-03-25 15:54:00+00
60613378-ef2d-4a9e-882c-b8e939877db3,4935010e-e354-48d3-90f5-a93f88bdcc37,booking,"{""content_title"": ""AI in Digital Art"", ""time"": ""19:22""}",2026-03-19 19:22:00+00,2026-03-19 19:22:00+00
98d423aa-c3fc-4e18-a9c2-3e4a65f40d61,c99b536d-0e2e-4f31-9afd-28d06a0cfdb3,booking,"{""content_title"": ""Future City Layers"", ""time"": ""13:01""}",2026-03-31 13:01:00+00,2026-03-31 13:01:00+00
99093f51-3c15-4221-857d-b7d3b4e32fd7,ace7bf9f-7d97-4317-a3ce-3c8482f9bc97,cancellation,"{""content_title"": ""Quantum Computing Intro"", ""time"": ""19:16""}",2026-03-18 19:16:00+00,2026-03-18 19:16:00+00
