id,email,full_name,avatar_url,role,festival_id,created_at,updated_at,preferred_tags,availabilities,short_id,bio,bio_updated_at,strike_count,is_blocked
0ebc598a-283e-4e85-87ef-c8c59f4dae96,user_2596@mockexample.com,Mock User 0,,GRAND_PUBLIC,9d27df3c-60b3-4efe-98ef-c035a3d63c9b,2026-03-08 00:00:00+00,2026-03-08 00:00:00+00,"[""VR_EXPERIENCE"", ""AR_STAND""]",[],0ebc598a,Tech Enthusiast,,0,false
df65a139-6c6a-4481-bc8a-2f8dd57b334a,user_8416@mockexample.com,Mock User 1,,GRAND_PUBLIC,9d27df3c-60b3-4efe-98ef-c035a3d63c9b,2026-02-13 00:00:00+00,2026-02-13 00:00:00+00,"[""VR_EXPERIENCE"", ""AR_STAND""]",[],df65a139,Tech Enthusiast,,0,false
ae2ef6ac-a1ab-4965-8060-c5e1532d364c,user_6263@mockexample.com,Mock User 2,,GRAND_PUBLIC,9d27df3c-60b3-4efe-98ef-c035a3d63c9b,2026-02-12 00:00:00+00,2026-02-12 00:00:00+00,"[""VR_EXPERIENCE"", ""AR_STAND""]",[],ae2ef6ac,Tech Enthusiast,,0,false
0e10f179-afcc-430c-af8e-7c87e3604f83,user_8416@mockexample.com,Mock User 3,,GRAND_PUBLIC,9d27df3c-60b3-4efe-98ef-c035a3d63c9b,2026-03-09 00:00:00+00,2026-03-09 00:00:00+00,"[""VR_EXPERIENCE"", ""AR_STAND""]",[],0e10f179,Tech Enthusiast,,0,false
fe409ded-b88a-4cf0-91c7-55e2abaf0d7a,user_3984@mockexample.com,Mock User 4,,ATTENDEE_DISCOVERY,9d27df3c-60b3-4efe-98ef-c035a3d63c9b,2026-02-20 00:00:00+00,2026-02-20 00:00:00+00,"[""TECH_DISCOVERY"", ""AR_STAND""]",[],fe409ded,Tech Enthusiast,,1,false
7637f86e-0822-4e8d-be2f-6b3e00ec9fbb,user_4172@mockexample.com,Mock User 5,,GRAND_PUBLIC,9d27df3c-60b3-4efe-98ef-c035a3d63c9b,2026-03-07 00:00:00+00,2026-03-07 00:00:00+00,"[""VR_EXPERIENCE"", ""AR_STAND""]",[],7637f86e,Tech Enthusiast,,2,false
457f23f0-6e16-43d9-b0e0-8a3faf33cfd0,user_8152@mockexample.com,Mock User 6,,PRO,9d27df3c-60b3-4efe-98ef-c035a3d63c9b,2026-02-12 00:00:00+00,2026-02-12 00:00:00+00,"[""B2B_NETWORKING"", ""TECH_DISCOVERY""]",[],457f23f0,B2B Professional Mock Bio,,0,false
3cd48b44-61a8-438c-8dad-fd7118c118ba,user_4048@mockexample.com,Mock User 7,,ATTENDEE_CREATOR,9d27df3c-60b3-4efe-98ef-c035a3d63c9b,2026-03-06 00:00:00+00,2026-03-06 00:00:00+00,"[""CREATOR_TALK"", ""VR_EXPERIENCE""]",[],3cd48b44,Tech Enthusiast,,0,false
cf3a66c1-5d0a-44a3-8594-be2d8c2a1f96,user_5379@mockexample.com,Mock User 8,,ATTENDEE_DISCOVERY,9d27df3c-60b3-4efe-98ef-c035a3d63c9b,2026-02-19 00:00:00+00,2026-02-19 00:00:00+00,"[""TECH_DISCOVERY"", ""AR_STAND""]",[],cf3a66c1,Tech Enthusiast,,0,false
f5612848-1f2a-4cf6-bf02-84e9dee0f36e,user_2197@mockexample.com,Mock User 9,,GRAND_PUBLIC,9d27df3c-60b3-4efe-98ef-c035a3d63c9b,2026-02-25 00:00:00+00,2026-02-25 00:00:00+00,"[""VR_EXPERIENCE"", ""AR_STAND""]",[],f5612848,Tech Enthusiast,,0,false
22de5625-a044-4491-9e56-da8cafa79ec0,user_9857@mockexample.com,Mock User 10,,GRAND_PUBLIC,9d27df3c-60b3-4efe-98ef-c035a3d63c9b,2026-02-23 00:00:00+00,2026-02-23 00:00:00+00,"[""VR_EXPERIENCE"", ""AR_STAND""]",[],22de5625,Tech Enthusiast,,0,false
6e8b0bc3-fd27-4d01-a13c-14a9a6aa03bb,user_4941@mockexample.com,Mock User 11,,GRAND_PUBLIC,9d27df3c-60b3-4efe-98ef-c035a3d63c9b,2026-03-10 00:00:00+00,2026-03-10 00:00:00+00,"[""VR_EXPERIENCE"", ""AR_STAND""]",[],6e8b0bc3,Tech Enthusiast,,1,false
ea3b32a3-eec0-47ff-9f69-f1d00a9cfa8c,user_6406@mockexample.com,Mock User 12,,ATTENDEE_INSIDER,9d27df3c-60b3-4efe-98ef-c035a3d63c9b,2026-02-25 00:00:00+00,2026-02-25 00:00:00+00,"[""VR_EXPERIENCE"", ""CREATOR_TALK""]",[],ea3b32a3,Tech Enthusiast,,1,false
7f2c142b-a151-47da-b4b8-b6015b0d589d,user_8965@mockexample.com,Mock User 13,,GRAND_PUBLIC,9d27df3c-60b3-4efe-98ef-c035a3d63c9b,2026-02-27 00:00:00+00,2026-02-27 00:00:00+00,"[""VR_EXPERIENCE"", ""AR_STAND""]",[],7f2c142b,Tech Enthusiast,,0,false
9e2697c6-1e4b-4d6a-89ef-af96f7ba23ca,user_3032@mockexample.com,Mock User 14,,GRAND_PUBLIC,9d27df3c-60b3-4efe-98ef-c035a3d63c9b,2026-02-22 00:00:00+00,2026-02-22 00:00:00+00,"[""VR_EXPERIENCE"", ""AR_STAND""]",[],9e2697c6,Tech Enthusiast,,0,false
fbecec50-8b05-4caa-8a18-29a40db6cf17,user_6724@mockexample.com,Mock User 15,,PRO,9d27df3c-60b3-4efe-98ef-c035a3d63c9b,2026-02-23 00:00:00+00,2026-02-23 00:00:00+00,"[""B2B_NETWORKING"", ""TECH_DISCOVERY""]",[],fbecec50,B2B Professional Mock Bio,,0,false
7b9ec929-9116-49e5-8ba5-aa96481418c2,user_3459@mockexample.com,Mock User 16,,GRAND_PUBLIC,9d27df3c-60b3-4efe-98ef-c035a3d63c9b,2026-02-22 00:00:00+00,2026-02-22 00:00:00+00,"[""VR_EXPERIENCE"", ""AR_STAND""]",[],7b9ec929,Tech Enthusiast,,1,false
75af8df0-9c55-4642-96d3-c6534caea481,user_3514@mockexample.com,Mock User 17,,GRAND_PUBLIC,9d27df3c-60b3-4efe-98ef-c035a3d63c9b,2026-03-01 00:00:00+00,2026-03-01 00:00:00+00,"[""VR_EXPERIENCE"", ""AR_STAND""]",[],75af8df0,Tech Enthusiast,,2,false
352198ee-66dd-4318-967f-f8dc532262d9,user_5287@mockexample.com,Mock User 18,,ATTENDEE_CREATOR,9d27df3c-60b3-4efe-98ef-c035a3d63c9b,2026-03-01 00:00:00+00,2026-03-01 00:00:00+00,"[""CREATOR_TALK"", ""VR_EXPERIENCE""]",[],352198ee,Tech Enthusiast,,0,false
89963218-7750-4ee8-acf5-18336e8104c7,user_1843@mockexample.com,Mock User 19,,GRAND_PUBLIC,9d27df3c-60b3-4efe-98ef-c035a3d63c9b,2026-03-07 00:00:00+00,2026-03-07 00:00:00+00,"[""VR_EXPERIENCE"", ""AR_STAND""]",[],89963218,Tech Enthusiast,,0,false
fa02f983-ed58-4d26-8bcc-9da296bec588,user_4424@mockexample.com,Mock User 20,,PRO,9d27df3c-60b3-4efe-98ef-c035a3d63c9b,2026-03-06 00:00:00+00,2026-03-06 00:00:00+00,"[""B2B_NETWORKING"", ""TECH_DISCOVERY""]",[],fa02f983,B2B Professional Mock Bio,,0,false
baf1bf94-1900-4af0-b43e-d0cbc2db3fc8,user_8457@mockexample.com,Mock User 21,,GRAND_PUBLIC,9d27df3c-60b3-4efe-98ef-c035a3d63c9b,2026-02-11 00:00:00+00,2026-02-11 00:00:00+00,"[""VR_EXPERIENCE"", ""AR_STAND""]",[],baf1bf94,Tech Enthusiast,,0,false
df859b90-eecf-43eb-a8ac-574fbb51f4eb,user_1736@mockexample.com,Mock User 22,,GRAND_PUBLIC,9d27df3c-60b3-4efe-98ef-c035a3d63c9b,2026-02-27 00:00:00+00,2026-02-27 00:00:00+00,"[""VR_EXPERIENCE"", ""AR_STAND""]",[],df859b90,Tech Enthusiast,,0,false
0bdb6e3e-4bf0-4595-b9bb-f769266a06ab,user_2125@mockexample.com,Mock User 23,,ATTENDEE_STUDENT,9d27df3c-60b3-4efe-98ef-c035a3d63c9b,2026-03-07 00:00:00+00,2026-03-07 00:00:00+00,"[""STUDENT_WORKSHOP"", ""TECH_DISCOVERY""]",[],0bdb6e3e,Tech Enthusiast,,0,false
6ba4acc2-a4ea-4d36-a675-3943e533e869,user_5298@mockexample.com,Mock User 24,,ATTENDEE_CREATOR,9d27df3c-60b3-4efe-98ef-c035a3d63c9b,2026-03-03 00:00:00+00,2026-03-03 00:00:00+00,"[""CREATOR_TALK"", ""VR_EXPERIENCE""]",[],6ba4acc2,Tech Enthusiast,,0,false
f8220a8d-5ee3-4657-bf5e-07c2cdd91742,user_4498@mockexample.com,Mock User 25,,ATTENDEE_CREATOR,9d27df3c-60b3-4efe-98ef-c035a3d63c9b,2026-03-04 00:00:00+00,2026-03-04 00:00:00+00,"[""CREATOR_TALK"", ""VR_EXPERIENCE""]",[],f8220a8d,Tech Enthusiast,,0,false
a02575e9-2d4e-46c4-9379-2f9af36b3bd5,user_2080@mockexample.com,Mock User 26,,GRAND_PUBLIC,9d27df3c-60b3-4efe-98ef-c035a3d63c9b,2026-02-16 00:00:00+00,2026-02-16 00:00:00+00,"[""VR_EXPERIENCE"", ""AR_STAND""]",[],a02575e9,Tech Enthusiast,,0,false
af926477-88bc-46b9-8901-673bc4e0c6c8,user_4672@mockexample.com,Mock User 27,,GRAND_PUBLIC,9d27df3c-60b3-4efe-98ef-c035a3d63c9b,2026-03-08 00:00:00+00,2026-03-08 00:00:00+00,"[""VR_EXPERIENCE"", ""AR_STAND""]",[],af926477,Tech Enthusiast,,0,false
11d18861-c594-489b-aabc-122c463ab1f5,user_9462@mockexample.com,Mock User 28,,GRAND_PUBLIC,9d27df3c-60b3-4efe-98ef-c035a3d63c9b,2026-03-10 00:00:00+00,2026-03-10 00:00:00+00,"[""VR_EXPERIENCE"", ""AR_STAND""]",[],11d18861,Tech Enthusiast,,0,false
946a7719-bc03-46da-a9f6-03568d283605,user_9209@mockexample.com,Mock User 29,,GRAND_PUBLIC,9d27df3c-60b3-4efe-98ef-c035a3d63c9b,2026-03-08 00:00:00+00,2026-03-08 00:00:00+00,"[""VR_EXPERIENCE"", ""AR_STAND""]",[],946a7719,Tech Enthusiast,,1,false
76173376-35ea-4844-a3c0-899f65c32fef,user_5245@mockexample.com,Mock User 30,,ATTENDEE_INSIDER,9d27df3c-60b3-4efe-98ef-c035a3d63c9b,2026-02-14 00:00:00+00,2026-02-14 00:00:00+00,"[""VR_EXPERIENCE"", ""CREATOR_TALK""]",[],76173376,Tech Enthusiast,,3,false
914ac985-071c-41a1-8b5d-17d3acfcafc7,user_3510@mockexample.com,Mock User 31,,GRAND_PUBLIC,9d27df3c-60b3-4efe-98ef-c035a3d63c9b,2026-02-17 00:00:00+00,2026-02-17 00:00:00+00,"[""VR_EXPERIENCE"", ""AR_STAND""]",[],914ac985,Tech Enthusiast,,0,false
b5fca8c0-8ef5-4d33-a281-6a1b7fc977e9,user_5968@mockexample.com,Mock User 32,,PRO,9d27df3c-60b3-4efe-98ef-c035a3d63c9b,2026-03-09 00:00:00+00,2026-03-09 00:00:00+00,"[""B2B_NETWORKING"", ""TECH_DISCOVERY""]",[],b5fca8c0,B2B Professional Mock Bio,,0,false
351336a8-c1fc-460f-a9ab-06eb05c88037,user_9059@mockexample.com,Mock User 33,,ATTENDEE_DISCOVERY,9d27df3c-60b3-4efe-98ef-c035a3d63c9b,2026-02-13 00:00:00+00,2026-02-13 00:00:00+00,"[""TECH_DISCOVERY"", ""AR_STAND""]",[],351336a8,Tech Enthusiast,,1,false
0674ef1b-dba5-4d38-82a8-f24747c3548e,user_5863@mockexample.com,Mock User 34,,ATTENDEE_DISCOVERY,9d27df3c-60b3-4efe-98ef-c035a3d63c9b,2026-02-15 00:00:00+00,2026-02-15 00:00:00+00,"[""TECH_DISCOVERY"", ""AR_STAND""]",[],0674ef1b,Tech Enthusiast,,0,false
2245e4ce-4868-4493-a9c4-6451303b566d,user_8316@mockexample.com,Mock User 35,,ATTENDEE_CREATOR,9d27df3c-60b3-4efe-98ef-c035a3d63c9b,2026-02-28 00:00:00+00,2026-02-28 00:00:00+00,"[""CREATOR_TALK"", ""VR_EXPERIENCE""]",[],2245e4ce,Tech Enthusiast,,3,false
4e490d35-0731-44ae-9084-cddac927c22d,user_9299@mockexample.com,Mock User 36,,ATTENDEE_CREATOR,9d27df3c-60b3-4efe-98ef-c035a3d63c9b,2026-02-24 00:00:00+00,2026-02-24 00:00:00+00,"[""CREATOR_TALK"", ""VR_EXPERIENCE""]",[],4e490d35,Tech Enthusiast,,0,false
b62f611c-6788-4d56-94ab-1f337e8bbf60,user_9492@mockexample.com,Mock User 37,,ATTENDEE_DISCOVERY,9d27df3c-60b3-4efe-98ef-c035a3d63c9b,2026-02-17 00:00:00+00,2026-02-17 00:00:00+00,"[""TECH_DISCOVERY"", ""AR_STAND""]",[],b62f611c,Tech Enthusiast,,0,false
012d71da-7843-4252-b3d6-5ce91009b92d,user_9238@mockexample.com,Mock User 38,,ATTENDEE_DISCOVERY,9d27df3c-60b3-4efe-98ef-c035a3d63c9b,2026-03-02 00:00:00+00,2026-03-02 00:00:00+00,"[""TECH_DISCOVERY"", ""AR_STAND""]",[],012d71da,Tech Enthusiast,,0,false
161620e5-266a-4216-8307-70a9b36a4020,user_3897@mockexample.com,Mock User 39,,ATTENDEE_CREATOR,9d27df3c-60b3-4efe-98ef-c035a3d63c9b,2026-03-06 00:00:00+00,2026-03-06 00:00:00+00,"[""CREATOR_TALK"", ""VR_EXPERIENCE""]",[],161620e5,Tech Enthusiast,,0,false
0dcfc06a-9ce3-436f-86a2-4be92bceff85,user_8740@mockexample.com,Mock User 40,,GRAND_PUBLIC,9d27df3c-60b3-4efe-98ef-c035a3d63c9b,2026-03-09 00:00:00+00,2026-03-09 00:00:00+00,"[""VR_EXPERIENCE"", ""AR_STAND""]",[],0dcfc06a,Tech Enthusiast,,0,false
4b468df7-4954-4ea3-bf78-51fb3494e5dc,user_3560@mockexample.com,Mock User 41,,ATTENDEE_STUDENT,9d27df3c-60b3-4efe-98ef-c035a3d63c9b,2026-02-11 00:00:00+00,2026-02-11 00:00:00+00,"[""STUDENT_WORKSHOP"", ""TECH_DISCOVERY""]",[],4b468df7,Tech Enthusiast,,1,false
7ed4196c-c558-4ece-b593-1b1b8eabd43b,user_4304@mockexample.com,Mock User 42,,ATTENDEE_STUDENT,9d27df3c-60b3-4efe-98ef-c035a3d63c9b,2026-03-05 00:00:00+00,2026-03-05 00:00:00+00,"[""STUDENT_WORKSHOP"", ""TECH_DISCOVERY""]",[],7ed4196c,Tech Enthusiast,,0,false
a75ec81d-b74a-4c20-8696-6354ff23b945,user_7921@mockexample.com,Mock User 43,,GRAND_PUBLIC,9d27df3c-60b3-4efe-98ef-c035a3d63c9b,2026-03-10 00:00:00+00,2026-03-10 00:00:00+00,"[""VR_EXPERIENCE"", ""AR_STAND""]",[],a75ec81d,Tech Enthusiast,,0,false
78e74865-f928-4ebb-b3f2-066820a7855a,user_5072@mockexample.com,Mock User 44,,GRAND_PUBLIC,9d27df3c-60b3-4efe-98ef-c035a3d63c9b,2026-03-05 00:00:00+00,2026-03-05 00:00:00+00,"[""VR_EXPERIENCE"", ""AR_STAND""]",[],78e74865,Tech Enthusiast,,0,false
f81a34e3-e0d7-4d5c-b478-808c087a3859,user_2613@mockexample.com,Mock User 45,,PRO,9d27df3c-60b3-4efe-98ef-c035a3d63c9b,2026-02-12 00:00:00+00,2026-02-12 00:00:00+00,"[""B2B_NETWORKING"", ""TECH_DISCOVERY""]",[],f81a34e3,B2B Professional Mock Bio,,0,false
77147f9a-f41b-4e8e-8b05-d9b82f7904a2,user_9439@mockexample.com,Mock User 46,,ATTENDEE_CREATOR,9d27df3c-60b3-4efe-98ef-c035a3d63c9b,2026-02-27 00:00:00+00,2026-02-27 00:00:00+00,"[""CREATOR_TALK"", ""VR_EXPERIENCE""]",[],77147f9a,Tech Enthusiast,,0,false
d653df1e-e3e0-43ce-8816-4bb6e269acdb,user_3273@mockexample.com,Mock User 47,,PRO,9d27df3c-60b3-4efe-98ef-c035a3d63c9b,2026-02-22 00:00:00+00,2026-02-22 00:00:00+00,"[""B2B_NETWORKING"", ""TECH_DISCOVERY""]",[],d653df1e,B2B Professional Mock Bio,,0,false
9edb722a-149e-4f61-a073-0ca1d1374479,user_3489@mockexample.com,Mock User 48,,GRAND_PUBLIC,9d27df3c-60b3-4efe-98ef-c035a3d63c9b,2026-03-02 00:00:00+00,2026-03-02 00:00:00+00,"[""VR_EXPERIENCE"", ""AR_STAND""]",[],9edb722a,Tech Enthusiast,,1,false
f6919fa0-17ba-4443-a695-9f45fa017a34,user_8264@mockexample.com,Mock User 49,,ATTENDEE_CREATOR,9d27df3c-60b3-4efe-98ef-c035a3d63c9b,2026-03-09 00:00:00+00,2026-03-09 00:00:00+00,"[""CREATOR_TALK"", ""VR_EXPERIENCE""]",[],f6919fa0,Tech Enthusiast,,0,false
1ffb9f99-4c7d-4b75-ae70-61521f1fb9a7,user_1365@mockexample.com,Mock User 50,,GRAND_PUBLIC,9d27df3c-60b3-4efe-98ef-c035a3d63c9b,2026-03-10 00:00:00+00,2026-03-10 00:00:00+00,"[""VR_EXPERIENCE"", ""AR_STAND""]",[],1ffb9f99,Tech Enthusiast,,0,false
e29faec1-a74f-47b0-9742-4a65302b2ae4,user_9953@mockexample.com,Mock User 51,,ATTENDEE_CREATOR,9d27df3c-60b3-4efe-98ef-c035a3d63c9b,2026-03-05 00:00:00+00,2026-03-05 00:00:00+00,"[""CREATOR_TALK"", ""VR_EXPERIENCE""]",[],e29faec1,Tech Enthusiast,,0,false
e700f243-a7f6-496c-8c13-28ad358a215d,user_2597@mockexample.com,Mock User 52,,ATTENDEE_INSIDER,9d27df3c-60b3-4efe-98ef-c035a3d63c9b,2026-02-22 00:00:00+00,2026-02-22 00:00:00+00,"[""VR_EXPERIENCE"", ""CREATOR_TALK""]",[],e700f243,Tech Enthusiast,,0,false
40a64fca-58e1-4b94-92b3-52b75604e8e8,user_2941@mockexample.com,Mock User 53,,GRAND_PUBLIC,9d27df3c-60b3-4efe-98ef-c035a3d63c9b,2026-02-16 00:00:00+00,2026-02-16 00:00:00+00,"[""VR_EXPERIENCE"", ""AR_STAND""]",[],40a64fca,Tech Enthusiast,,0,false
df8966d1-67c8-40e4-8098-6fedcb438293,user_9439@mockexample.com,Mock User 54,,GRAND_PUBLIC,9d27df3c-60b3-4efe-98ef-c035a3d63c9b,2026-02-19 00:00:00+00,2026-02-19 00:00:00+00,"[""VR_EXPERIENCE"", ""AR_STAND""]",[],df8966d1,Tech Enthusiast,,0,false
bd60d8ae-7cbd-407c-8a7e-439a739785c9,user_2413@mockexample.com,Mock User 55,,PRO,9d27df3c-60b3-4efe-98ef-c035a3d63c9b,2026-02-20 00:00:00+00,2026-02-20 00:00:00+00,"[""B2B_NETWORKING"", ""TECH_DISCOVERY""]",[],bd60d8ae,B2B Professional Mock Bio,,0,false
af1806a5-beab-4ade-9b17-fda14b931432,user_4981@mockexample.com,Mock User 56,,GRAND_PUBLIC,9d27df3c-60b3-4efe-98ef-c035a3d63c9b,2026-02-28 00:00:00+00,2026-02-28 00:00:00+00,"[""VR_EXPERIENCE"", ""AR_STAND""]",[],af1806a5,Tech Enthusiast,,0,false
c46b826d-f3bc-4158-97b1-a19a9996cff9,user_1057@mockexample.com,Mock User 57,,GRAND_PUBLIC,9d27df3c-60b3-4efe-98ef-c035a3d63c9b,2026-02-15 00:00:00+00,2026-02-15 00:00:00+00,"[""VR_EXPERIENCE"", ""AR_STAND""]",[],c46b826d,Tech Enthusiast,,0,false
7163ab7e-705d-455c-931a-51babd826f9d,user_6997@mockexample.com,Mock User 58,,GRAND_PUBLIC,9d27df3c-60b3-4efe-98ef-c035a3d63c9b,2026-02-14 00:00:00+00,2026-02-14 00:00:00+00,"[""VR_EXPERIENCE"", ""AR_STAND""]",[],7163ab7e,Tech Enthusiast,,0,false
896d923d-87a0-468c-948f-9961a4931b31,user_9707@mockexample.com,Mock User 59,,GRAND_PUBLIC,9d27df3c-60b3-4efe-98ef-c035a3d63c9b,2026-03-03 00:00:00+00,2026-03-03 00:00:00+00,"[""VR_EXPERIENCE"", ""AR_STAND""]",[],896d923d,Tech Enthusiast,,0,false
27540865-aaa0-4c49-860d-fc262dec2b2e,user_6775@mockexample.com,Mock User 60,,GRAND_PUBLIC,9d27df3c-60b3-4efe-98ef-c035a3d63c9b,2026-03-02 00:00:00+00,2026-03-02 00:00:00+00,"[""VR_EXPERIENCE"", ""AR_STAND""]",[],27540865,Tech Enthusiast,,0,false
b161e856-35b4-414b-8c26-4b9db77c07c8,user_6234@mockexample.com,Mock User 61,,ATTENDEE_DISCOVERY,9d27df3c-60b3-4efe-98ef-c035a3d63c9b,2026-02-11 00:00:00+00,2026-02-11 00:00:00+00,"[""TECH_DISCOVERY"", ""AR_STAND""]",[],b161e856,Tech Enthusiast,,0,false
9757a490-8a8c-4575-ad30-b96c8929687c,user_1259@mockexample.com,Mock User 62,,GRAND_PUBLIC,9d27df3c-60b3-4efe-98ef-c035a3d63c9b,2026-03-12 00:00:00+00,2026-03-12 00:00:00+00,"[""VR_EXPERIENCE"", ""AR_STAND""]",[],9757a490,Tech Enthusiast,,2,false
8bb74338-1e5f-4856-a403-920f00262ffd,user_4968@mockexample.com,Mock User 63,,ATTENDEE_INSIDER,9d27df3c-60b3-4efe-98ef-c035a3d63c9b,2026-02-11 00:00:00+00,2026-02-11 00:00:00+00,"[""VR_EXPERIENCE"", ""CREATOR_TALK""]",[],8bb74338,Tech Enthusiast,,0,false
9278d5c7-9c0c-4200-a5e8-3ff3e383db25,user_6777@mockexample.com,Mock User 64,,ATTENDEE_CREATOR,9d27df3c-60b3-4efe-98ef-c035a3d63c9b,2026-02-15 00:00:00+00,2026-02-15 00:00:00+00,"[""CREATOR_TALK"", ""VR_EXPERIENCE""]",[],9278d5c7,Tech Enthusiast,,0,false
abdce89d-86e2-4dc9-9270-f92b70e5abcd,user_4748@mockexample.com,Mock User 65,,GRAND_PUBLIC,9d27df3c-60b3-4efe-98ef-c035a3d63c9b,2026-03-06 00:00:00+00,2026-03-06 00:00:00+00,"[""VR_EXPERIENCE"", ""AR_STAND""]",[],abdce89d,Tech Enthusiast,,0,false
e81d17d3-b069-4df3-bfa4-dae5b0f5dd83,user_5353@mockexample.com,Mock User 66,,GRAND_PUBLIC,9d27df3c-60b3-4efe-98ef-c035a3d63c9b,2026-03-11 00:00:00+00,2026-03-11 00:00:00+00,"[""VR_EXPERIENCE"", ""AR_STAND""]",[],e81d17d3,Tech Enthusiast,,3,false
38a8e9c2-2364-46d7-bc67-d36cb0ab13fb,user_7548@mockexample.com,Mock User 67,,ATTENDEE_DISCOVERY,9d27df3c-60b3-4efe-98ef-c035a3d63c9b,2026-03-09 00:00:00+00,2026-03-09 00:00:00+00,"[""TECH_DISCOVERY"", ""AR_STAND""]",[],38a8e9c2,Tech Enthusiast,,1,false
a86d0932-5971-464a-a06f-a50b8c8602ee,user_6014@mockexample.com,Mock User 68,,ATTENDEE_CREATOR,9d27df3c-60b3-4efe-98ef-c035a3d63c9b,2026-02-27 00:00:00+00,2026-02-27 00:00:00+00,"[""CREATOR_TALK"", ""VR_EXPERIENCE""]",[],a86d0932,Tech Enthusiast,,0,false
8e62814c-526d-4ce9-a6d2-df25109e1132,user_2546@mockexample.com,Mock User 69,,ATTENDEE_INSIDER,9d27df3c-60b3-4efe-98ef-c035a3d63c9b,2026-02-20 00:00:00+00,2026-02-20 00:00:00+00,"[""VR_EXPERIENCE"", ""CREATOR_TALK""]",[],8e62814c,Tech Enthusiast,,1,false
19c86fcf-20f5-47bc-ae17-fe9c37da60a2,user_6981@mockexample.com,Mock User 70,,GRAND_PUBLIC,9d27df3c-60b3-4efe-98ef-c035a3d63c9b,2026-02-13 00:00:00+00,2026-02-13 00:00:00+00,"[""VR_EXPERIENCE"", ""AR_STAND""]",[],19c86fcf,Tech Enthusiast,,0,false
7977271f-e5ac-42ca-9486-b517ad0fa05c,user_2561@mockexample.com,Mock User 71,,GRAND_PUBLIC,9d27df3c-60b3-4efe-98ef-c035a3d63c9b,2026-03-04 00:00:00+00,2026-03-04 00:00:00+00,"[""VR_EXPERIENCE"", ""AR_STAND""]",[],7977271f,Tech Enthusiast,,0,false
1e607bdc-9b9c-4b3f-8f9d-c51a26f39eeb,user_2874@mockexample.com,Mock User 72,,ATTENDEE_CREATOR,9d27df3c-60b3-4efe-98ef-c035a3d63c9b,2026-03-04 00:00:00+00,2026-03-04 00:00:00+00,"[""CREATOR_TALK"", ""VR_EXPERIENCE""]",[],1e607bdc,Tech Enthusiast,,0,false
eabbbeab-b630-40fc-b414-b77f7244b90a,user_4840@mockexample.com,Mock User 73,,GRAND_PUBLIC,9d27df3c-60b3-4efe-98ef-c035a3d63c9b,2026-02-25 00:00:00+00,2026-02-25 00:00:00+00,"[""VR_EXPERIENCE"", ""AR_STAND""]",[],eabbbeab,Tech Enthusiast,,0,false
49a516c4-89e4-46eb-8bfb-6053e3e30b88,user_1951@mockexample.com,Mock User 74,,GRAND_PUBLIC,9d27df3c-60b3-4efe-98ef-c035a3d63c9b,2026-02-16 00:00:00+00,2026-02-16 00:00:00+00,"[""VR_EXPERIENCE"", ""AR_STAND""]",[],49a516c4,Tech Enthusiast,,0,false
fce0d00d-c664-470c-811d-38ca48ef6b44,user_3152@mockexample.com,Mock User 75,,ATTENDEE_CREATOR,9d27df3c-60b3-4efe-98ef-c035a3d63c9b,2026-02-13 00:00:00+00,2026-02-13 00:00:00+00,"[""CREATOR_TALK"", ""VR_EXPERIENCE""]",[],fce0d00d,Tech Enthusiast,,1,false
96012577-2346-420b-ba9b-c193fa5b98bb,user_7719@mockexample.com,Mock User 76,,GRAND_PUBLIC,9d27df3c-60b3-4efe-98ef-c035a3d63c9b,2026-03-01 00:00:00+00,2026-03-01 00:00:00+00,"[""VR_EXPERIENCE"", ""AR_STAND""]",[],96012577,Tech Enthusiast,,0,false
54e21a31-2a25-4d73-95b3-d890d5a4fe5e,user_1135@mockexample.com,Mock User 77,,ATTENDEE_CREATOR,9d27df3c-60b3-4efe-98ef-c035a3d63c9b,2026-02-25 00:00:00+00,2026-02-25 00:00:00+00,"[""CREATOR_TALK"", ""VR_EXPERIENCE""]",[],54e21a31,Tech Enthusiast,,0,false
bac51acf-4234-40d6-996c-35c04c9739bf,user_8779@mockexample.com,Mock User 78,,GRAND_PUBLIC,9d27df3c-60b3-4efe-98ef-c035a3d63c9b,2026-02-13 00:00:00+00,2026-02-13 00:00:00+00,"[""VR_EXPERIENCE"", ""AR_STAND""]",[],bac51acf,Tech Enthusiast,,0,false
15ae04f6-087b-4e0b-b423-20789e898eef,user_2745@mockexample.com,Mock User 79,,PRO,9d27df3c-60b3-4efe-98ef-c035a3d63c9b,2026-03-11 00:00:00+00,2026-03-11 00:00:00+00,"[""B2B_NETWORKING"", ""TECH_DISCOVERY""]",[],15ae04f6,B2B Professional Mock Bio,,0,false
f5d33f4a-c746-4609-9562-f11441bed53a,user_4051@mockexample.com,Mock User 80,,GRAND_PUBLIC,9d27df3c-60b3-4efe-98ef-c035a3d63c9b,2026-03-06 00:00:00+00,2026-03-06 00:00:00+00,"[""VR_EXPERIENCE"", ""AR_STAND""]",[],f5d33f4a,Tech Enthusiast,,0,false
d9e6c49f-4828-4b18-a649-348e279d9142,user_9101@mockexample.com,Mock User 81,,GRAND_PUBLIC,9d27df3c-60b3-4efe-98ef-c035a3d63c9b,2026-02-21 00:00:00+00,2026-02-21 00:00:00+00,"[""VR_EXPERIENCE"", ""AR_STAND""]",[],d9e6c49f,Tech Enthusiast,,1,false
433df672-d264-4e12-9169-a8ecaf040f10,user_2119@mockexample.com,Mock User 82,,GRAND_PUBLIC,9d27df3c-60b3-4efe-98ef-c035a3d63c9b,2026-03-01 00:00:00+00,2026-03-01 00:00:00+00,"[""VR_EXPERIENCE"", ""AR_STAND""]",[],433df672,Tech Enthusiast,,0,false
742f7d7d-139c-4560-be95-891f07f9a8c5,user_1664@mockexample.com,Mock User 83,,GRAND_PUBLIC,9d27df3c-60b3-4efe-98ef-c035a3d63c9b,2026-02-16 00:00:00+00,2026-02-16 00:00:00+00,"[""VR_EXPERIENCE"", ""AR_STAND""]",[],742f7d7d,Tech Enthusiast,,0,false
921a7068-5872-4756-b38b-21a2083e46ef,user_6197@mockexample.com,Mock User 84,,ATTENDEE_INSIDER,9d27df3c-60b3-4efe-98ef-c035a3d63c9b,2026-03-06 00:00:00+00,2026-03-06 00:00:00+00,"[""VR_EXPERIENCE"", ""CREATOR_TALK""]",[],921a7068,Tech Enthusiast,,0,false
02bbd50a-8c26-4ee9-a856-54399db96c39,user_9190@mockexample.com,Mock User 85,,GRAND_PUBLIC,9d27df3c-60b3-4efe-98ef-c035a3d63c9b,2026-02-18 00:00:00+00,2026-02-18 00:00:00+00,"[""VR_EXPERIENCE"", ""AR_STAND""]",[],02bbd50a,Tech Enthusiast,,0,false
d513073f-f3e7-495b-9ca8-c33a463a599c,user_5681@mockexample.com,Mock User 86,,ATTENDEE_CREATOR,9d27df3c-60b3-4efe-98ef-c035a3d63c9b,2026-02-25 00:00:00+00,2026-02-25 00:00:00+00,"[""CREATOR_TALK"", ""VR_EXPERIENCE""]",[],d513073f,Tech Enthusiast,,0,false
0c6da38a-5120-4e36-922f-8267fd2e8bd5,user_5344@mockexample.com,Mock User 87,,PRO,9d27df3c-60b3-4efe-98ef-c035a3d63c9b,2026-02-12 00:00:00+00,2026-02-12 00:00:00+00,"[""B2B_NETWORKING"", ""TECH_DISCOVERY""]",[],0c6da38a,B2B Professional Mock Bio,,1,false
2b6c0c87-8c5f-4efd-bced-3f006dbc1637,user_5059@mockexample.com,Mock User 88,,GRAND_PUBLIC,9d27df3c-60b3-4efe-98ef-c035a3d63c9b,2026-02-12 00:00:00+00,2026-02-12 00:00:00+00,"[""VR_EXPERIENCE"", ""AR_STAND""]",[],2b6c0c87,Tech Enthusiast,,3,false
09268899-87f9-44aa-8a63-53fb6c60b2b8,user_7890@mockexample.com,Mock User 89,,PRO,9d27df3c-60b3-4efe-98ef-c035a3d63c9b,2026-02-22 00:00:00+00,2026-02-22 00:00:00+00,"[""B2B_NETWORKING"", ""TECH_DISCOVERY""]",[],09268899,B2B Professional Mock Bio,,3,false
d8249b92-3841-4a3f-af23-1678614e8659,user_5156@mockexample.com,Mock User 90,,ATTENDEE_DISCOVERY,9d27df3c-60b3-4efe-98ef-c035a3d63c9b,2026-02-28 00:00:00+00,2026-02-28 00:00:00+00,"[""TECH_DISCOVERY"", ""AR_STAND""]",[],d8249b92,Tech Enthusiast,,3,false
426e86e3-146c-45e8-8664-3901feaa316c,user_8658@mockexample.com,Mock User 91,,DECISION_MAKER,9d27df3c-60b3-4efe-98ef-c035a3d63c9b,2026-03-02 00:00:00+00,2026-03-02 00:00:00+00,"[""B2B_NETWORKING"", ""CREATOR_TALK""]",[],426e86e3,B2B Professional Mock Bio,,0,false
642aef68-84f7-4a98-9e9e-5ff30559da65,user_6633@mockexample.com,Mock User 92,,PRO,9d27df3c-60b3-4efe-98ef-c035a3d63c9b,2026-02-20 00:00:00+00,2026-02-20 00:00:00+00,"[""B2B_NETWORKING"", ""TECH_DISCOVERY""]",[],642aef68,B2B Professional Mock Bio,,0,false
3d9fd365-32f8-498a-8ed4-6a47924ae7f2,user_7133@mockexample.com,Mock User 93,,GRAND_PUBLIC,9d27df3c-60b3-4efe-98ef-c035a3d63c9b,2026-03-06 00:00:00+00,2026-03-06 00:00:00+00,"[""VR_EXPERIENCE"", ""AR_STAND""]",[],3d9fd365,Tech Enthusiast,,0,false
1c3b5719-ffc6-46c7-b0b0-2418ac429821,user_8426@mockexample.com,Mock User 94,,ATTENDEE_CREATOR,9d27df3c-60b3-4efe-98ef-c035a3d63c9b,2026-03-09 00:00:00+00,2026-03-09 00:00:00+00,"[""CREATOR_TALK"", ""VR_EXPERIENCE""]",[],1c3b5719,Tech Enthusiast,,0,false
6d57b99a-5bc5-46ae-aee4-65e77e712f35,user_1086@mockexample.com,Mock User 95,,ATTENDEE_STUDENT,9d27df3c-60b3-4efe-98ef-c035a3d63c9b,2026-02-21 00:00:00+00,2026-02-21 00:00:00+00,"[""STUDENT_WORKSHOP"", ""TECH_DISCOVERY""]",[],6d57b99a,Tech Enthusiast,,0,false
ebdaab75-0297-4113-8d05-30c537c4a1d4,user_1325@mockexample.com,Mock User 96,,ATTENDEE_DISCOVERY,9d27df3c-60b3-4efe-98ef-c035a3d63c9b,2026-03-11 00:00:00+00,2026-03-11 00:00:00+00,"[""TECH_DISCOVERY"", ""AR_STAND""]",[],ebdaab75,Tech Enthusiast,,0,false
b8ecce1e-90cc-43e8-b0f2-2d03a4333611,user_2319@mockexample.com,Mock User 97,,ATTENDEE_CREATOR,9d27df3c-60b3-4efe-98ef-c035a3d63c9b,2026-02-15 00:00:00+00,2026-02-15 00:00:00+00,"[""CREATOR_TALK"", ""VR_EXPERIENCE""]",[],b8ecce1e,Tech Enthusiast,,2,false
51b0d19d-210d-42ac-92e0-c1beeeb96ec5,user_9586@mockexample.com,Mock User 98,,ATTENDEE_DISCOVERY,9d27df3c-60b3-4efe-98ef-c035a3d63c9b,2026-02-15 00:00:00+00,2026-02-15 00:00:00+00,"[""TECH_DISCOVERY"", ""AR_STAND""]",[],51b0d19d,Tech Enthusiast,,0,false
a5a1cfdd-707e-4ddc-abd6-e1e73dd3302d,user_2553@mockexample.com,Mock User 99,,GRAND_PUBLIC,9d27df3c-60b3-4efe-98ef-c035a3d63c9b,2026-02-26 00:00:00+00,2026-02-26 00:00:00+00,"[""VR_EXPERIENCE"", ""AR_STAND""]",[],a5a1cfdd,Tech Enthusiast,,1,false
7ee662d4-5381-4c7d-a59c-31a3588526a9,user_4494@mockexample.com,Mock User 100,,GRAND_PUBLIC,9d27df3c-60b3-4efe-98ef-c035a3d63c9b,2026-03-02 00:00:00+00,2026-03-02 00:00:00+00,"[""VR_EXPERIENCE"", ""AR_STAND""]",[],7ee662d4,Tech Enthusiast,,0,false
4ac161b2-aa19-4f14-9149-4ff21ea6df83,user_3712@mockexample.com,Mock User 101,,GRAND_PUBLIC,9d27df3c-60b3-4efe-98ef-c035a3d63c9b,2026-03-06 00:00:00+00,2026-03-06 00:00:00+00,"[""VR_EXPERIENCE"", ""AR_STAND""]",[],4ac161b2,Tech Enthusiast,,3,false
eb45e3e4-505d-4db4-b9c7-adef36a9ec2f,user_2641@mockexample.com,Mock User 102,,ATTENDEE_INSIDER,9d27df3c-60b3-4efe-98ef-c035a3d63c9b,2026-02-11 00:00:00+00,2026-02-11 00:00:00+00,"[""VR_EXPERIENCE"", ""CREATOR_TALK""]",[],eb45e3e4,Tech Enthusiast,,1,false
44e61592-1b50-483b-b377-9d9a82cc843b,user_9189@mockexample.com,Mock User 103,,ATTENDEE_INSIDER,9d27df3c-60b3-4efe-98ef-c035a3d63c9b,2026-03-11 00:00:00+00,2026-03-11 00:00:00+00,"[""VR_EXPERIENCE"", ""CREATOR_TALK""]",[],44e61592,Tech Enthusiast,,1,false
7bdf5069-1fbc-4234-b1a2-a6c3520c4a3c,user_8249@mockexample.com,Mock User 104,,GRAND_PUBLIC,9d27df3c-60b3-4efe-98ef-c035a3d63c9b,2026-03-11 00:00:00+00,2026-03-11 00:00:00+00,"[""VR_EXPERIENCE"", ""AR_STAND""]",[],7bdf5069,Tech Enthusiast,,8,false
039a4d47-438f-4476-88e0-3c117d0ed60d,user_8409@mockexample.com,Mock User 105,,GRAND_PUBLIC,9d27df3c-60b3-4efe-98ef-c035a3d63c9b,2026-02-23 00:00:00+00,2026-02-23 00:00:00+00,"[""VR_EXPERIENCE"", ""AR_STAND""]",[],039a4d47,Tech Enthusiast,,0,false
b77d5a14-95f8-4aed-aea9-8b1312e2cac0,user_8073@mockexample.com,Mock User 106,,GRAND_PUBLIC,9d27df3c-60b3-4efe-98ef-c035a3d63c9b,2026-03-07 00:00:00+00,2026-03-07 00:00:00+00,"[""VR_EXPERIENCE"", ""AR_STAND""]",[],b77d5a14,Tech Enthusiast,,0,false
c84a9325-974e-49fd-8d5a-6504c0718248,user_1297@mockexample.com,Mock User 107,,ATTENDEE_CREATOR,9d27df3c-60b3-4efe-98ef-c035a3d63c9b,2026-03-11 00:00:00+00,2026-03-11 00:00:00+00,"[""CREATOR_TALK"", ""VR_EXPERIENCE""]",[],c84a9325,Tech Enthusiast,,0,false
6c4e5580-788a-4ab9-8904-5b3fa331e023,user_5277@mockexample.com,Mock User 108,,PRO,9d27df3c-60b3-4efe-98ef-c035a3d63c9b,2026-03-07 00:00:00+00,2026-03-07 00:00:00+00,"[""B2B_NETWORKING"", ""TECH_DISCOVERY""]",[],6c4e5580,B2B Professional Mock Bio,,0,false
cabe02ce-7b87-4111-926f-c43bd9a3760f,user_3775@mockexample.com,Mock User 109,,ATTENDEE_INSIDER,9d27df3c-60b3-4efe-98ef-c035a3d63c9b,2026-03-12 00:00:00+00,2026-03-12 00:00:00+00,"[""VR_EXPERIENCE"", ""CREATOR_TALK""]",[],cabe02ce,Tech Enthusiast,,0,false
641f75ab-3d99-4832-88f9-a7ce552cc967,user_2178@mockexample.com,Mock User 110,,GRAND_PUBLIC,9d27df3c-60b3-4efe-98ef-c035a3d63c9b,2026-02-15 00:00:00+00,2026-02-15 00:00:00+00,"[""VR_EXPERIENCE"", ""AR_STAND""]",[],641f75ab,Tech Enthusiast,,0,false
cc683572-8de7-4e28-bca0-0e6ca0a2770e,user_1572@mockexample.com,Mock User 111,,GRAND_PUBLIC,9d27df3c-60b3-4efe-98ef-c035a3d63c9b,2026-03-09 00:00:00+00,2026-03-09 00:00:00+00,"[""VR_EXPERIENCE"", ""AR_STAND""]",[],cc683572,Tech Enthusiast,,0,false
b57c04e7-d9a6-460d-b1c4-34e334e16e16,user_5327@mockexample.com,Mock User 112,,ATTENDEE_INSIDER,9d27df3c-60b3-4efe-98ef-c035a3d63c9b,2026-02-17 00:00:00+00,2026-02-17 00:00:00+00,"[""VR_EXPERIENCE"", ""CREATOR_TALK""]",[],b57c04e7,Tech Enthusiast,,1,false
49f45dd7-3a4c-4d9f-b0fd-e2bed76ded71,user_4205@mockexample.com,Mock User 113,,ATTENDEE_CREATOR,9d27df3c-60b3-4efe-98ef-c035a3d63c9b,2026-02-17 00:00:00+00,2026-02-17 00:00:00+00,"[""CREATOR_TALK"", ""VR_EXPERIENCE""]",[],49f45dd7,Tech Enthusiast,,0,false
e2f0c835-ce2b-421c-bc17-4589c878fa8c,user_3203@mockexample.com,Mock User 114,,GRAND_PUBLIC,9d27df3c-60b3-4efe-98ef-c035a3d63c9b,2026-02-28 00:00:00+00,2026-02-28 00:00:00+00,"[""VR_EXPERIENCE"", ""AR_STAND""]",[],e2f0c835,Tech Enthusiast,,0,false
c034f8bf-e0fc-47a3-ac94-2a8c6b4e897d,user_5244@mockexample.com,Mock User 115,,GRAND_PUBLIC,9d27df3c-60b3-4efe-98ef-c035a3d63c9b,2026-03-07 00:00:00+00,2026-03-07 00:00:00+00,"[""VR_EXPERIENCE"", ""AR_STAND""]",[],c034f8bf,Tech Enthusiast,,0,false
67c87fc9-9291-4e72-b262-5a7e48896dc7,user_1555@mockexample.com,Mock User 116,,GRAND_PUBLIC,9d27df3c-60b3-4efe-98ef-c035a3d63c9b,2026-02-24 00:00:00+00,2026-02-24 00:00:00+00,"[""VR_EXPERIENCE"", ""AR_STAND""]",[],67c87fc9,Tech Enthusiast,,1,false
3b47b00e-81a0-4b6a-bfdf-5382247b23a8,user_8810@mockexample.com,Mock User 117,,ATTENDEE_CREATOR,9d27df3c-60b3-4efe-98ef-c035a3d63c9b,2026-03-06 00:00:00+00,2026-03-06 00:00:00+00,"[""CREATOR_TALK"", ""VR_EXPERIENCE""]",[],3b47b00e,Tech Enthusiast,,2,false
fb93b7d1-fec1-4e07-b8da-f88881d857ef,user_4653@mockexample.com,Mock User 118,,PRO,9d27df3c-60b3-4efe-98ef-c035a3d63c9b,2026-02-19 00:00:00+00,2026-02-19 00:00:00+00,"[""B2B_NETWORKING"", ""TECH_DISCOVERY""]",[],fb93b7d1,B2B Professional Mock Bio,,0,false
4edb20b0-49c3-4be5-9629-bc11f7a3562b,user_4245@mockexample.com,Mock User 119,,ATTENDEE_CREATOR,9d27df3c-60b3-4efe-98ef-c035a3d63c9b,2026-02-16 00:00:00+00,2026-02-16 00:00:00+00,"[""CREATOR_TALK"", ""VR_EXPERIENCE""]",[],4edb20b0,Tech Enthusiast,,0,false
7f931bdb-76b2-47e4-ade8-481018bccdb2,user_1853@mockexample.com,Mock User 120,,PRO,9d27df3c-60b3-4efe-98ef-c035a3d63c9b,2026-02-15 00:00:00+00,2026-02-15 00:00:00+00,"[""B2B_NETWORKING"", ""TECH_DISCOVERY""]",[],7f931bdb,B2B Professional Mock Bio,,0,false
ef48f56f-c3a1-42f0-97d3-38752efc487d,user_9177@mockexample.com,Mock User 121,,ATTENDEE_CREATOR,9d27df3c-60b3-4efe-98ef-c035a3d63c9b,2026-02-11 00:00:00+00,2026-02-11 00:00:00+00,"[""CREATOR_TALK"", ""VR_EXPERIENCE""]",[],ef48f56f,Tech Enthusiast,,0,false
3f4f15d7-9d62-47f8-8ad0-d613c7310009,user_9949@mockexample.com,Mock User 122,,ATTENDEE_STUDENT,9d27df3c-60b3-4efe-98ef-c035a3d63c9b,2026-03-11 00:00:00+00,2026-03-11 00:00:00+00,"[""STUDENT_WORKSHOP"", ""TECH_DISCOVERY""]",[],3f4f15d7,Tech Enthusiast,,0,false
6e08ac01-6708-4e8d-be27-75541640b73e,user_9620@mockexample.com,Mock User 123,,ATTENDEE_INSIDER,9d27df3c-60b3-4efe-98ef-c035a3d63c9b,2026-02-19 00:00:00+00,2026-02-19 00:00:00+00,"[""VR_EXPERIENCE"", ""CREATOR_TALK""]",[],6e08ac01,Tech Enthusiast,,0,false
71bf25c5-1679-447c-afa4-db21a5c7ea79,user_3951@mockexample.com,Mock User 124,,ATTENDEE_STUDENT,9d27df3c-60b3-4efe-98ef-c035a3d63c9b,2026-03-12 00:00:00+00,2026-03-12 00:00:00+00,"[""STUDENT_WORKSHOP"", ""TECH_DISCOVERY""]",[],71bf25c5,Tech Enthusiast,,0,false
2c1a3d2d-7aaa-44f8-af4b-0eb88a2ff28b,user_3205@mockexample.com,Mock User 125,,ATTENDEE_CREATOR,9d27df3c-60b3-4efe-98ef-c035a3d63c9b,2026-03-08 00:00:00+00,2026-03-08 00:00:00+00,"[""CREATOR_TALK"", ""VR_EXPERIENCE""]",[],2c1a3d2d,Tech Enthusiast,,0,false
1536a266-46bf-448e-b22d-841162e7dd1a,user_7324@mockexample.com,Mock User 126,,GRAND_PUBLIC,9d27df3c-60b3-4efe-98ef-c035a3d63c9b,2026-02-22 00:00:00+00,2026-02-22 00:00:00+00,"[""VR_EXPERIENCE"", ""AR_STAND""]",[],1536a266,Tech Enthusiast,,0,false
c2fc4359-87eb-44a0-8c40-bdb49490b58b,user_1203@mockexample.com,Mock User 127,,PRO,9d27df3c-60b3-4efe-98ef-c035a3d63c9b,2026-03-11 00:00:00+00,2026-03-11 00:00:00+00,"[""B2B_NETWORKING"", ""TECH_DISCOVERY""]",[],c2fc4359,B2B Professional Mock Bio,,0,false
915d1982-5f38-4446-9748-00b7be397793,user_9819@mockexample.com,Mock User 128,,GRAND_PUBLIC,9d27df3c-60b3-4efe-98ef-c035a3d63c9b,2026-02-27 00:00:00+00,2026-02-27 00:00:00+00,"[""VR_EXPERIENCE"", ""AR_STAND""]",[],915d1982,Tech Enthusiast,,0,false
26c6c082-2f97-4ef5-b1c1-2a1a55cb0f3a,user_5330@mockexample.com,Mock User 129,,ATTENDEE_CREATOR,9d27df3c-60b3-4efe-98ef-c035a3d63c9b,2026-02-20 00:00:00+00,2026-02-20 00:00:00+00,"[""CREATOR_TALK"", ""VR_EXPERIENCE""]",[],26c6c082,Tech Enthusiast,,0,false
554a820a-73ec-4123-a3e5-1e551a823a4a,user_4699@mockexample.com,Mock User 130,,ATTENDEE_CREATOR,9d27df3c-60b3-4efe-98ef-c035a3d63c9b,2026-02-16 00:00:00+00,2026-02-16 00:00:00+00,"[""CREATOR_TALK"", ""VR_EXPERIENCE""]",[],554a820a,Tech Enthusiast,,0,false
01e07a57-8dc3-48c0-ad1d-194dcf7c163f,user_7019@mockexample.com,Mock User 131,,PRO,9d27df3c-60b3-4efe-98ef-c035a3d63c9b,2026-02-25 00:00:00+00,2026-02-25 00:00:00+00,"[""B2B_NETWORKING"", ""TECH_DISCOVERY""]",[],01e07a57,B2B Professional Mock Bio,,0,false
94ea43d3-2754-4e91-bd34-9576c941098d,user_5793@mockexample.com,Mock User 132,,PRO,9d27df3c-60b3-4efe-98ef-c035a3d63c9b,2026-03-07 00:00:00+00,2026-03-07 00:00:00+00,"[""B2B_NETWORKING"", ""TECH_DISCOVERY""]",[],94ea43d3,B2B Professional Mock Bio,,0,false
f55fd040-1935-4d9f-aa6f-c27ca4e2d0d3,user_1926@mockexample.com,Mock User 133,,GRAND_PUBLIC,9d27df3c-60b3-4efe-98ef-c035a3d63c9b,2026-03-04 00:00:00+00,2026-03-04 00:00:00+00,"[""VR_EXPERIENCE"", ""AR_STAND""]",[],f55fd040,Tech Enthusiast,,0,false
f6c39e34-336f-42ab-b2b4-2e7b87f91f13,user_2334@mockexample.com,Mock User 134,,GRAND_PUBLIC,9d27df3c-60b3-4efe-98ef-c035a3d63c9b,2026-02-24 00:00:00+00,2026-02-24 00:00:00+00,"[""VR_EXPERIENCE"", ""AR_STAND""]",[],f6c39e34,Tech Enthusiast,,0,false
1775dd60-1f41-4a32-a135-409fc1e5a526,user_4782@mockexample.com,Mock User 135,,ATTENDEE_INSIDER,9d27df3c-60b3-4efe-98ef-c035a3d63c9b,2026-02-24 00:00:00+00,2026-02-24 00:00:00+00,"[""VR_EXPERIENCE"", ""CREATOR_TALK""]",[],1775dd60,Tech Enthusiast,,2,false
676484ab-84c6-4cfa-8a48-037844525bee,user_8387@mockexample.com,Mock User 136,,GRAND_PUBLIC,9d27df3c-60b3-4efe-98ef-c035a3d63c9b,2026-03-01 00:00:00+00,2026-03-01 00:00:00+00,"[""VR_EXPERIENCE"", ""AR_STAND""]",[],676484ab,Tech Enthusiast,,0,false
ad1624bc-376c-4740-acbf-9d3cd41e3f20,user_7322@mockexample.com,Mock User 137,,ATTENDEE_STUDENT,9d27df3c-60b3-4efe-98ef-c035a3d63c9b,2026-03-08 00:00:00+00,2026-03-08 00:00:00+00,"[""STUDENT_WORKSHOP"", ""TECH_DISCOVERY""]",[],ad1624bc,Tech Enthusiast,,0,false
2973e612-ae0a-49f8-b1ab-410a6d820ef0,user_9117@mockexample.com,Mock User 138,,ATTENDEE_STUDENT,9d27df3c-60b3-4efe-98ef-c035a3d63c9b,2026-02-20 00:00:00+00,2026-02-20 00:00:00+00,"[""STUDENT_WORKSHOP"", ""TECH_DISCOVERY""]",[],2973e612,Tech Enthusiast,,0,false
e26143c6-3adf-4201-a8da-49ad490ad77e,user_8706@mockexample.com,Mock User 139,,PRO,9d27df3c-60b3-4efe-98ef-c035a3d63c9b,2026-02-23 00:00:00+00,2026-02-23 00:00:00+00,"[""B2B_NETWORKING"", ""TECH_DISCOVERY""]",[],e26143c6,B2B Professional Mock Bio,,2,false
89b6d6d6-8f2c-4bbc-a136-7fde367ea32c,user_6804@mockexample.com,Mock User 140,,ATTENDEE_CREATOR,9d27df3c-60b3-4efe-98ef-c035a3d63c9b,2026-03-09 00:00:00+00,2026-03-09 00:00:00+00,"[""CREATOR_TALK"", ""VR_EXPERIENCE""]",[],89b6d6d6,Tech Enthusiast,,2,false
62239915-ec25-47b9-b4d5-c2af7e41072c,user_5889@mockexample.com,Mock User 141,,PRO,9d27df3c-60b3-4efe-98ef-c035a3d63c9b,2026-02-16 00:00:00+00,2026-02-16 00:00:00+00,"[""B2B_NETWORKING"", ""TECH_DISCOVERY""]",[],62239915,B2B Professional Mock Bio,,0,false
df767688-a2f6-4dac-8c8e-40c9311129d7,user_4180@mockexample.com,Mock User 142,,ATTENDEE_STUDENT,9d27df3c-60b3-4efe-98ef-c035a3d63c9b,2026-03-03 00:00:00+00,2026-03-03 00:00:00+00,"[""STUDENT_WORKSHOP"", ""TECH_DISCOVERY""]",[],df767688,Tech Enthusiast,,0,false
19ccb46f-0e6d-4bd7-8d38-ad794397249c,user_7287@mockexample.com,Mock User 143,,PRO,9d27df3c-60b3-4efe-98ef-c035a3d63c9b,2026-02-22 00:00:00+00,2026-02-22 00:00:00+00,"[""B2B_NETWORKING"", ""TECH_DISCOVERY""]",[],19ccb46f,B2B Professional Mock Bio,,0,false
88db99f7-2159-405b-af50-314259e6f3a5,user_8111@mockexample.com,Mock User 144,,GRAND_PUBLIC,9d27df3c-60b3-4efe-98ef-c035a3d63c9b,2026-02-26 00:00:00+00,2026-02-26 00:00:00+00,"[""VR_EXPERIENCE"", ""AR_STAND""]",[],88db99f7,Tech Enthusiast,,0,false
179b67ee-3487-490f-8152-b90c0bdbecc3,user_3566@mockexample.com,Mock User 145,,ATTENDEE_CREATOR,9d27df3c-60b3-4efe-98ef-c035a3d63c9b,2026-02-27 00:00:00+00,2026-02-27 00:00:00+00,"[""CREATOR_TALK"", ""VR_EXPERIENCE""]",[],179b67ee,Tech Enthusiast,,2,false
d17a8285-e0cc-47b0-b455-2a3c047ee1d5,user_8471@mockexample.com,Mock User 146,,ATTENDEE_CREATOR,9d27df3c-60b3-4efe-98ef-c035a3d63c9b,2026-02-16 00:00:00+00,2026-02-16 00:00:00+00,"[""CREATOR_TALK"", ""VR_EXPERIENCE""]",[],d17a8285,Tech Enthusiast,,0,false
1ba786a6-5ac9-4dc2-be2b-3c9f40dc498a,user_4568@mockexample.com,Mock User 147,,ATTENDEE_INSIDER,9d27df3c-60b3-4efe-98ef-c035a3d63c9b,2026-03-01 00:00:00+00,2026-03-01 00:00:00+00,"[""VR_EXPERIENCE"", ""CREATOR_TALK""]",[],1ba786a6,Tech Enthusiast,,1,false
5589da8d-bc20-49ad-a1fc-4ecab8048fbd,user_2615@mockexample.com,Mock User 148,,PRO,9d27df3c-60b3-4efe-98ef-c035a3d63c9b,2026-02-25 00:00:00+00,2026-02-25 00:00:00+00,"[""B2B_NETWORKING"", ""TECH_DISCOVERY""]",[],5589da8d,B2B Professional Mock Bio,,0,false
7afcb9d1-d273-41f9-8565-def270a3edfd,user_5962@mockexample.com,Mock User 149,,GRAND_PUBLIC,9d27df3c-60b3-4efe-98ef-c035a3d63c9b,2026-02-18 00:00:00+00,2026-02-18 00:00:00+00,"[""VR_EXPERIENCE"", ""AR_STAND""]",[],7afcb9d1,Tech Enthusiast,,0,false
919df609-e2da-4432-9b33-33e7e83e6ac9,user_6827@mockexample.com,Mock User 150,,GRAND_PUBLIC,9d27df3c-60b3-4efe-98ef-c035a3d63c9b,2026-03-07 00:00:00+00,2026-03-07 00:00:00+00,"[""VR_EXPERIENCE"", ""AR_STAND""]",[],919df609,Tech Enthusiast,,0,false
6e46d3f8-dc5a-4ce8-8a82-49b420cedc94,user_6604@mockexample.com,Mock User 151,,GRAND_PUBLIC,9d27df3c-60b3-4efe-98ef-c035a3d63c9b,2026-02-16 00:00:00+00,2026-02-16 00:00:00+00,"[""VR_EXPERIENCE"", ""AR_STAND""]",[],6e46d3f8,Tech Enthusiast,,0,false
96afb56c-6dfc-43b8-83ed-068e8c0ba925,user_6512@mockexample.com,Mock User 152,,ATTENDEE_CREATOR,9d27df3c-60b3-4efe-98ef-c035a3d63c9b,2026-02-27 00:00:00+00,2026-02-27 00:00:00+00,"[""CREATOR_TALK"", ""VR_EXPERIENCE""]",[],96afb56c,Tech Enthusiast,,2,false
9283a208-8332-46e2-8d77-b0d36cbfc209,user_7234@mockexample.com,Mock User 153,,PRO,9d27df3c-60b3-4efe-98ef-c035a3d63c9b,2026-02-24 00:00:00+00,2026-02-24 00:00:00+00,"[""B2B_NETWORKING"", ""TECH_DISCOVERY""]",[],9283a208,B2B Professional Mock Bio,,0,false
f30b60e5-b25f-4f5b-a972-8f343b7ad782,user_3882@mockexample.com,Mock User 154,,GRAND_PUBLIC,9d27df3c-60b3-4efe-98ef-c035a3d63c9b,2026-02-23 00:00:00+00,2026-02-23 00:00:00+00,"[""VR_EXPERIENCE"", ""AR_STAND""]",[],f30b60e5,Tech Enthusiast,,0,false
d35a8941-0da6-4bf3-ac24-748de1874163,user_6293@mockexample.com,Mock User 155,,PRO,9d27df3c-60b3-4efe-98ef-c035a3d63c9b,2026-02-26 00:00:00+00,2026-02-26 00:00:00+00,"[""B2B_NETWORKING"", ""TECH_DISCOVERY""]",[],d35a8941,B2B Professional Mock Bio,,10,false
9a773e20-523f-426d-b32b-2f5f8aaa75c9,user_9302@mockexample.com,Mock User 156,,GRAND_PUBLIC,9d27df3c-60b3-4efe-98ef-c035a3d63c9b,2026-03-08 00:00:00+00,2026-03-08 00:00:00+00,"[""VR_EXPERIENCE"", ""AR_STAND""]",[],9a773e20,Tech Enthusiast,,0,false
2b0712dd-7b8a-48ba-a639-ae2121f9c101,user_7114@mockexample.com,Mock User 157,,GRAND_PUBLIC,9d27df3c-60b3-4efe-98ef-c035a3d63c9b,2026-02-22 00:00:00+00,2026-02-22 00:00:00+00,"[""VR_EXPERIENCE"", ""AR_STAND""]",[],2b0712dd,Tech Enthusiast,,0,false
8147959c-f687-4d38-af95-10742cfe2884,user_7225@mockexample.com,Mock User 158,,GRAND_PUBLIC,9d27df3c-60b3-4efe-98ef-c035a3d63c9b,2026-03-11 00:00:00+00,2026-03-11 00:00:00+00,"[""VR_EXPERIENCE"", ""AR_STAND""]",[],8147959c,Tech Enthusiast,,0,false
3d99ce2a-87ce-4d41-a8b2-695cfc52f7f3,user_1703@mockexample.com,Mock User 159,,ATTENDEE_CREATOR,9d27df3c-60b3-4efe-98ef-c035a3d63c9b,2026-02-13 00:00:00+00,2026-02-13 00:00:00+00,"[""CREATOR_TALK"", ""VR_EXPERIENCE""]",[],3d99ce2a,Tech Enthusiast,,0,false
29899c65-faa2-4bcc-9251-919460b7cc9b,user_4326@mockexample.com,Mock User 160,,GRAND_PUBLIC,9d27df3c-60b3-4efe-98ef-c035a3d63c9b,2026-02-14 00:00:00+00,2026-02-14 00:00:00+00,"[""VR_EXPERIENCE"", ""AR_STAND""]",[],29899c65,Tech Enthusiast,,1,false
bd159b3c-bbb6-406f-a21a-b2bf9554f861,user_6846@mockexample.com,Mock User 161,,ATTENDEE_DISCOVERY,9d27df3c-60b3-4efe-98ef-c035a3d63c9b,2026-03-11 00:00:00+00,2026-03-11 00:00:00+00,"[""TECH_DISCOVERY"", ""AR_STAND""]",[],bd159b3c,Tech Enthusiast,,8,false
a41464be-6cd8-4bf9-add8-5b81107a16e0,user_3221@mockexample.com,Mock User 162,,GRAND_PUBLIC,9d27df3c-60b3-4efe-98ef-c035a3d63c9b,2026-03-08 00:00:00+00,2026-03-08 00:00:00+00,"[""VR_EXPERIENCE"", ""AR_STAND""]",[],a41464be,Tech Enthusiast,,0,false
ddbee405-3f8c-4ae6-b3cb-d569dbf39227,user_7026@mockexample.com,Mock User 163,,ATTENDEE_INSIDER,9d27df3c-60b3-4efe-98ef-c035a3d63c9b,2026-03-09 00:00:00+00,2026-03-09 00:00:00+00,"[""VR_EXPERIENCE"", ""CREATOR_TALK""]",[],ddbee405,Tech Enthusiast,,1,false
2c7c9331-ffa1-4b87-81c0-2ce4c66873f7,user_5663@mockexample.com,Mock User 164,,ATTENDEE_DISCOVERY,9d27df3c-60b3-4efe-98ef-c035a3d63c9b,2026-02-25 00:00:00+00,2026-02-25 00:00:00+00,"[""TECH_DISCOVERY"", ""AR_STAND""]",[],2c7c9331,Tech Enthusiast,,0,false
dcba661b-22b8-41a6-9d1c-ad491f079247,user_9279@mockexample.com,Mock User 165,,DECISION_MAKER,9d27df3c-60b3-4efe-98ef-c035a3d63c9b,2026-03-08 00:00:00+00,2026-03-08 00:00:00+00,"[""B2B_NETWORKING"", ""CREATOR_TALK""]",[],dcba661b,B2B Professional Mock Bio,,2,false
a174a08e-6562-4e20-a2a3-ea8707604141,user_5076@mockexample.com,Mock User 166,,GRAND_PUBLIC,9d27df3c-60b3-4efe-98ef-c035a3d63c9b,2026-02-16 00:00:00+00,2026-02-16 00:00:00+00,"[""VR_EXPERIENCE"", ""AR_STAND""]",[],a174a08e,Tech Enthusiast,,0,false
4149ebd6-4b97-44f3-9438-e4a49a8b1c93,user_4927@mockexample.com,Mock User 167,,GRAND_PUBLIC,9d27df3c-60b3-4efe-98ef-c035a3d63c9b,2026-03-12 00:00:00+00,2026-03-12 00:00:00+00,"[""VR_EXPERIENCE"", ""AR_STAND""]",[],4149ebd6,Tech Enthusiast,,0,false
3cc783e8-0dcf-4007-af61-6f38e2c467fd,user_8825@mockexample.com,Mock User 168,,PRO,9d27df3c-60b3-4efe-98ef-c035a3d63c9b,2026-02-28 00:00:00+00,2026-02-28 00:00:00+00,"[""B2B_NETWORKING"", ""TECH_DISCOVERY""]",[],3cc783e8,B2B Professional Mock Bio,,0,false
302424aa-d384-44e5-a350-022693b8c6b6,user_2022@mockexample.com,Mock User 169,,ATTENDEE_CREATOR,9d27df3c-60b3-4efe-98ef-c035a3d63c9b,2026-03-08 00:00:00+00,2026-03-08 00:00:00+00,"[""CREATOR_TALK"", ""VR_EXPERIENCE""]",[],302424aa,Tech Enthusiast,,0,false
529ec8d1-045c-4a4b-9c06-351a52ae5d9c,user_6919@mockexample.com,Mock User 170,,GRAND_PUBLIC,9d27df3c-60b3-4efe-98ef-c035a3d63c9b,2026-02-14 00:00:00+00,2026-02-14 00:00:00+00,"[""VR_EXPERIENCE"", ""AR_STAND""]",[],529ec8d1,Tech Enthusiast,,0,false
50e4bea2-4a02-4da1-8dc7-beef66f1e5b5,user_8171@mockexample.com,Mock User 171,,ATTENDEE_INSIDER,9d27df3c-60b3-4efe-98ef-c035a3d63c9b,2026-02-15 00:00:00+00,2026-02-15 00:00:00+00,"[""VR_EXPERIENCE"", ""CREATOR_TALK""]",[],50e4bea2,Tech Enthusiast,,1,false
0a736495-cb89-446b-9e7a-24151d2fb8e5,user_4701@mockexample.com,Mock User 172,,ATTENDEE_CREATOR,9d27df3c-60b3-4efe-98ef-c035a3d63c9b,2026-03-04 00:00:00+00,2026-03-04 00:00:00+00,"[""CREATOR_TALK"", ""VR_EXPERIENCE""]",[],0a736495,Tech Enthusiast,,0,false
b30b23c7-3745-4118-92e4-c97bf9875a59,user_4372@mockexample.com,Mock User 173,,GRAND_PUBLIC,9d27df3c-60b3-4efe-98ef-c035a3d63c9b,2026-02-13 00:00:00+00,2026-02-13 00:00:00+00,"[""VR_EXPERIENCE"", ""AR_STAND""]",[],b30b23c7,Tech Enthusiast,,0,false
d8d9573e-2946-4b7c-a428-10382a7bb2ad,user_1191@mockexample.com,Mock User 174,,GRAND_PUBLIC,9d27df3c-60b3-4efe-98ef-c035a3d63c9b,2026-02-28 00:00:00+00,2026-02-28 00:00:00+00,"[""VR_EXPERIENCE"", ""AR_STAND""]",[],d8d9573e,Tech Enthusiast,,0,false
a572e1fc-ff11-4875-8646-60f13f97be4e,user_9538@mockexample.com,Mock User 175,,GRAND_PUBLIC,9d27df3c-60b3-4efe-98ef-c035a3d63c9b,2026-03-12 00:00:00+00,2026-03-12 00:00:00+00,"[""VR_EXPERIENCE"", ""AR_STAND""]",[],a572e1fc,Tech Enthusiast,,0,false
347ac645-9f57-48e3-902c-1cef77f27a66,user_3330@mockexample.com,Mock User 176,,GRAND_PUBLIC,9d27df3c-60b3-4efe-98ef-c035a3d63c9b,2026-02-21 00:00:00+00,2026-02-21 00:00:00+00,"[""VR_EXPERIENCE"", ""AR_STAND""]",[],347ac645,Tech Enthusiast,,0,false
331f9dc2-3de5-4a22-8efc-06502e462b34,user_3704@mockexample.com,Mock User 177,,ATTENDEE_STUDENT,9d27df3c-60b3-4efe-98ef-c035a3d63c9b,2026-03-12 00:00:00+00,2026-03-12 00:00:00+00,"[""STUDENT_WORKSHOP"", ""TECH_DISCOVERY""]",[],331f9dc2,Tech Enthusiast,,0,false
3d71f36f-278a-4947-a9b8-e228eaa22a0b,user_9953@mockexample.com,Mock User 178,,PRO,9d27df3c-60b3-4efe-98ef-c035a3d63c9b,2026-03-03 00:00:00+00,2026-03-03 00:00:00+00,"[""B2B_NETWORKING"", ""TECH_DISCOVERY""]",[],3d71f36f,B2B Professional Mock Bio,,1,false
6d8299c9-fdd7-46ca-9753-338e597ddd37,user_1071@mockexample.com,Mock User 179,,ATTENDEE_INSIDER,9d27df3c-60b3-4efe-98ef-c035a3d63c9b,2026-02-25 00:00:00+00,2026-02-25 00:00:00+00,"[""VR_EXPERIENCE"", ""CREATOR_TALK""]",[],6d8299c9,Tech Enthusiast,,0,false
f142e2cb-5163-424e-bd27-a1fda1bdc285,user_5691@mockexample.com,Mock User 180,,GRAND_PUBLIC,9d27df3c-60b3-4efe-98ef-c035a3d63c9b,2026-03-01 00:00:00+00,2026-03-01 00:00:00+00,"[""VR_EXPERIENCE"", ""AR_STAND""]",[],f142e2cb,Tech Enthusiast,,0,false
77377f95-5406-42bd-a024-61fd80c55973,user_3731@mockexample.com,Mock User 181,,GRAND_PUBLIC,9d27df3c-60b3-4efe-98ef-c035a3d63c9b,2026-02-15 00:00:00+00,2026-02-15 00:00:00+00,"[""VR_EXPERIENCE"", ""AR_STAND""]",[],77377f95,Tech Enthusiast,,0,false
749c1041-1b9a-4849-8736-e625a698b968,user_3026@mockexample.com,Mock User 182,,ATTENDEE_INSIDER,9d27df3c-60b3-4efe-98ef-c035a3d63c9b,2026-02-21 00:00:00+00,2026-02-21 00:00:00+00,"[""VR_EXPERIENCE"", ""CREATOR_TALK""]",[],749c1041,Tech Enthusiast,,0,false
38fc0b77-701a-4227-ace7-3c0e7ce6d11c,user_1196@mockexample.com,Mock User 183,,GRAND_PUBLIC,9d27df3c-60b3-4efe-98ef-c035a3d63c9b,2026-03-08 00:00:00+00,2026-03-08 00:00:00+00,"[""VR_EXPERIENCE"", ""AR_STAND""]",[],38fc0b77,Tech Enthusiast,,0,false
d4ff2cfb-4f9f-4efe-9925-fd2207ba2ce1,user_9507@mockexample.com,Mock User 184,,PRO,9d27df3c-60b3-4efe-98ef-c035a3d63c9b,2026-02-17 00:00:00+00,2026-02-17 00:00:00+00,"[""B2B_NETWORKING"", ""TECH_DISCOVERY""]",[],d4ff2cfb,B2B Professional Mock Bio,,0,false
b4101217-3be3-4d7c-a5e0-2651fb0320a0,user_7954@mockexample.com,Mock User 185,,GRAND_PUBLIC,9d27df3c-60b3-4efe-98ef-c035a3d63c9b,2026-02-27 00:00:00+00,2026-02-27 00:00:00+00,"[""VR_EXPERIENCE"", ""AR_STAND""]",[],b4101217,Tech Enthusiast,,0,false
a13904cb-9b75-47dd-8b10-ead2631b3ad2,user_3017@mockexample.com,Mock User 186,,DECISION_MAKER,9d27df3c-60b3-4efe-98ef-c035a3d63c9b,2026-02-11 00:00:00+00,2026-02-11 00:00:00+00,"[""B2B_NETWORKING"", ""CREATOR_TALK""]",[],a13904cb,B2B Professional Mock Bio,,0,false
08693cd0-73d6-49dd-86e8-564359b27527,user_4612@mockexample.com,Mock User 187,,DECISION_MAKER,9d27df3c-60b3-4efe-98ef-c035a3d63c9b,2026-02-23 00:00:00+00,2026-02-23 00:00:00+00,"[""B2B_NETWORKING"", ""CREATOR_TALK""]",[],08693cd0,B2B Professional Mock Bio,,0,false
b97c16a3-420c-490a-b1f8-e6c2fa297918,user_5905@mockexample.com,Mock User 188,,ATTENDEE_DISCOVERY,9d27df3c-60b3-4efe-98ef-c035a3d63c9b,2026-03-04 00:00:00+00,2026-03-04 00:00:00+00,"[""TECH_DISCOVERY"", ""AR_STAND""]",[],b97c16a3,Tech Enthusiast,,0,false
c750922a-1f48-4b60-a864-7bae5aa25187,user_6936@mockexample.com,Mock User 189,,GRAND_PUBLIC,9d27df3c-60b3-4efe-98ef-c035a3d63c9b,2026-02-12 00:00:00+00,2026-02-12 00:00:00+00,"[""VR_EXPERIENCE"", ""AR_STAND""]",[],c750922a,Tech Enthusiast,,0,false
df71f24f-fa8e-45d6-ae68-c7ee0bd1f52f,user_2750@mockexample.com,Mock User 190,,GRAND_PUBLIC,9d27df3c-60b3-4efe-98ef-c035a3d63c9b,2026-03-04 00:00:00+00,2026-03-04 00:00:00+00,"[""VR_EXPERIENCE"", ""AR_STAND""]",[],df71f24f,Tech Enthusiast,,0,false
7b11e310-c609-4268-aa48-1240179e9d1e,user_1463@mockexample.com,Mock User 191,,PRO,9d27df3c-60b3-4efe-98ef-c035a3d63c9b,2026-03-10 00:00:00+00,2026-03-10 00:00:00+00,"[""B2B_NETWORKING"", ""TECH_DISCOVERY""]",[],7b11e310,B2B Professional Mock Bio,,3,false
2d982f11-a04f-4669-9f85-2a464f241483,user_9048@mockexample.com,Mock User 192,,GRAND_PUBLIC,9d27df3c-60b3-4efe-98ef-c035a3d63c9b,2026-02-27 00:00:00+00,2026-02-27 00:00:00+00,"[""VR_EXPERIENCE"", ""AR_STAND""]",[],2d982f11,Tech Enthusiast,,1,false
dd61e0d3-e9cc-45e9-9388-679ec8549004,user_3229@mockexample.com,Mock User 193,,GRAND_PUBLIC,9d27df3c-60b3-4efe-98ef-c035a3d63c9b,2026-03-06 00:00:00+00,2026-03-06 00:00:00+00,"[""VR_EXPERIENCE"", ""AR_STAND""]",[],dd61e0d3,Tech Enthusiast,,1,false
33ffa9b2-1672-4142-aa4b-4467f4a84b2f,user_6113@mockexample.com,Mock User 194,,PRO,9d27df3c-60b3-4efe-98ef-c035a3d63c9b,2026-02-17 00:00:00+00,2026-02-17 00:00:00+00,"[""B2B_NETWORKING"", ""TECH_DISCOVERY""]",[],33ffa9b2,B2B Professional Mock Bio,,1,false
b1994724-ed90-4d4e-a85e-6eb0e2ede1b1,user_7448@mockexample.com,Mock User 195,,PRO,9d27df3c-60b3-4efe-98ef-c035a3d63c9b,2026-03-07 00:00:00+00,2026-03-07 00:00:00+00,"[""B2B_NETWORKING"", ""TECH_DISCOVERY""]",[],b1994724,B2B Professional Mock Bio,,0,false
852b6306-def3-42d5-ae88-a114a75ae65d,user_8609@mockexample.com,Mock User 196,,GRAND_PUBLIC,9d27df3c-60b3-4efe-98ef-c035a3d63c9b,2026-02-26 00:00:00+00,2026-02-26 00:00:00+00,"[""VR_EXPERIENCE"", ""AR_STAND""]",[],852b6306,Tech Enthusiast,,0,false
226a5411-b48b-4138-94ef-c3a0f905e468,user_9634@mockexample.com,Mock User 197,,GRAND_PUBLIC,9d27df3c-60b3-4efe-98ef-c035a3d63c9b,2026-03-08 00:00:00+00,2026-03-08 00:00:00+00,"[""VR_EXPERIENCE"", ""AR_STAND""]",[],226a5411,Tech Enthusiast,,2,false
428acf49-d539-45ec-ac88-bd9de2dca5ff,user_3481@mockexample.com,Mock User 198,,ATTENDEE_DISCOVERY,9d27df3c-60b3-4efe-98ef-c035a3d63c9b,2026-03-02 00:00:00+00,2026-03-02 00:00:00+00,"[""TECH_DISCOVERY"", ""AR_STAND""]",[],428acf49,Tech Enthusiast,,0,false
3c76f0e3-485c-4547-9e76-b7a7b21a6457,user_3553@mockexample.com,Mock User 199,,ATTENDEE_STUDENT,9d27df3c-60b3-4efe-98ef-c035a3d63c9b,2026-02-11 00:00:00+00,2026-02-11 00:00:00+00,"[""STUDENT_WORKSHOP"", ""TECH_DISCOVERY""]",[],3c76f0e3,Tech Enthusiast,,0,false
b4d106d3-764f-4de1-b48d-0ab2ccff060a,user_7771@mockexample.com,Mock User 200,,ATTENDEE_STUDENT,9d27df3c-60b3-4efe-98ef-c035a3d63c9b,2026-02-25 00:00:00+00,2026-02-25 00:00:00+00,"[""STUDENT_WORKSHOP"", ""TECH_DISCOVERY""]",[],b4d106d3,Tech Enthusiast,,1,false
eb47550c-5bb1-42ca-a792-41dd75d8c786,user_2730@mockexample.com,Mock User 201,,ATTENDEE_CREATOR,9d27df3c-60b3-4efe-98ef-c035a3d63c9b,2026-03-04 00:00:00+00,2026-03-04 00:00:00+00,"[""CREATOR_TALK"", ""VR_EXPERIENCE""]",[],eb47550c,Tech Enthusiast,,0,false
59633ec9-06ff-4f95-84f1-b9438013e9cf,user_9598@mockexample.com,Mock User 202,,ATTENDEE_DISCOVERY,9d27df3c-60b3-4efe-98ef-c035a3d63c9b,2026-03-06 00:00:00+00,2026-03-06 00:00:00+00,"[""TECH_DISCOVERY"", ""AR_STAND""]",[],59633ec9,Tech Enthusiast,,0,false
9803becc-e1fd-4cc3-ac4c-b4cdd8aeb526,user_2949@mockexample.com,Mock User 203,,ATTENDEE_INSIDER,9d27df3c-60b3-4efe-98ef-c035a3d63c9b,2026-03-09 00:00:00+00,2026-03-09 00:00:00+00,"[""VR_EXPERIENCE"", ""CREATOR_TALK""]",[],9803becc,Tech Enthusiast,,0,false
393edef8-4a75-42e6-8139-6214ba1afc54,user_9780@mockexample.com,Mock User 204,,ATTENDEE_DISCOVERY,9d27df3c-60b3-4efe-98ef-c035a3d63c9b,2026-02-21 00:00:00+00,2026-02-21 00:00:00+00,"[""TECH_DISCOVERY"", ""AR_STAND""]",[],393edef8,Tech Enthusiast,,0,false
c66d3167-23ce-43ea-9a66-b7236af75279,user_6993@mockexample.com,Mock User 205,,GRAND_PUBLIC,9d27df3c-60b3-4efe-98ef-c035a3d63c9b,2026-02-12 00:00:00+00,2026-02-12 00:00:00+00,"[""VR_EXPERIENCE"", ""AR_STAND""]",[],c66d3167,Tech Enthusiast,,0,false
8597626b-ce9d-43d8-aca6-24342a53980f,user_6994@mockexample.com,Mock User 206,,GRAND_PUBLIC,9d27df3c-60b3-4efe-98ef-c035a3d63c9b,2026-02-20 00:00:00+00,2026-02-20 00:00:00+00,"[""VR_EXPERIENCE"", ""AR_STAND""]",[],8597626b,Tech Enthusiast,,0,false
650fdd4e-bcdc-4ad8-80b1-feca69a0f6e4,user_6748@mockexample.com,Mock User 207,,GRAND_PUBLIC,9d27df3c-60b3-4efe-98ef-c035a3d63c9b,2026-02-27 00:00:00+00,2026-02-27 00:00:00+00,"[""VR_EXPERIENCE"", ""AR_STAND""]",[],650fdd4e,Tech Enthusiast,,2,false
b61d079d-ec62-4167-8eba-09a5727aaf7f,user_1639@mockexample.com,Mock User 208,,ATTENDEE_CREATOR,9d27df3c-60b3-4efe-98ef-c035a3d63c9b,2026-02-27 00:00:00+00,2026-02-27 00:00:00+00,"[""CREATOR_TALK"", ""VR_EXPERIENCE""]",[],b61d079d,Tech Enthusiast,,0,false
c037def8-2641-4aaa-a9cd-ff92dc9e990a,user_9353@mockexample.com,Mock User 209,,GRAND_PUBLIC,9d27df3c-60b3-4efe-98ef-c035a3d63c9b,2026-02-11 00:00:00+00,2026-02-11 00:00:00+00,"[""VR_EXPERIENCE"", ""AR_STAND""]",[],c037def8,Tech Enthusiast,,0,false
08f5c5e8-b5d2-4b82-9c78-964e21c0a6d5,user_2709@mockexample.com,Mock User 210,,GRAND_PUBLIC,9d27df3c-60b3-4efe-98ef-c035a3d63c9b,2026-02-22 00:00:00+00,2026-02-22 00:00:00+00,"[""VR_EXPERIENCE"", ""AR_STAND""]",[],08f5c5e8,Tech Enthusiast,,1,false
f750fef1-a148-41c8-89d2-6eba75a61cbc,user_7698@mockexample.com,Mock User 211,,ATTENDEE_STUDENT,9d27df3c-60b3-4efe-98ef-c035a3d63c9b,2026-03-03 00:00:00+00,2026-03-03 00:00:00+00,"[""STUDENT_WORKSHOP"", ""TECH_DISCOVERY""]",[],f750fef1,Tech Enthusiast,,0,false
016e8bcf-c403-418d-a471-a465749ad584,user_1208@mockexample.com,Mock User 212,,GRAND_PUBLIC,9d27df3c-60b3-4efe-98ef-c035a3d63c9b,2026-03-11 00:00:00+00,2026-03-11 00:00:00+00,"[""VR_EXPERIENCE"", ""AR_STAND""]",[],016e8bcf,Tech Enthusiast,,0,false
a0497fed-2140-4b4c-91e6-25e7ae5cb7e2,user_1987@mockexample.com,Mock User 213,,GRAND_PUBLIC,9d27df3c-60b3-4efe-98ef-c035a3d63c9b,2026-03-11 00:00:00+00,2026-03-11 00:00:00+00,"[""VR_EXPERIENCE"", ""AR_STAND""]",[],a0497fed,Tech Enthusiast,,0,false
027f240a-3e29-4ac0-a1a8-710fee7baac6,user_2310@mockexample.com,Mock User 214,,PRO,9d27df3c-60b3-4efe-98ef-c035a3d63c9b,2026-03-03 00:00:00+00,2026-03-03 00:00:00+00,"[""B2B_NETWORKING"", ""TECH_DISCOVERY""]",[],027f240a,B2B Professional Mock Bio,,0,false
d3d237b3-4919-4983-89b9-dc26e55f2dab,user_7265@mockexample.com,Mock User 215,,GRAND_PUBLIC,9d27df3c-60b3-4efe-98ef-c035a3d63c9b,2026-03-04 00:00:00+00,2026-03-04 00:00:00+00,"[""VR_EXPERIENCE"", ""AR_STAND""]",[],d3d237b3,Tech Enthusiast,,2,false
45915767-4f0e-4c5c-9cf7-872e6de6c42a,user_8123@mockexample.com,Mock User 216,,ATTENDEE_STUDENT,9d27df3c-60b3-4efe-98ef-c035a3d63c9b,2026-02-25 00:00:00+00,2026-02-25 00:00:00+00,"[""STUDENT_WORKSHOP"", ""TECH_DISCOVERY""]",[],45915767,Tech Enthusiast,,0,false
cfaa9bc0-61ff-4909-bdcf-8db08a2207b1,user_2315@mockexample.com,Mock User 217,,ATTENDEE_CREATOR,9d27df3c-60b3-4efe-98ef-c035a3d63c9b,2026-02-14 00:00:00+00,2026-02-14 00:00:00+00,"[""CREATOR_TALK"", ""VR_EXPERIENCE""]",[],cfaa9bc0,Tech Enthusiast,,0,false
4dda6dc5-6400-418f-9aaf-f4eafe837e87,user_4278@mockexample.com,Mock User 218,,ATTENDEE_DISCOVERY,9d27df3c-60b3-4efe-98ef-c035a3d63c9b,2026-03-07 00:00:00+00,2026-03-07 00:00:00+00,"[""TECH_DISCOVERY"", ""AR_STAND""]",[],4dda6dc5,Tech Enthusiast,,0,false
6be2dd5b-220c-4159-aded-df9258d956e6,user_6024@mockexample.com,Mock User 219,,ATTENDEE_INSIDER,9d27df3c-60b3-4efe-98ef-c035a3d63c9b,2026-03-02 00:00:00+00,2026-03-02 00:00:00+00,"[""VR_EXPERIENCE"", ""CREATOR_TALK""]",[],6be2dd5b,Tech Enthusiast,,0,false
3d93c110-9bbe-4850-a7d9-f03a14e731fc,user_1413@mockexample.com,Mock User 220,,ATTENDEE_DISCOVERY,9d27df3c-60b3-4efe-98ef-c035a3d63c9b,2026-02-14 00:00:00+00,2026-02-14 00:00:00+00,"[""TECH_DISCOVERY"", ""AR_STAND""]",[],3d93c110,Tech Enthusiast,,0,false
ca1ddba8-f515-4dc8-abb2-7c5e915bf942,user_8647@mockexample.com,Mock User 221,,ATTENDEE_INSIDER,9d27df3c-60b3-4efe-98ef-c035a3d63c9b,2026-02-24 00:00:00+00,2026-02-24 00:00:00+00,"[""VR_EXPERIENCE"", ""CREATOR_TALK""]",[],ca1ddba8,Tech Enthusiast,,1,false
a3588b1b-db2e-475f-8889-8461f2148c6a,user_5740@mockexample.com,Mock User 222,,ATTENDEE_CREATOR,9d27df3c-60b3-4efe-98ef-c035a3d63c9b,2026-02-24 00:00:00+00,2026-02-24 00:00:00+00,"[""CREATOR_TALK"", ""VR_EXPERIENCE""]",[],a3588b1b,Tech Enthusiast,,0,false
ea46f340-5ae0-4629-a669-5ac3c2b3eef6,user_5957@mockexample.com,Mock User 223,,GRAND_PUBLIC,9d27df3c-60b3-4efe-98ef-c035a3d63c9b,2026-03-04 00:00:00+00,2026-03-04 00:00:00+00,"[""VR_EXPERIENCE"", ""AR_STAND""]",[],ea46f340,Tech Enthusiast,,0,false
f387723b-397a-42cd-93cb-aec8c07bff8f,user_3249@mockexample.com,Mock User 224,,GRAND_PUBLIC,9d27df3c-60b3-4efe-98ef-c035a3d63c9b,2026-02-22 00:00:00+00,2026-02-22 00:00:00+00,"[""VR_EXPERIENCE"", ""AR_STAND""]",[],f387723b,Tech Enthusiast,,0,false
73abbc35-126b-48ef-ac4b-cf66924b1559,user_1446@mockexample.com,Mock User 225,,ATTENDEE_CREATOR,9d27df3c-60b3-4efe-98ef-c035a3d63c9b,2026-02-16 00:00:00+00,2026-02-16 00:00:00+00,"[""CREATOR_TALK"", ""VR_EXPERIENCE""]",[],73abbc35,Tech Enthusiast,,0,false
6e3b8e45-03ea-48b9-a788-6d07ec89e181,user_8807@mockexample.com,Mock User 226,,ATTENDEE_STUDENT,9d27df3c-60b3-4efe-98ef-c035a3d63c9b,2026-02-26 00:00:00+00,2026-02-26 00:00:00+00,"[""STUDENT_WORKSHOP"", ""TECH_DISCOVERY""]",[],6e3b8e45,Tech Enthusiast,,0,false
1ce558fb-0578-4ad5-b5dc-92c5de88832d,user_1904@mockexample.com,Mock User 227,,ATTENDEE_DISCOVERY,9d27df3c-60b3-4efe-98ef-c035a3d63c9b,2026-02-15 00:00:00+00,2026-02-15 00:00:00+00,"[""TECH_DISCOVERY"", ""AR_STAND""]",[],1ce558fb,Tech Enthusiast,,0,false
b24da865-72df-4e3c-af0c-db91cd6443c1,user_6761@mockexample.com,Mock User 228,,GRAND_PUBLIC,9d27df3c-60b3-4efe-98ef-c035a3d63c9b,2026-02-13 00:00:00+00,2026-02-13 00:00:00+00,"[""VR_EXPERIENCE"", ""AR_STAND""]",[],b24da865,Tech Enthusiast,,0,false
12bb176c-92fa-4087-a2b3-1e746a5f4a41,user_3823@mockexample.com,Mock User 229,,GRAND_PUBLIC,9d27df3c-60b3-4efe-98ef-c035a3d63c9b,2026-03-10 00:00:00+00,2026-03-10 00:00:00+00,"[""VR_EXPERIENCE"", ""AR_STAND""]",[],12bb176c,Tech Enthusiast,,10,false
499e5f16-e6ba-4646-91f0-d241497812bc,user_4936@mockexample.com,Mock User 230,,ATTENDEE_CREATOR,9d27df3c-60b3-4efe-98ef-c035a3d63c9b,2026-02-25 00:00:00+00,2026-02-25 00:00:00+00,"[""CREATOR_TALK"", ""VR_EXPERIENCE""]",[],499e5f16,Tech Enthusiast,,2,false
58b22874-7866-499e-b41f-5eeb343aad1e,user_8049@mockexample.com,Mock User 231,,PRO,9d27df3c-60b3-4efe-98ef-c035a3d63c9b,2026-02-21 00:00:00+00,2026-02-21 00:00:00+00,"[""B2B_NETWORKING"", ""TECH_DISCOVERY""]",[],58b22874,B2B Professional Mock Bio,,0,false
e8c2daea-f8ad-4c3a-a79c-e25f6845f30b,user_2696@mockexample.com,Mock User 232,,ATTENDEE_INSIDER,9d27df3c-60b3-4efe-98ef-c035a3d63c9b,2026-02-26 00:00:00+00,2026-02-26 00:00:00+00,"[""VR_EXPERIENCE"", ""CREATOR_TALK""]",[],e8c2daea,Tech Enthusiast,,0,false
24c996fe-d746-4299-b32b-380f6daee7ea,user_5394@mockexample.com,Mock User 233,,ATTENDEE_CREATOR,9d27df3c-60b3-4efe-98ef-c035a3d63c9b,2026-03-10 00:00:00+00,2026-03-10 00:00:00+00,"[""CREATOR_TALK"", ""VR_EXPERIENCE""]",[],24c996fe,Tech Enthusiast,,0,false
a892e54d-16be-4bf6-99a7-8de3420afc56,user_9654@mockexample.com,Mock User 234,,ATTENDEE_DISCOVERY,9d27df3c-60b3-4efe-98ef-c035a3d63c9b,2026-03-11 00:00:00+00,2026-03-11 00:00:00+00,"[""TECH_DISCOVERY"", ""AR_STAND""]",[],a892e54d,Tech Enthusiast,,0,false
e725b2a8-b0d7-4159-9c1a-7395aead7836,user_2824@mockexample.com,Mock User 235,,GRAND_PUBLIC,9d27df3c-60b3-4efe-98ef-c035a3d63c9b,2026-02-17 00:00:00+00,2026-02-17 00:00:00+00,"[""VR_EXPERIENCE"", ""AR_STAND""]",[],e725b2a8,Tech Enthusiast,,0,false
775b7504-5841-4e93-8231-16f210ef87a2,user_9521@mockexample.com,Mock User 236,,ATTENDEE_STUDENT,9d27df3c-60b3-4efe-98ef-c035a3d63c9b,2026-03-07 00:00:00+00,2026-03-07 00:00:00+00,"[""STUDENT_WORKSHOP"", ""TECH_DISCOVERY""]",[],775b7504,Tech Enthusiast,,0,false
766c125a-3374-48a9-941e-3ec3eaeb6819,user_5705@mockexample.com,Mock User 237,,ATTENDEE_STUDENT,9d27df3c-60b3-4efe-98ef-c035a3d63c9b,2026-02-25 00:00:00+00,2026-02-25 00:00:00+00,"[""STUDENT_WORKSHOP"", ""TECH_DISCOVERY""]",[],766c125a,Tech Enthusiast,,2,false
c06eaee3-78ee-4a32-9892-1a9f2fbb60bb,user_1459@mockexample.com,Mock User 238,,ATTENDEE_CREATOR,9d27df3c-60b3-4efe-98ef-c035a3d63c9b,2026-03-08 00:00:00+00,2026-03-08 00:00:00+00,"[""CREATOR_TALK"", ""VR_EXPERIENCE""]",[],c06eaee3,Tech Enthusiast,,2,false
3059dd5f-0285-450b-82f4-1fa418289b58,user_6923@mockexample.com,Mock User 239,,PRO,9d27df3c-60b3-4efe-98ef-c035a3d63c9b,2026-02-20 00:00:00+00,2026-02-20 00:00:00+00,"[""B2B_NETWORKING"", ""TECH_DISCOVERY""]",[],3059dd5f,B2B Professional Mock Bio,,0,false
45f4eea9-0966-489d-9128-eab5e836eb95,user_3134@mockexample.com,Mock User 240,,GRAND_PUBLIC,9d27df3c-60b3-4efe-98ef-c035a3d63c9b,2026-02-22 00:00:00+00,2026-02-22 00:00:00+00,"[""VR_EXPERIENCE"", ""AR_STAND""]",[],45f4eea9,Tech Enthusiast,,0,false
213cf34b-1792-4a91-89a9-a380f66d1a06,user_4843@mockexample.com,Mock User 241,,PRO,9d27df3c-60b3-4efe-98ef-c035a3d63c9b,2026-02-18 00:00:00+00,2026-02-18 00:00:00+00,"[""B2B_NETWORKING"", ""TECH_DISCOVERY""]",[],213cf34b,B2B Professional Mock Bio,,0,false
32fdbcff-b86c-4126-bc02-74beb11098ee,user_4130@mockexample.com,Mock User 242,,GRAND_PUBLIC,9d27df3c-60b3-4efe-98ef-c035a3d63c9b,2026-03-02 00:00:00+00,2026-03-02 00:00:00+00,"[""VR_EXPERIENCE"", ""AR_STAND""]",[],32fdbcff,Tech Enthusiast,,0,false
e12b894d-5b13-4f3e-bcc6-1de577ee9a25,user_5098@mockexample.com,Mock User 243,,GRAND_PUBLIC,9d27df3c-60b3-4efe-98ef-c035a3d63c9b,2026-03-03 00:00:00+00,2026-03-03 00:00:00+00,"[""VR_EXPERIENCE"", ""AR_STAND""]",[],e12b894d,Tech Enthusiast,,0,false
b3f4cd8d-2550-444e-8b59-a81c905c208a,user_5085@mockexample.com,Mock User 244,,ATTENDEE_DISCOVERY,9d27df3c-60b3-4efe-98ef-c035a3d63c9b,2026-03-08 00:00:00+00,2026-03-08 00:00:00+00,"[""TECH_DISCOVERY"", ""AR_STAND""]",[],b3f4cd8d,Tech Enthusiast,,0,false
925527af-34f9-4f6a-92e8-39fe4efbb0cb,user_8074@mockexample.com,Mock User 245,,GRAND_PUBLIC,9d27df3c-60b3-4efe-98ef-c035a3d63c9b,2026-03-08 00:00:00+00,2026-03-08 00:00:00+00,"[""VR_EXPERIENCE"", ""AR_STAND""]",[],925527af,Tech Enthusiast,,1,false
52489b31-bb80-406d-a330-92f66fad186f,user_1487@mockexample.com,Mock User 246,,ATTENDEE_INSIDER,9d27df3c-60b3-4efe-98ef-c035a3d63c9b,2026-02-15 00:00:00+00,2026-02-15 00:00:00+00,"[""VR_EXPERIENCE"", ""CREATOR_TALK""]",[],52489b31,Tech Enthusiast,,0,false
c7fd26c2-15a2-4b30-9a50-363efcec68a9,user_3762@mockexample.com,Mock User 247,,GRAND_PUBLIC,9d27df3c-60b3-4efe-98ef-c035a3d63c9b,2026-03-07 00:00:00+00,2026-03-07 00:00:00+00,"[""VR_EXPERIENCE"", ""AR_STAND""]",[],c7fd26c2,Tech Enthusiast,,0,false
bf19869e-c46b-4466-9d57-992ff6a05328,user_9485@mockexample.com,Mock User 248,,ATTENDEE_CREATOR,9d27df3c-60b3-4efe-98ef-c035a3d63c9b,2026-03-11 00:00:00+00,2026-03-11 00:00:00+00,"[""CREATOR_TALK"", ""VR_EXPERIENCE""]",[],bf19869e,Tech Enthusiast,,1,false
c182a12b-a193-4280-b6b8-4ce3a6435f95,user_9335@mockexample.com,Mock User 249,,ATTENDEE_CREATOR,9d27df3c-60b3-4efe-98ef-c035a3d63c9b,2026-03-07 00:00:00+00,2026-03-07 00:00:00+00,"[""CREATOR_TALK"", ""VR_EXPERIENCE""]",[],c182a12b,Tech Enthusiast,,0,false
7ff62e10-fd33-4d9a-8175-562d963b301a,user_8333@mockexample.com,Mock User 250,,ATTENDEE_STUDENT,9d27df3c-60b3-4efe-98ef-c035a3d63c9b,2026-02-25 00:00:00+00,2026-02-25 00:00:00+00,"[""STUDENT_WORKSHOP"", ""TECH_DISCOVERY""]",[],7ff62e10,Tech Enthusiast,,1,false
ace7bf9f-7d97-4317-a3ce-3c8482f9bc97,user_8518@mockexample.com,Mock User 251,,ATTENDEE_STUDENT,9d27df3c-60b3-4efe-98ef-c035a3d63c9b,2026-03-09 00:00:00+00,2026-03-09 00:00:00+00,"[""STUDENT_WORKSHOP"", ""TECH_DISCOVERY""]",[],ace7bf9f,Tech Enthusiast,,0,false
f9069bb1-a0e8-4d0e-a0de-c73595239aaa,user_6303@mockexample.com,Mock User 252,,GRAND_PUBLIC,9d27df3c-60b3-4efe-98ef-c035a3d63c9b,2026-02-21 00:00:00+00,2026-02-21 00:00:00+00,"[""VR_EXPERIENCE"", ""AR_STAND""]",[],f9069bb1,Tech Enthusiast,,0,false
d9172c5c-ab84-45b8-94fa-86be9a4f5105,user_2314@mockexample.com,Mock User 253,,GRAND_PUBLIC,9d27df3c-60b3-4efe-98ef-c035a3d63c9b,2026-02-15 00:00:00+00,2026-02-15 00:00:00+00,"[""VR_EXPERIENCE"", ""AR_STAND""]",[],d9172c5c,Tech Enthusiast,,0,false
2af85e44-9ff9-4fef-83bf-de7530a6c869,user_9274@mockexample.com,Mock User 254,,ATTENDEE_INSIDER,9d27df3c-60b3-4efe-98ef-c035a3d63c9b,2026-03-02 00:00:00+00,2026-03-02 00:00:00+00,"[""VR_EXPERIENCE"", ""CREATOR_TALK""]",[],2af85e44,Tech Enthusiast,,1,false
0f4147f4-f5e8-4dbe-8a91-4836df8b1139,user_6741@mockexample.com,Mock User 255,,ATTENDEE_STUDENT,9d27df3c-60b3-4efe-98ef-c035a3d63c9b,2026-02-14 00:00:00+00,2026-02-14 00:00:00+00,"[""STUDENT_WORKSHOP"", ""TECH_DISCOVERY""]",[],0f4147f4,Tech Enthusiast,,0,false
174bf56d-70d4-4290-bc7f-93d6d394cd8d,user_9865@mockexample.com,Mock User 256,,ATTENDEE_CREATOR,9d27df3c-60b3-4efe-98ef-c035a3d63c9b,2026-02-12 00:00:00+00,2026-02-12 00:00:00+00,"[""CREATOR_TALK"", ""VR_EXPERIENCE""]",[],174bf56d,Tech Enthusiast,,0,false
d36f0747-4271-460f-8982-19a4819951b9,user_8798@mockexample.com,Mock User 257,,ATTENDEE_CREATOR,9d27df3c-60b3-4efe-98ef-c035a3d63c9b,2026-02-15 00:00:00+00,2026-02-15 00:00:00+00,"[""CREATOR_TALK"", ""VR_EXPERIENCE""]",[],d36f0747,Tech Enthusiast,,0,false
c71aec3d-6981-46eb-b73f-26679f5d0730,user_8938@mockexample.com,Mock User 258,,ATTENDEE_STUDENT,9d27df3c-60b3-4efe-98ef-c035a3d63c9b,2026-02-24 00:00:00+00,2026-02-24 00:00:00+00,"[""STUDENT_WORKSHOP"", ""TECH_DISCOVERY""]",[],c71aec3d,Tech Enthusiast,,0,false
665a27f9-470a-4596-a9b3-85709e1053bf,user_9118@mockexample.com,Mock User 259,,GRAND_PUBLIC,9d27df3c-60b3-4efe-98ef-c035a3d63c9b,2026-02-12 00:00:00+00,2026-02-12 00:00:00+00,"[""VR_EXPERIENCE"", ""AR_STAND""]",[],665a27f9,Tech Enthusiast,,3,false
4f59f33c-ec7a-4adb-9e38-e7b26e3d30f7,user_8689@mockexample.com,Mock User 260,,PRO,9d27df3c-60b3-4efe-98ef-c035a3d63c9b,2026-03-08 00:00:00+00,2026-03-08 00:00:00+00,"[""B2B_NETWORKING"", ""TECH_DISCOVERY""]",[],4f59f33c,B2B Professional Mock Bio,,0,false
27c32f2f-450f-4aa4-9cde-7ff3989dbd05,user_1124@mockexample.com,Mock User 261,,ATTENDEE_STUDENT,9d27df3c-60b3-4efe-98ef-c035a3d63c9b,2026-02-20 00:00:00+00,2026-02-20 00:00:00+00,"[""STUDENT_WORKSHOP"", ""TECH_DISCOVERY""]",[],27c32f2f,Tech Enthusiast,,3,false
2ebded65-4ef7-49f5-9a7e-6dc674d75ea0,user_7877@mockexample.com,Mock User 262,,GRAND_PUBLIC,9d27df3c-60b3-4efe-98ef-c035a3d63c9b,2026-03-10 00:00:00+00,2026-03-10 00:00:00+00,"[""VR_EXPERIENCE"", ""AR_STAND""]",[],2ebded65,Tech Enthusiast,,0,false
fbf7a6cf-160e-471e-9154-814666e4275d,user_3333@mockexample.com,Mock User 263,,PRO,9d27df3c-60b3-4efe-98ef-c035a3d63c9b,2026-03-01 00:00:00+00,2026-03-01 00:00:00+00,"[""B2B_NETWORKING"", ""TECH_DISCOVERY""]",[],fbf7a6cf,B2B Professional Mock Bio,,1,false
878fadea-23af-4f58-87ed-46a070606bc5,user_8077@mockexample.com,Mock User 264,,GRAND_PUBLIC,9d27df3c-60b3-4efe-98ef-c035a3d63c9b,2026-02-16 00:00:00+00,2026-02-16 00:00:00+00,"[""VR_EXPERIENCE"", ""AR_STAND""]",[],878fadea,Tech Enthusiast,,1,false
dca4776f-6566-46dd-bbf9-81a15e7a9a0d,user_1393@mockexample.com,Mock User 265,,ATTENDEE_DISCOVERY,9d27df3c-60b3-4efe-98ef-c035a3d63c9b,2026-02-23 00:00:00+00,2026-02-23 00:00:00+00,"[""TECH_DISCOVERY"", ""AR_STAND""]",[],dca4776f,Tech Enthusiast,,0,false
c31b13ed-ac4c-4bb2-8fa5-3907b47310a8,user_8593@mockexample.com,Mock User 266,,PRO,9d27df3c-60b3-4efe-98ef-c035a3d63c9b,2026-03-07 00:00:00+00,2026-03-07 00:00:00+00,"[""B2B_NETWORKING"", ""TECH_DISCOVERY""]",[],c31b13ed,B2B Professional Mock Bio,,8,false
b5e4e559-9122-47bd-a18f-33ca43e3790e,user_7521@mockexample.com,Mock User 267,,PRO,9d27df3c-60b3-4efe-98ef-c035a3d63c9b,2026-02-25 00:00:00+00,2026-02-25 00:00:00+00,"[""B2B_NETWORKING"", ""TECH_DISCOVERY""]",[],b5e4e559,B2B Professional Mock Bio,,1,false
490bdf4e-2eb3-41e4-8229-a0d8103ccf88,user_6061@mockexample.com,Mock User 268,,DECISION_MAKER,9d27df3c-60b3-4efe-98ef-c035a3d63c9b,2026-03-12 00:00:00+00,2026-03-12 00:00:00+00,"[""B2B_NETWORKING"", ""CREATOR_TALK""]",[],490bdf4e,B2B Professional Mock Bio,,0,false
6d399b1a-e459-4f03-9c13-f7f2589675ab,user_3402@mockexample.com,Mock User 269,,ATTENDEE_CREATOR,9d27df3c-60b3-4efe-98ef-c035a3d63c9b,2026-03-09 00:00:00+00,2026-03-09 00:00:00+00,"[""CREATOR_TALK"", ""VR_EXPERIENCE""]",[],6d399b1a,Tech Enthusiast,,0,false
de44337e-17bd-4097-8dad-7ccee1bcd4bf,user_7236@mockexample.com,Mock User 270,,ATTENDEE_INSIDER,9d27df3c-60b3-4efe-98ef-c035a3d63c9b,2026-02-22 00:00:00+00,2026-02-22 00:00:00+00,"[""VR_EXPERIENCE"", ""CREATOR_TALK""]",[],de44337e,Tech Enthusiast,,0,false
495d1856-ae2c-410a-948d-513980eea4bb,user_4212@mockexample.com,Mock User 271,,GRAND_PUBLIC,9d27df3c-60b3-4efe-98ef-c035a3d63c9b,2026-02-19 00:00:00+00,2026-02-19 00:00:00+00,"[""VR_EXPERIENCE"", ""AR_STAND""]",[],495d1856,Tech Enthusiast,,0,false
37ac749e-1b82-474e-aae8-dfc2477b8b1b,user_3161@mockexample.com,Mock User 272,,PRO,9d27df3c-60b3-4efe-98ef-c035a3d63c9b,2026-02-26 00:00:00+00,2026-02-26 00:00:00+00,"[""B2B_NETWORKING"", ""TECH_DISCOVERY""]",[],37ac749e,B2B Professional Mock Bio,,0,false
e1ae4ee5-228d-49b6-9288-d7007c0d78ff,user_3806@mockexample.com,Mock User 273,,ATTENDEE_INSIDER,9d27df3c-60b3-4efe-98ef-c035a3d63c9b,2026-02-26 00:00:00+00,2026-02-26 00:00:00+00,"[""VR_EXPERIENCE"", ""CREATOR_TALK""]",[],e1ae4ee5,Tech Enthusiast,,0,false
7bc309fe-ea85-46ab-81dc-d1ea020b053e,user_6412@mockexample.com,Mock User 274,,ATTENDEE_CREATOR,9d27df3c-60b3-4efe-98ef-c035a3d63c9b,2026-02-16 00:00:00+00,2026-02-16 00:00:00+00,"[""CREATOR_TALK"", ""VR_EXPERIENCE""]",[],7bc309fe,Tech Enthusiast,,0,false
1355a7c7-c155-4c01-bde4-6f568fd8dbb4,user_3534@mockexample.com,Mock User 275,,GRAND_PUBLIC,9d27df3c-60b3-4efe-98ef-c035a3d63c9b,2026-03-02 00:00:00+00,2026-03-02 00:00:00+00,"[""VR_EXPERIENCE"", ""AR_STAND""]",[],1355a7c7,Tech Enthusiast,,0,false
4a81965d-92c8-4a65-b80a-a40be123471b,user_4116@mockexample.com,Mock User 276,,ATTENDEE_CREATOR,9d27df3c-60b3-4efe-98ef-c035a3d63c9b,2026-02-16 00:00:00+00,2026-02-16 00:00:00+00,"[""CREATOR_TALK"", ""VR_EXPERIENCE""]",[],4a81965d,Tech Enthusiast,,0,false
a72f3ff0-1fa2-4fab-9110-85178534ba14,user_1127@mockexample.com,Mock User 277,,GRAND_PUBLIC,9d27df3c-60b3-4efe-98ef-c035a3d63c9b,2026-03-10 00:00:00+00,2026-03-10 00:00:00+00,"[""VR_EXPERIENCE"", ""AR_STAND""]",[],a72f3ff0,Tech Enthusiast,,0,false
c2df3d47-09d4-4990-b8b4-ec56b64c34b2,user_9980@mockexample.com,Mock User 278,,GRAND_PUBLIC,9d27df3c-60b3-4efe-98ef-c035a3d63c9b,2026-02-11 00:00:00+00,2026-02-11 00:00:00+00,"[""VR_EXPERIENCE"", ""AR_STAND""]",[],c2df3d47,Tech Enthusiast,,0,false
8f7f5663-db93-4434-b989-a5cc26c76a40,user_5551@mockexample.com,Mock User 279,,GRAND_PUBLIC,9d27df3c-60b3-4efe-98ef-c035a3d63c9b,2026-02-22 00:00:00+00,2026-02-22 00:00:00+00,"[""VR_EXPERIENCE"", ""AR_STAND""]",[],8f7f5663,Tech Enthusiast,,0,false
de6a5aaf-d001-430a-a43d-0389c9291aff,user_8727@mockexample.com,Mock User 280,,GRAND_PUBLIC,9d27df3c-60b3-4efe-98ef-c035a3d63c9b,2026-03-05 00:00:00+00,2026-03-05 00:00:00+00,"[""VR_EXPERIENCE"", ""AR_STAND""]",[],de6a5aaf,Tech Enthusiast,,0,false
3dc8a799-a463-4e77-a4c6-0824cc23588c,user_6113@mockexample.com,Mock User 281,,GRAND_PUBLIC,9d27df3c-60b3-4efe-98ef-c035a3d63c9b,2026-02-14 00:00:00+00,2026-02-14 00:00:00+00,"[""VR_EXPERIENCE"", ""AR_STAND""]",[],3dc8a799,Tech Enthusiast,,0,false
77d97a73-086e-4df8-8514-e7f26bee6625,user_4526@mockexample.com,Mock User 282,,ATTENDEE_CREATOR,9d27df3c-60b3-4efe-98ef-c035a3d63c9b,2026-03-07 00:00:00+00,2026-03-07 00:00:00+00,"[""CREATOR_TALK"", ""VR_EXPERIENCE""]",[],77d97a73,Tech Enthusiast,,0,false
708d81a0-531e-4587-86f9-281b16595e24,user_3708@mockexample.com,Mock User 283,,ATTENDEE_STUDENT,9d27df3c-60b3-4efe-98ef-c035a3d63c9b,2026-03-10 00:00:00+00,2026-03-10 00:00:00+00,"[""STUDENT_WORKSHOP"", ""TECH_DISCOVERY""]",[],708d81a0,Tech Enthusiast,,0,false
ac3e95a4-4b20-4bd8-8e6f-3e4551c569c0,user_5743@mockexample.com,Mock User 284,,GRAND_PUBLIC,9d27df3c-60b3-4efe-98ef-c035a3d63c9b,2026-02-13 00:00:00+00,2026-02-13 00:00:00+00,"[""VR_EXPERIENCE"", ""AR_STAND""]",[],ac3e95a4,Tech Enthusiast,,3,false
4e467dbf-d947-40ff-ba44-3dd199d242b5,user_4357@mockexample.com,Mock User 285,,GRAND_PUBLIC,9d27df3c-60b3-4efe-98ef-c035a3d63c9b,2026-03-11 00:00:00+00,2026-03-11 00:00:00+00,"[""VR_EXPERIENCE"", ""AR_STAND""]",[],4e467dbf,Tech Enthusiast,,0,false
6fd20115-ac17-4bd6-9e4e-ade17819d44f,user_4289@mockexample.com,Mock User 286,,GRAND_PUBLIC,9d27df3c-60b3-4efe-98ef-c035a3d63c9b,2026-02-26 00:00:00+00,2026-02-26 00:00:00+00,"[""VR_EXPERIENCE"", ""AR_STAND""]",[],6fd20115,Tech Enthusiast,,0,false
6b88863a-8c03-4938-adc9-75b625c861bc,user_9103@mockexample.com,Mock User 287,,DECISION_MAKER,9d27df3c-60b3-4efe-98ef-c035a3d63c9b,2026-03-04 00:00:00+00,2026-03-04 00:00:00+00,"[""B2B_NETWORKING"", ""CREATOR_TALK""]",[],6b88863a,B2B Professional Mock Bio,,1,false
989f077c-4b75-4998-9914-145aeb2a8531,user_4670@mockexample.com,Mock User 288,,ATTENDEE_CREATOR,9d27df3c-60b3-4efe-98ef-c035a3d63c9b,2026-02-21 00:00:00+00,2026-02-21 00:00:00+00,"[""CREATOR_TALK"", ""VR_EXPERIENCE""]",[],989f077c,Tech Enthusiast,,0,false
7e190d7b-fd28-4cb5-a094-bc1a87054d47,user_3916@mockexample.com,Mock User 289,,ATTENDEE_CREATOR,9d27df3c-60b3-4efe-98ef-c035a3d63c9b,2026-03-03 00:00:00+00,2026-03-03 00:00:00+00,"[""CREATOR_TALK"", ""VR_EXPERIENCE""]",[],7e190d7b,Tech Enthusiast,,0,false
b25adb14-07cd-467b-bf70-b2be72e499ef,user_9742@mockexample.com,Mock User 290,,GRAND_PUBLIC,9d27df3c-60b3-4efe-98ef-c035a3d63c9b,2026-02-13 00:00:00+00,2026-02-13 00:00:00+00,"[""VR_EXPERIENCE"", ""AR_STAND""]",[],b25adb14,Tech Enthusiast,,0,false
e4af2d47-535e-4aa8-a02b-d5773de2654b,user_4042@mockexample.com,Mock User 291,,PRO,9d27df3c-60b3-4efe-98ef-c035a3d63c9b,2026-02-27 00:00:00+00,2026-02-27 00:00:00+00,"[""B2B_NETWORKING"", ""TECH_DISCOVERY""]",[],e4af2d47,B2B Professional Mock Bio,,0,false
e103d626-3bb6-43d2-8ce2-ae975d1c11e2,user_7914@mockexample.com,Mock User 292,,ATTENDEE_INSIDER,9d27df3c-60b3-4efe-98ef-c035a3d63c9b,2026-02-11 00:00:00+00,2026-02-11 00:00:00+00,"[""VR_EXPERIENCE"", ""CREATOR_TALK""]",[],e103d626,Tech Enthusiast,,0,false
e9b2efe5-fc39-4c68-b7e9-92024c2064a2,user_1521@mockexample.com,Mock User 293,,PRO,9d27df3c-60b3-4efe-98ef-c035a3d63c9b,2026-02-19 00:00:00+00,2026-02-19 00:00:00+00,"[""B2B_NETWORKING"", ""TECH_DISCOVERY""]",[],e9b2efe5,B2B Professional Mock Bio,,2,false
c0b313d8-2e1b-463e-b226-8785aa2f70a3,user_9335@mockexample.com,Mock User 294,,ATTENDEE_CREATOR,9d27df3c-60b3-4efe-98ef-c035a3d63c9b,2026-02-26 00:00:00+00,2026-02-26 00:00:00+00,"[""CREATOR_TALK"", ""VR_EXPERIENCE""]",[],c0b313d8,Tech Enthusiast,,0,false
a5674600-02fc-4ee2-a534-ebffca2035c7,user_9943@mockexample.com,Mock User 295,,GRAND_PUBLIC,9d27df3c-60b3-4efe-98ef-c035a3d63c9b,2026-03-10 00:00:00+00,2026-03-10 00:00:00+00,"[""VR_EXPERIENCE"", ""AR_STAND""]",[],a5674600,Tech Enthusiast,,0,false
ea3bde77-6d81-45e8-b16d-6c9bd76dec9b,user_4613@mockexample.com,Mock User 296,,ATTENDEE_DISCOVERY,9d27df3c-60b3-4efe-98ef-c035a3d63c9b,2026-02-27 00:00:00+00,2026-02-27 00:00:00+00,"[""TECH_DISCOVERY"", ""AR_STAND""]",[],ea3bde77,Tech Enthusiast,,3,false
bd6983cd-8c18-4f75-9a39-8f0f77f25806,user_3364@mockexample.com,Mock User 297,,PRO,9d27df3c-60b3-4efe-98ef-c035a3d63c9b,2026-02-26 00:00:00+00,2026-02-26 00:00:00+00,"[""B2B_NETWORKING"", ""TECH_DISCOVERY""]",[],bd6983cd,B2B Professional Mock Bio,,0,false
1113c9a5-22d4-4207-9490-6f0f138b3c8f,user_1250@mockexample.com,Mock User 298,,ATTENDEE_DISCOVERY,9d27df3c-60b3-4efe-98ef-c035a3d63c9b,2026-02-12 00:00:00+00,2026-02-12 00:00:00+00,"[""TECH_DISCOVERY"", ""AR_STAND""]",[],1113c9a5,Tech Enthusiast,,0,false
6f3641f3-d53f-4639-ad55-13c9047d121e,user_2385@mockexample.com,Mock User 299,,PRO,9d27df3c-60b3-4efe-98ef-c035a3d63c9b,2026-02-25 00:00:00+00,2026-02-25 00:00:00+00,"[""B2B_NETWORKING"", ""TECH_DISCOVERY""]",[],6f3641f3,B2B Professional Mock Bio,,0,false
27147332-d8ad-4631-a134-2c386a2b7c46,user_7344@mockexample.com,Mock User 300,,ATTENDEE_CREATOR,9d27df3c-60b3-4efe-98ef-c035a3d63c9b,2026-02-14 00:00:00+00,2026-02-14 00:00:00+00,"[""CREATOR_TALK"", ""VR_EXPERIENCE""]",[],27147332,Tech Enthusiast,,0,false
5457b5c4-1f54-4705-a0b5-8b3498339443,user_6903@mockexample.com,Mock User 301,,ATTENDEE_DISCOVERY,9d27df3c-60b3-4efe-98ef-c035a3d63c9b,2026-03-07 00:00:00+00,2026-03-07 00:00:00+00,"[""TECH_DISCOVERY"", ""AR_STAND""]",[],5457b5c4,Tech Enthusiast,,0,false
77642c85-e77d-472e-a630-160c6236c157,user_5351@mockexample.com,Mock User 302,,ATTENDEE_INSIDER,9d27df3c-60b3-4efe-98ef-c035a3d63c9b,2026-02-20 00:00:00+00,2026-02-20 00:00:00+00,"[""VR_EXPERIENCE"", ""CREATOR_TALK""]",[],77642c85,Tech Enthusiast,,0,false
30222d47-e573-4bc9-8c83-bdb1fffada0e,user_1801@mockexample.com,Mock User 303,,PRO,9d27df3c-60b3-4efe-98ef-c035a3d63c9b,2026-03-06 00:00:00+00,2026-03-06 00:00:00+00,"[""B2B_NETWORKING"", ""TECH_DISCOVERY""]",[],30222d47,B2B Professional Mock Bio,,0,false
ee0788b9-3f4e-4a87-ba02-c0602c726a29,user_6663@mockexample.com,Mock User 304,,DECISION_MAKER,9d27df3c-60b3-4efe-98ef-c035a3d63c9b,2026-02-20 00:00:00+00,2026-02-20 00:00:00+00,"[""B2B_NETWORKING"", ""CREATOR_TALK""]",[],ee0788b9,B2B Professional Mock Bio,,2,false
a898fd75-c28f-49f2-b5b3-768330c8e4c6,user_4321@mockexample.com,Mock User 305,,ATTENDEE_STUDENT,9d27df3c-60b3-4efe-98ef-c035a3d63c9b,2026-02-22 00:00:00+00,2026-02-22 00:00:00+00,"[""STUDENT_WORKSHOP"", ""TECH_DISCOVERY""]",[],a898fd75,Tech Enthusiast,,0,false
c03905aa-439a-4ea2-88e7-642b4464fa7f,user_7511@mockexample.com,Mock User 306,,ATTENDEE_INSIDER,9d27df3c-60b3-4efe-98ef-c035a3d63c9b,2026-02-21 00:00:00+00,2026-02-21 00:00:00+00,"[""VR_EXPERIENCE"", ""CREATOR_TALK""]",[],c03905aa,Tech Enthusiast,,2,false
cc0dd2b7-4f5e-4902-acea-8ae1900de0ea,user_6895@mockexample.com,Mock User 307,,ATTENDEE_INSIDER,9d27df3c-60b3-4efe-98ef-c035a3d63c9b,2026-03-12 00:00:00+00,2026-03-12 00:00:00+00,"[""VR_EXPERIENCE"", ""CREATOR_TALK""]",[],cc0dd2b7,Tech Enthusiast,,0,false
13e63524-b2f6-4a6e-97bb-8fbb5c9bf488,user_3885@mockexample.com,Mock User 308,,ATTENDEE_STUDENT,9d27df3c-60b3-4efe-98ef-c035a3d63c9b,2026-02-13 00:00:00+00,2026-02-13 00:00:00+00,"[""STUDENT_WORKSHOP"", ""TECH_DISCOVERY""]",[],13e63524,Tech Enthusiast,,3,false
1124ad69-800c-4e31-a45d-7b219d46e676,user_1116@mockexample.com,Mock User 309,,ATTENDEE_DISCOVERY,9d27df3c-60b3-4efe-98ef-c035a3d63c9b,2026-02-16 00:00:00+00,2026-02-16 00:00:00+00,"[""TECH_DISCOVERY"", ""AR_STAND""]",[],1124ad69,Tech Enthusiast,,0,false
93cc5c49-be37-44ef-ab75-7d8f24a54386,user_8532@mockexample.com,Mock User 310,,GRAND_PUBLIC,9d27df3c-60b3-4efe-98ef-c035a3d63c9b,2026-02-22 00:00:00+00,2026-02-22 00:00:00+00,"[""VR_EXPERIENCE"", ""AR_STAND""]",[],93cc5c49,Tech Enthusiast,,2,false
105686a4-5959-4432-ab90-a7bd758ee3cb,user_3653@mockexample.com,Mock User 311,,GRAND_PUBLIC,9d27df3c-60b3-4efe-98ef-c035a3d63c9b,2026-02-21 00:00:00+00,2026-02-21 00:00:00+00,"[""VR_EXPERIENCE"", ""AR_STAND""]",[],105686a4,Tech Enthusiast,,0,false
c9672db7-c74b-424e-b131-54c3f3426185,user_8938@mockexample.com,Mock User 312,,GRAND_PUBLIC,9d27df3c-60b3-4efe-98ef-c035a3d63c9b,2026-02-12 00:00:00+00,2026-02-12 00:00:00+00,"[""VR_EXPERIENCE"", ""AR_STAND""]",[],c9672db7,Tech Enthusiast,,2,false
a245a517-0416-4b2e-84f9-5ad8d2670eb8,user_2540@mockexample.com,Mock User 313,,GRAND_PUBLIC,9d27df3c-60b3-4efe-98ef-c035a3d63c9b,2026-03-04 00:00:00+00,2026-03-04 00:00:00+00,"[""VR_EXPERIENCE"", ""AR_STAND""]",[],a245a517,Tech Enthusiast,,0,false
53863bde-95c9-405d-ad5f-fd8773f1428e,user_7408@mockexample.com,Mock User 314,,ATTENDEE_CREATOR,9d27df3c-60b3-4efe-98ef-c035a3d63c9b,2026-02-14 00:00:00+00,2026-02-14 00:00:00+00,"[""CREATOR_TALK"", ""VR_EXPERIENCE""]",[],53863bde,Tech Enthusiast,,0,false
72961cc2-ae0e-41e4-97f5-ba776f8f0606,user_1061@mockexample.com,Mock User 315,,PRO,9d27df3c-60b3-4efe-98ef-c035a3d63c9b,2026-02-16 00:00:00+00,2026-02-16 00:00:00+00,"[""B2B_NETWORKING"", ""TECH_DISCOVERY""]",[],72961cc2,B2B Professional Mock Bio,,0,false
a23cb4de-6424-478b-bea8-7790e5e7a7e6,user_1852@mockexample.com,Mock User 316,,ATTENDEE_CREATOR,9d27df3c-60b3-4efe-98ef-c035a3d63c9b,2026-02-14 00:00:00+00,2026-02-14 00:00:00+00,"[""CREATOR_TALK"", ""VR_EXPERIENCE""]",[],a23cb4de,Tech Enthusiast,,0,false
b0310998-ce09-44cf-91bc-5163aaba0e15,user_2977@mockexample.com,Mock User 317,,GRAND_PUBLIC,9d27df3c-60b3-4efe-98ef-c035a3d63c9b,2026-02-13 00:00:00+00,2026-02-13 00:00:00+00,"[""VR_EXPERIENCE"", ""AR_STAND""]",[],b0310998,Tech Enthusiast,,0,false
88071374-c4e5-45b5-bde0-ccd4d83ab836,user_7606@mockexample.com,Mock User 318,,GRAND_PUBLIC,9d27df3c-60b3-4efe-98ef-c035a3d63c9b,2026-02-13 00:00:00+00,2026-02-13 00:00:00+00,"[""VR_EXPERIENCE"", ""AR_STAND""]",[],88071374,Tech Enthusiast,,0,false
8f228fb1-796a-44f7-a034-5da79f12f7d4,user_5888@mockexample.com,Mock User 319,,ATTENDEE_STUDENT,9d27df3c-60b3-4efe-98ef-c035a3d63c9b,2026-02-26 00:00:00+00,2026-02-26 00:00:00+00,"[""STUDENT_WORKSHOP"", ""TECH_DISCOVERY""]",[],8f228fb1,Tech Enthusiast,,0,false
7f63bbb4-f145-40e2-b43c-879452ed44ea,user_4492@mockexample.com,Mock User 320,,GRAND_PUBLIC,9d27df3c-60b3-4efe-98ef-c035a3d63c9b,2026-02-11 00:00:00+00,2026-02-11 00:00:00+00,"[""VR_EXPERIENCE"", ""AR_STAND""]",[],7f63bbb4,Tech Enthusiast,,0,false
e7281ca4-6342-4d28-8837-63791e77015b,user_9366@mockexample.com,Mock User 321,,GRAND_PUBLIC,9d27df3c-60b3-4efe-98ef-c035a3d63c9b,2026-03-02 00:00:00+00,2026-03-02 00:00:00+00,"[""VR_EXPERIENCE"", ""AR_STAND""]",[],e7281ca4,Tech Enthusiast,,0,false
c0d8a412-d081-4240-9b6e-5dd37819255d,user_2626@mockexample.com,Mock User 322,,GRAND_PUBLIC,9d27df3c-60b3-4efe-98ef-c035a3d63c9b,2026-03-12 00:00:00+00,2026-03-12 00:00:00+00,"[""VR_EXPERIENCE"", ""AR_STAND""]",[],c0d8a412,Tech Enthusiast,,0,false
6ff4b208-5b5a-42dc-bae1-b44d1cb3e13d,user_7685@mockexample.com,Mock User 323,,GRAND_PUBLIC,9d27df3c-60b3-4efe-98ef-c035a3d63c9b,2026-03-05 00:00:00+00,2026-03-05 00:00:00+00,"[""VR_EXPERIENCE"", ""AR_STAND""]",[],6ff4b208,Tech Enthusiast,,0,false
a13e4846-11bd-4d46-b9b9-5fab6dbcfb27,user_3458@mockexample.com,Mock User 324,,GRAND_PUBLIC,9d27df3c-60b3-4efe-98ef-c035a3d63c9b,2026-03-12 00:00:00+00,2026-03-12 00:00:00+00,"[""VR_EXPERIENCE"", ""AR_STAND""]",[],a13e4846,Tech Enthusiast,,0,false
b9228f3a-0e72-48c5-95c1-a5377bcddb11,user_9789@mockexample.com,Mock User 325,,ATTENDEE_DISCOVERY,9d27df3c-60b3-4efe-98ef-c035a3d63c9b,2026-03-06 00:00:00+00,2026-03-06 00:00:00+00,"[""TECH_DISCOVERY"", ""AR_STAND""]",[],b9228f3a,Tech Enthusiast,,0,false
00b85947-036c-4695-90b8-e99838d56f7d,user_2908@mockexample.com,Mock User 326,,ATTENDEE_DISCOVERY,9d27df3c-60b3-4efe-98ef-c035a3d63c9b,2026-02-20 00:00:00+00,2026-02-20 00:00:00+00,"[""TECH_DISCOVERY"", ""AR_STAND""]",[],00b85947,Tech Enthusiast,,0,false
0388b60a-a6e6-4161-a081-3aecda990daa,user_3906@mockexample.com,Mock User 327,,ATTENDEE_INSIDER,9d27df3c-60b3-4efe-98ef-c035a3d63c9b,2026-03-07 00:00:00+00,2026-03-07 00:00:00+00,"[""VR_EXPERIENCE"", ""CREATOR_TALK""]",[],0388b60a,Tech Enthusiast,,0,false
45c35909-f594-4e16-8400-71a946064e5a,user_6293@mockexample.com,Mock User 328,,ATTENDEE_DISCOVERY,9d27df3c-60b3-4efe-98ef-c035a3d63c9b,2026-02-25 00:00:00+00,2026-02-25 00:00:00+00,"[""TECH_DISCOVERY"", ""AR_STAND""]",[],45c35909,Tech Enthusiast,,0,false
b21fd889-1e9d-46a4-b226-a8ae8f8d5005,user_5610@mockexample.com,Mock User 329,,GRAND_PUBLIC,9d27df3c-60b3-4efe-98ef-c035a3d63c9b,2026-03-12 00:00:00+00,2026-03-12 00:00:00+00,"[""VR_EXPERIENCE"", ""AR_STAND""]",[],b21fd889,Tech Enthusiast,,0,false
08aacce8-18f2-41f9-a035-b3134659026b,user_5485@mockexample.com,Mock User 330,,GRAND_PUBLIC,9d27df3c-60b3-4efe-98ef-c035a3d63c9b,2026-03-10 00:00:00+00,2026-03-10 00:00:00+00,"[""VR_EXPERIENCE"", ""AR_STAND""]",[],08aacce8,Tech Enthusiast,,8,false
132174fa-c732-4ddb-a60d-58ed420bc6c8,user_2623@mockexample.com,Mock User 331,,GRAND_PUBLIC,9d27df3c-60b3-4efe-98ef-c035a3d63c9b,2026-02-23 00:00:00+00,2026-02-23 00:00:00+00,"[""VR_EXPERIENCE"", ""AR_STAND""]",[],132174fa,Tech Enthusiast,,0,false
bf3a8e89-d735-4b99-8faa-654eda84d122,user_6606@mockexample.com,Mock User 332,,ATTENDEE_STUDENT,9d27df3c-60b3-4efe-98ef-c035a3d63c9b,2026-02-16 00:00:00+00,2026-02-16 00:00:00+00,"[""STUDENT_WORKSHOP"", ""TECH_DISCOVERY""]",[],bf3a8e89,Tech Enthusiast,,2,false
345fb33f-58ba-4f95-b1aa-0631bec10a61,user_1051@mockexample.com,Mock User 333,,ATTENDEE_DISCOVERY,9d27df3c-60b3-4efe-98ef-c035a3d63c9b,2026-02-19 00:00:00+00,2026-02-19 00:00:00+00,"[""TECH_DISCOVERY"", ""AR_STAND""]",[],345fb33f,Tech Enthusiast,,0,false
ffe638a5-f192-4d3c-b5a1-12b244635407,user_7680@mockexample.com,Mock User 334,,ATTENDEE_INSIDER,9d27df3c-60b3-4efe-98ef-c035a3d63c9b,2026-02-25 00:00:00+00,2026-02-25 00:00:00+00,"[""VR_EXPERIENCE"", ""CREATOR_TALK""]",[],ffe638a5,Tech Enthusiast,,0,false
8e7c2c83-6897-4b6a-b96e-7d734faa63af,user_9275@mockexample.com,Mock User 335,,PRO,9d27df3c-60b3-4efe-98ef-c035a3d63c9b,2026-02-15 00:00:00+00,2026-02-15 00:00:00+00,"[""B2B_NETWORKING"", ""TECH_DISCOVERY""]",[],8e7c2c83,B2B Professional Mock Bio,,0,false
04cdf895-1973-4269-9135-92ac847243ab,user_4184@mockexample.com,Mock User 336,,ATTENDEE_CREATOR,9d27df3c-60b3-4efe-98ef-c035a3d63c9b,2026-02-19 00:00:00+00,2026-02-19 00:00:00+00,"[""CREATOR_TALK"", ""VR_EXPERIENCE""]",[],04cdf895,Tech Enthusiast,,0,false
c293d3b1-4ec6-4f9c-b240-66951b034cfe,user_9573@mockexample.com,Mock User 337,,GRAND_PUBLIC,9d27df3c-60b3-4efe-98ef-c035a3d63c9b,2026-02-26 00:00:00+00,2026-02-26 00:00:00+00,"[""VR_EXPERIENCE"", ""AR_STAND""]",[],c293d3b1,Tech Enthusiast,,0,false
fe4d910c-04e3-4a79-b0b0-b7dd8abb8ba8,user_6604@mockexample.com,Mock User 338,,GRAND_PUBLIC,9d27df3c-60b3-4efe-98ef-c035a3d63c9b,2026-02-24 00:00:00+00,2026-02-24 00:00:00+00,"[""VR_EXPERIENCE"", ""AR_STAND""]",[],fe4d910c,Tech Enthusiast,,1,false
ceeec536-bfe0-425e-8f03-b0ea3bb04a9c,user_7462@mockexample.com,Mock User 339,,ATTENDEE_INSIDER,9d27df3c-60b3-4efe-98ef-c035a3d63c9b,2026-02-12 00:00:00+00,2026-02-12 00:00:00+00,"[""VR_EXPERIENCE"", ""CREATOR_TALK""]",[],ceeec536,Tech Enthusiast,,0,false
64cf304e-5f61-4c38-ba9f-2089bf40ed77,user_8284@mockexample.com,Mock User 340,,GRAND_PUBLIC,9d27df3c-60b3-4efe-98ef-c035a3d63c9b,2026-03-02 00:00:00+00,2026-03-02 00:00:00+00,"[""VR_EXPERIENCE"", ""AR_STAND""]",[],64cf304e,Tech Enthusiast,,0,false
cbed2d9b-e3ce-420e-88cd-65d78ca34c39,user_2009@mockexample.com,Mock User 341,,GRAND_PUBLIC,9d27df3c-60b3-4efe-98ef-c035a3d63c9b,2026-02-14 00:00:00+00,2026-02-14 00:00:00+00,"[""VR_EXPERIENCE"", ""AR_STAND""]",[],cbed2d9b,Tech Enthusiast,,0,false
d9178bb7-2a19-404b-af60-650277eaee73,user_4017@mockexample.com,Mock User 342,,ATTENDEE_DISCOVERY,9d27df3c-60b3-4efe-98ef-c035a3d63c9b,2026-03-08 00:00:00+00,2026-03-08 00:00:00+00,"[""TECH_DISCOVERY"", ""AR_STAND""]",[],d9178bb7,Tech Enthusiast,,0,false
f2df112c-a597-43e7-9419-ad49a3fd8cf1,user_7261@mockexample.com,Mock User 343,,ATTENDEE_INSIDER,9d27df3c-60b3-4efe-98ef-c035a3d63c9b,2026-03-12 00:00:00+00,2026-03-12 00:00:00+00,"[""VR_EXPERIENCE"", ""CREATOR_TALK""]",[],f2df112c,Tech Enthusiast,,0,false
8a5b291a-c7c1-443a-94ff-322ebe3b8afc,user_2677@mockexample.com,Mock User 344,,GRAND_PUBLIC,9d27df3c-60b3-4efe-98ef-c035a3d63c9b,2026-03-03 00:00:00+00,2026-03-03 00:00:00+00,"[""VR_EXPERIENCE"", ""AR_STAND""]",[],8a5b291a,Tech Enthusiast,,0,false
516a9524-b9a2-4417-9a9c-754fa2230c27,user_8635@mockexample.com,Mock User 345,,GRAND_PUBLIC,9d27df3c-60b3-4efe-98ef-c035a3d63c9b,2026-02-11 00:00:00+00,2026-02-11 00:00:00+00,"[""VR_EXPERIENCE"", ""AR_STAND""]",[],516a9524,Tech Enthusiast,,0,false
9ee87649-9f68-4fcf-972f-cfa20f0d83d2,user_1848@mockexample.com,Mock User 346,,ATTENDEE_STUDENT,9d27df3c-60b3-4efe-98ef-c035a3d63c9b,2026-02-11 00:00:00+00,2026-02-11 00:00:00+00,"[""STUDENT_WORKSHOP"", ""TECH_DISCOVERY""]",[],9ee87649,Tech Enthusiast,,1,false
43d41247-2aee-4c74-ac3b-37be7b3404f6,user_8980@mockexample.com,Mock User 347,,ATTENDEE_STUDENT,9d27df3c-60b3-4efe-98ef-c035a3d63c9b,2026-02-20 00:00:00+00,2026-02-20 00:00:00+00,"[""STUDENT_WORKSHOP"", ""TECH_DISCOVERY""]",[],43d41247,Tech Enthusiast,,0,false
b6a253e5-c989-419b-bb40-221d6db28690,user_1825@mockexample.com,Mock User 348,,ATTENDEE_INSIDER,9d27df3c-60b3-4efe-98ef-c035a3d63c9b,2026-03-06 00:00:00+00,2026-03-06 00:00:00+00,"[""VR_EXPERIENCE"", ""CREATOR_TALK""]",[],b6a253e5,Tech Enthusiast,,0,false
4a8c2388-e5fc-48ff-a675-25324736a4be,user_9626@mockexample.com,Mock User 349,,PRO,9d27df3c-60b3-4efe-98ef-c035a3d63c9b,2026-03-10 00:00:00+00,2026-03-10 00:00:00+00,"[""B2B_NETWORKING"", ""TECH_DISCOVERY""]",[],4a8c2388,B2B Professional Mock Bio,,0,false
9ce8c413-b48b-4536-b7e5-43f101d86ff8,user_5883@mockexample.com,Mock User 350,,PRO,9d27df3c-60b3-4efe-98ef-c035a3d63c9b,2026-03-07 00:00:00+00,2026-03-07 00:00:00+00,"[""B2B_NETWORKING"", ""TECH_DISCOVERY""]",[],9ce8c413,B2B Professional Mock Bio,,1,false
616c7af7-b31e-4d6d-a1f3-557bf59f52ad,user_2063@mockexample.com,Mock User 351,,GRAND_PUBLIC,9d27df3c-60b3-4efe-98ef-c035a3d63c9b,2026-03-01 00:00:00+00,2026-03-01 00:00:00+00,"[""VR_EXPERIENCE"", ""AR_STAND""]",[],616c7af7,Tech Enthusiast,,0,false
9fe869f8-c643-403c-8089-114c82e46f06,user_1335@mockexample.com,Mock User 352,,ATTENDEE_INSIDER,9d27df3c-60b3-4efe-98ef-c035a3d63c9b,2026-03-12 00:00:00+00,2026-03-12 00:00:00+00,"[""VR_EXPERIENCE"", ""CREATOR_TALK""]",[],9fe869f8,Tech Enthusiast,,2,false
ca679cdd-ed30-4715-ba2c-5c1c87476379,user_5562@mockexample.com,Mock User 353,,ATTENDEE_STUDENT,9d27df3c-60b3-4efe-98ef-c035a3d63c9b,2026-02-18 00:00:00+00,2026-02-18 00:00:00+00,"[""STUDENT_WORKSHOP"", ""TECH_DISCOVERY""]",[],ca679cdd,Tech Enthusiast,,0,false
cb75249f-ece6-48f8-b0e7-0f9460fe11ed,user_2344@mockexample.com,Mock User 354,,ATTENDEE_CREATOR,9d27df3c-60b3-4efe-98ef-c035a3d63c9b,2026-03-12 00:00:00+00,2026-03-12 00:00:00+00,"[""CREATOR_TALK"", ""VR_EXPERIENCE""]",[],cb75249f,Tech Enthusiast,,0,false
ef988c76-6b55-41a1-90e5-cacc349e3a08,user_8079@mockexample.com,Mock User 355,,GRAND_PUBLIC,9d27df3c-60b3-4efe-98ef-c035a3d63c9b,2026-02-22 00:00:00+00,2026-02-22 00:00:00+00,"[""VR_EXPERIENCE"", ""AR_STAND""]",[],ef988c76,Tech Enthusiast,,1,false
c0744c45-e2e6-4c8b-a3e8-e8e432b0d084,user_5917@mockexample.com,Mock User 356,,GRAND_PUBLIC,9d27df3c-60b3-4efe-98ef-c035a3d63c9b,2026-02-17 00:00:00+00,2026-02-17 00:00:00+00,"[""VR_EXPERIENCE"", ""AR_STAND""]",[],c0744c45,Tech Enthusiast,,0,false
b9ff45e4-5776-46d4-be2e-838a71a0f4c8,user_4394@mockexample.com,Mock User 357,,ATTENDEE_INSIDER,9d27df3c-60b3-4efe-98ef-c035a3d63c9b,2026-02-19 00:00:00+00,2026-02-19 00:00:00+00,"[""VR_EXPERIENCE"", ""CREATOR_TALK""]",[],b9ff45e4,Tech Enthusiast,,1,false
d4847e48-6a53-4522-9af2-8a3007fc04b0,user_3068@mockexample.com,Mock User 358,,ATTENDEE_INSIDER,9d27df3c-60b3-4efe-98ef-c035a3d63c9b,2026-03-12 00:00:00+00,2026-03-12 00:00:00+00,"[""VR_EXPERIENCE"", ""CREATOR_TALK""]",[],d4847e48,Tech Enthusiast,,0,false
f1d64049-84cc-4f75-8aca-bf5465854a96,user_2374@mockexample.com,Mock User 359,,ATTENDEE_CREATOR,9d27df3c-60b3-4efe-98ef-c035a3d63c9b,2026-02-26 00:00:00+00,2026-02-26 00:00:00+00,"[""CREATOR_TALK"", ""VR_EXPERIENCE""]",[],f1d64049,Tech Enthusiast,,0,false
4c4b0a50-4906-4976-a8c2-c9d169cfb601,user_2943@mockexample.com,Mock User 360,,ATTENDEE_INSIDER,9d27df3c-60b3-4efe-98ef-c035a3d63c9b,2026-02-25 00:00:00+00,2026-02-25 00:00:00+00,"[""VR_EXPERIENCE"", ""CREATOR_TALK""]",[],4c4b0a50,Tech Enthusiast,,0,false
426e3f68-e3eb-444e-8975-c06c0075e00c,user_1706@mockexample.com,Mock User 361,,GRAND_PUBLIC,9d27df3c-60b3-4efe-98ef-c035a3d63c9b,2026-03-06 00:00:00+00,2026-03-06 00:00:00+00,"[""VR_EXPERIENCE"", ""AR_STAND""]",[],426e3f68,Tech Enthusiast,,1,false
b69ad41e-6b0a-43be-a41a-e82e5b56d16d,user_6006@mockexample.com,Mock User 362,,PRO,9d27df3c-60b3-4efe-98ef-c035a3d63c9b,2026-02-20 00:00:00+00,2026-02-20 00:00:00+00,"[""B2B_NETWORKING"", ""TECH_DISCOVERY""]",[],b69ad41e,B2B Professional Mock Bio,,8,false
770a6b89-138a-466b-9d84-7d772128fa0e,user_4879@mockexample.com,Mock User 363,,PRO,9d27df3c-60b3-4efe-98ef-c035a3d63c9b,2026-02-16 00:00:00+00,2026-02-16 00:00:00+00,"[""B2B_NETWORKING"", ""TECH_DISCOVERY""]",[],770a6b89,B2B Professional Mock Bio,,0,false
8dc2426e-4f11-4b51-91bb-9ee17321c0ec,user_3165@mockexample.com,Mock User 364,,GRAND_PUBLIC,9d27df3c-60b3-4efe-98ef-c035a3d63c9b,2026-02-26 00:00:00+00,2026-02-26 00:00:00+00,"[""VR_EXPERIENCE"", ""AR_STAND""]",[],8dc2426e,Tech Enthusiast,,0,false
c91331ed-1e32-4944-9f26-447f7ff12eae,user_4846@mockexample.com,Mock User 365,,GRAND_PUBLIC,9d27df3c-60b3-4efe-98ef-c035a3d63c9b,2026-02-24 00:00:00+00,2026-02-24 00:00:00+00,"[""VR_EXPERIENCE"", ""AR_STAND""]",[],c91331ed,Tech Enthusiast,,1,false
fd0075c6-adc4-42ee-a128-fedbf22a6746,user_9098@mockexample.com,Mock User 366,,ATTENDEE_CREATOR,9d27df3c-60b3-4efe-98ef-c035a3d63c9b,2026-02-25 00:00:00+00,2026-02-25 00:00:00+00,"[""CREATOR_TALK"", ""VR_EXPERIENCE""]",[],fd0075c6,Tech Enthusiast,,0,false
b29ad5d4-0aa1-4aad-b721-603b0889c479,user_6390@mockexample.com,Mock User 367,,ATTENDEE_CREATOR,9d27df3c-60b3-4efe-98ef-c035a3d63c9b,2026-02-19 00:00:00+00,2026-02-19 00:00:00+00,"[""CREATOR_TALK"", ""VR_EXPERIENCE""]",[],b29ad5d4,Tech Enthusiast,,1,false
6362371e-fd06-431a-8bea-5d395657a5f2,user_8571@mockexample.com,Mock User 368,,ATTENDEE_STUDENT,9d27df3c-60b3-4efe-98ef-c035a3d63c9b,2026-02-21 00:00:00+00,2026-02-21 00:00:00+00,"[""STUDENT_WORKSHOP"", ""TECH_DISCOVERY""]",[],6362371e,Tech Enthusiast,,0,false
91193ef4-776e-4c44-aecb-e2a578530dff,user_9514@mockexample.com,Mock User 369,,ATTENDEE_CREATOR,9d27df3c-60b3-4efe-98ef-c035a3d63c9b,2026-03-02 00:00:00+00,2026-03-02 00:00:00+00,"[""CREATOR_TALK"", ""VR_EXPERIENCE""]",[],91193ef4,Tech Enthusiast,,0,false
1c8a6763-d23e-4719-a453-89a75cdc93e5,user_5937@mockexample.com,Mock User 370,,GRAND_PUBLIC,9d27df3c-60b3-4efe-98ef-c035a3d63c9b,2026-02-22 00:00:00+00,2026-02-22 00:00:00+00,"[""VR_EXPERIENCE"", ""AR_STAND""]",[],1c8a6763,Tech Enthusiast,,0,false
9466fcda-cbfb-438a-81f3-aef28f258cfc,user_8516@mockexample.com,Mock User 371,,ATTENDEE_STUDENT,9d27df3c-60b3-4efe-98ef-c035a3d63c9b,2026-02-25 00:00:00+00,2026-02-25 00:00:00+00,"[""STUDENT_WORKSHOP"", ""TECH_DISCOVERY""]",[],9466fcda,Tech Enthusiast,,1,false
c906e597-f09b-4a7b-8e79-291d3921bb2f,user_6937@mockexample.com,Mock User 372,,GRAND_PUBLIC,9d27df3c-60b3-4efe-98ef-c035a3d63c9b,2026-02-23 00:00:00+00,2026-02-23 00:00:00+00,"[""VR_EXPERIENCE"", ""AR_STAND""]",[],c906e597,Tech Enthusiast,,0,false
e6ac1a57-b686-48e4-813f-b871edcb41d0,user_4352@mockexample.com,Mock User 373,,ATTENDEE_CREATOR,9d27df3c-60b3-4efe-98ef-c035a3d63c9b,2026-02-12 00:00:00+00,2026-02-12 00:00:00+00,"[""CREATOR_TALK"", ""VR_EXPERIENCE""]",[],e6ac1a57,Tech Enthusiast,,0,false
ee63f7e6-0a2a-4939-ad49-20dd1b9590aa,user_5940@mockexample.com,Mock User 374,,ATTENDEE_STUDENT,9d27df3c-60b3-4efe-98ef-c035a3d63c9b,2026-02-23 00:00:00+00,2026-02-23 00:00:00+00,"[""STUDENT_WORKSHOP"", ""TECH_DISCOVERY""]",[],ee63f7e6,Tech Enthusiast,,2,false
add9a632-67e1-46ec-86b4-6c83b944ef6d,user_8533@mockexample.com,Mock User 375,,ATTENDEE_DISCOVERY,9d27df3c-60b3-4efe-98ef-c035a3d63c9b,2026-03-02 00:00:00+00,2026-03-02 00:00:00+00,"[""TECH_DISCOVERY"", ""AR_STAND""]",[],add9a632,Tech Enthusiast,,0,false
dfa8bee4-08f0-44f2-87e2-9cd9a473fb97,user_4663@mockexample.com,Mock User 376,,ATTENDEE_CREATOR,9d27df3c-60b3-4efe-98ef-c035a3d63c9b,2026-03-07 00:00:00+00,2026-03-07 00:00:00+00,"[""CREATOR_TALK"", ""VR_EXPERIENCE""]",[],dfa8bee4,Tech Enthusiast,,0,false
4935010e-e354-48d3-90f5-a93f88bdcc37,user_9016@mockexample.com,Mock User 377,,ATTENDEE_CREATOR,9d27df3c-60b3-4efe-98ef-c035a3d63c9b,2026-03-01 00:00:00+00,2026-03-01 00:00:00+00,"[""CREATOR_TALK"", ""VR_EXPERIENCE""]",[],4935010e,Tech Enthusiast,,0,false
250061a4-5a79-4bfe-bd1c-8fee132028c9,user_8951@mockexample.com,Mock User 378,,GRAND_PUBLIC,9d27df3c-60b3-4efe-98ef-c035a3d63c9b,2026-03-05 00:00:00+00,2026-03-05 00:00:00+00,"[""VR_EXPERIENCE"", ""AR_STAND""]",[],250061a4,Tech Enthusiast,,0,false
3b51a7d6-d2c0-4bdd-b46c-cc2455f41839,user_4681@mockexample.com,Mock User 379,,GRAND_PUBLIC,9d27df3c-60b3-4efe-98ef-c035a3d63c9b,2026-03-02 00:00:00+00,2026-03-02 00:00:00+00,"[""VR_EXPERIENCE"", ""AR_STAND""]",[],3b51a7d6,Tech Enthusiast,,0,false
e0e55d1f-0fbb-4f70-9731-aa61631a7619,user_7422@mockexample.com,Mock User 380,,GRAND_PUBLIC,9d27df3c-60b3-4efe-98ef-c035a3d63c9b,2026-02-25 00:00:00+00,2026-02-25 00:00:00+00,"[""VR_EXPERIENCE"", ""AR_STAND""]",[],e0e55d1f,Tech Enthusiast,,0,false
822176c1-7d00-49a1-9818-05ba526c9321,user_5490@mockexample.com,Mock User 381,,ATTENDEE_CREATOR,9d27df3c-60b3-4efe-98ef-c035a3d63c9b,2026-03-05 00:00:00+00,2026-03-05 00:00:00+00,"[""CREATOR_TALK"", ""VR_EXPERIENCE""]",[],822176c1,Tech Enthusiast,,0,false
8b3b779c-50f7-4828-bb18-777d68e64f61,user_6150@mockexample.com,Mock User 382,,GRAND_PUBLIC,9d27df3c-60b3-4efe-98ef-c035a3d63c9b,2026-02-16 00:00:00+00,2026-02-16 00:00:00+00,"[""VR_EXPERIENCE"", ""AR_STAND""]",[],8b3b779c,Tech Enthusiast,,0,false
7874c490-863e-415a-b34f-bf1eb95f5bec,user_9634@mockexample.com,Mock User 383,,PRO,9d27df3c-60b3-4efe-98ef-c035a3d63c9b,2026-03-10 00:00:00+00,2026-03-10 00:00:00+00,"[""B2B_NETWORKING"", ""TECH_DISCOVERY""]",[],7874c490,B2B Professional Mock Bio,,0,false
059e84c1-4b8b-40d9-836e-8d05306432f1,user_9953@mockexample.com,Mock User 384,,ATTENDEE_CREATOR,9d27df3c-60b3-4efe-98ef-c035a3d63c9b,2026-03-08 00:00:00+00,2026-03-08 00:00:00+00,"[""CREATOR_TALK"", ""VR_EXPERIENCE""]",[],059e84c1,Tech Enthusiast,,0,false
e4e04f63-81d6-4a5a-9507-2697fdf21db5,user_7802@mockexample.com,Mock User 385,,GRAND_PUBLIC,9d27df3c-60b3-4efe-98ef-c035a3d63c9b,2026-02-26 00:00:00+00,2026-02-26 00:00:00+00,"[""VR_EXPERIENCE"", ""AR_STAND""]",[],e4e04f63,Tech Enthusiast,,0,false
25d87923-39de-4040-863c-d3c0c6325287,user_5682@mockexample.com,Mock User 386,,ATTENDEE_DISCOVERY,9d27df3c-60b3-4efe-98ef-c035a3d63c9b,2026-02-28 00:00:00+00,2026-02-28 00:00:00+00,"[""TECH_DISCOVERY"", ""AR_STAND""]",[],25d87923,Tech Enthusiast,,0,false
94c09036-861e-408a-afca-a40355f053a7,user_8685@mockexample.com,Mock User 387,,ATTENDEE_DISCOVERY,9d27df3c-60b3-4efe-98ef-c035a3d63c9b,2026-03-02 00:00:00+00,2026-03-02 00:00:00+00,"[""TECH_DISCOVERY"", ""AR_STAND""]",[],94c09036,Tech Enthusiast,,0,false
3472bb1f-bddc-4d3e-bd4e-6f6ea9886c46,user_7838@mockexample.com,Mock User 388,,GRAND_PUBLIC,9d27df3c-60b3-4efe-98ef-c035a3d63c9b,2026-03-02 00:00:00+00,2026-03-02 00:00:00+00,"[""VR_EXPERIENCE"", ""AR_STAND""]",[],3472bb1f,Tech Enthusiast,,1,false
6aa6b875-b7b2-4588-b756-233e61081026,user_5027@mockexample.com,Mock User 389,,ATTENDEE_CREATOR,9d27df3c-60b3-4efe-98ef-c035a3d63c9b,2026-03-05 00:00:00+00,2026-03-05 00:00:00+00,"[""CREATOR_TALK"", ""VR_EXPERIENCE""]",[],6aa6b875,Tech Enthusiast,,10,false
c99b536d-0e2e-4f31-9afd-28d06a0cfdb3,user_3259@mockexample.com,Mock User 390,,ATTENDEE_DISCOVERY,9d27df3c-60b3-4efe-98ef-c035a3d63c9b,2026-03-01 00:00:00+00,2026-03-01 00:00:00+00,"[""TECH_DISCOVERY"", ""AR_STAND""]",[],c99b536d,Tech Enthusiast,,0,false
48657c19-2347-495c-825e-dbaaf03084a0,user_1032@mockexample.com,Mock User 391,,ATTENDEE_DISCOVERY,9d27df3c-60b3-4efe-98ef-c035a3d63c9b,2026-03-02 00:00:00+00,2026-03-02 00:00:00+00,"[""TECH_DISCOVERY"", ""AR_STAND""]",[],48657c19,Tech Enthusiast,,1,false
321f965b-b021-4cec-a181-47aee23d4897,user_7989@mockexample.com,Mock User 392,,ATTENDEE_CREATOR,9d27df3c-60b3-4efe-98ef-c035a3d63c9b,2026-03-05 00:00:00+00,2026-03-05 00:00:00+00,"[""CREATOR_TALK"", ""VR_EXPERIENCE""]",[],321f965b,Tech Enthusiast,,0,false
35c37ff8-7e75-4220-af7c-33f0d6164c43,user_9814@mockexample.com,Mock User 393,,ATTENDEE_DISCOVERY,9d27df3c-60b3-4efe-98ef-c035a3d63c9b,2026-02-15 00:00:00+00,2026-02-15 00:00:00+00,"[""TECH_DISCOVERY"", ""AR_STAND""]",[],35c37ff8,Tech Enthusiast,,0,false
91be28a7-872d-4f19-96a0-85278e3494ac,user_1387@mockexample.com,Mock User 394,,GRAND_PUBLIC,9d27df3c-60b3-4efe-98ef-c035a3d63c9b,2026-03-05 00:00:00+00,2026-03-05 00:00:00+00,"[""VR_EXPERIENCE"", ""AR_STAND""]",[],91be28a7,Tech Enthusiast,,3,false
c7cc0e38-5e06-49cc-9583-450265650c3a,user_8622@mockexample.com,Mock User 395,,PRO,9d27df3c-60b3-4efe-98ef-c035a3d63c9b,2026-02-18 00:00:00+00,2026-02-18 00:00:00+00,"[""B2B_NETWORKING"", ""TECH_DISCOVERY""]",[],c7cc0e38,B2B Professional Mock Bio,,3,false
7a8c9b29-717a-46c7-9768-48f59b4f91d0,user_4417@mockexample.com,Mock User 396,,GRAND_PUBLIC,9d27df3c-60b3-4efe-98ef-c035a3d63c9b,2026-03-10 00:00:00+00,2026-03-10 00:00:00+00,"[""VR_EXPERIENCE"", ""AR_STAND""]",[],7a8c9b29,Tech Enthusiast,,0,false
21fce4a1-6586-443a-bb5f-24a146baaa37,user_1194@mockexample.com,Mock User 397,,ATTENDEE_CREATOR,9d27df3c-60b3-4efe-98ef-c035a3d63c9b,2026-03-05 00:00:00+00,2026-03-05 00:00:00+00,"[""CREATOR_TALK"", ""VR_EXPERIENCE""]",[],21fce4a1,Tech Enthusiast,,0,false
4367d0d6-dfd0-4b43-b9da-4bd030e65a5b,user_6421@mockexample.com,Mock User 398,,ATTENDEE_DISCOVERY,9d27df3c-60b3-4efe-98ef-c035a3d63c9b,2026-02-14 00:00:00+00,2026-02-14 00:00:00+00,"[""TECH_DISCOVERY"", ""AR_STAND""]",[],4367d0d6,Tech Enthusiast,,0,false
4fb7f3f7-7144-4d6b-a54e-53901da1b9df,user_2747@mockexample.com,Mock User 399,,GRAND_PUBLIC,9d27df3c-60b3-4efe-98ef-c035a3d63c9b,2026-02-16 00:00:00+00,2026-02-16 00:00:00+00,"[""VR_EXPERIENCE"", ""AR_STAND""]",[],4fb7f3f7,Tech Enthusiast,,2,false
