id,user_id,content_id,created_at
aa930107-3749-447d-a9cc-4aa0877e3579,3b47b00e-81a0-4b6a-bfdf-5382247b23a8,97f1e87c-792a-4a5b-9606-5221bd2ac53c,2026-03-14 16:00:00+00
bf8e8dac-096a-4b02-a278-6821f7709b5d,abdce89d-86e2-4dc9-9270-f92b70e5abcd,98351dbc-dfa2-489a-9745-5e7030619fd5,2026-03-21 15:00:00+00
a704cbf1-65fd-4a9e-8a3b-86ebf4cea093,f5612848-1f2a-4cf6-bf02-84e9dee0f36e,4b7a1347-ea43-4cb2-9ca0-25adc58026e7,2026-03-22 10:00:00+00
fd67a3dc-2c6c-4615-b41f-5a93fe60daf6,676484ab-84c6-4cfa-8a48-037844525bee,e0e21900-8982-4c15-b155-2a12f683d6d9,2026-03-23 16:00:00+00
ae152986-20ad-4053-b8e3-826f66158ff3,7a8c9b29-717a-46c7-9768-48f59b4f91d0,f23e9672-8cfc-403e-99fd-a9f1848eef60,2026-03-17 16:00:00+00
c5930ce6-2677-4b82-8e9f-12351ac21dd0,915d1982-5f38-4446-9748-00b7be397793,f23e9672-8cfc-403e-99fd-a9f1848eef60,2026-03-17 10:00:00+00
02d56305-0531-4abd-bd13-ccf78dc9bca8,925527af-34f9-4f6a-92e8-39fe4efbb0cb,bd8174ca-1fa3-446a-b372-fb0ab85ad87c,2026-03-16 12:00:00+00
43a682ba-80bb-47a9-a00d-a5ff01ce9fe4,d8d9573e-2946-4b7c-a428-10382a7bb2ad,f23e9672-8cfc-403e-99fd-a9f1848eef60,2026-03-17 10:00:00+00
c2b68caf-12c9-410a-aabf-71f6d35bbe14,bf19869e-c46b-4466-9d57-992ff6a05328,c3369d05-51dc-4f33-83fa-638250c49bec,2026-03-24 09:00:00+00
0818c903-c3db-492e-80b0-01e2151f9f63,50e4bea2-4a02-4da1-8dc7-beef66f1e5b5,4deb2340-5d89-48d1-b221-9b99cce35922,2026-03-22 11:00:00+00
d82ce2de-593e-4c77-8ea1-c52f6787a762,b9228f3a-0e72-48c5-95c1-a5377bcddb11,5ded9658-febb-4ef4-b703-1c24eb8814bf,2026-03-23 14:00:00+00
828630fe-0cfc-4659-b22f-2e42bfd7d150,ad1624bc-376c-4740-acbf-9d3cd41e3f20,98351dbc-dfa2-489a-9745-5e7030619fd5,2026-03-24 15:00:00+00
ad9b2691-ba53-4ac5-8495-f92f14481583,37ac749e-1b82-474e-aae8-dfc2477b8b1b,5ded9658-febb-4ef4-b703-1c24eb8814bf,2026-03-25 12:00:00+00
b93085b4-a33e-481d-8aa3-19e93b34cff6,96afb56c-6dfc-43b8-83ed-068e8c0ba925,4b7a1347-ea43-4cb2-9ca0-25adc58026e7,2026-03-24 14:00:00+00
a4c6c89c-3a98-4679-b3de-f8917a1086c4,c71aec3d-6981-46eb-b73f-26679f5d0730,e5195590-6fca-426a-8fe9-97132edf458e,2026-03-17 13:00:00+00
9b296fef-c382-4264-8230-63ece89a51eb,fb93b7d1-fec1-4e07-b8da-f88881d857ef,9a760b1c-6bba-44fb-8f6e-7a967f31e0ba,2026-03-24 13:00:00+00
df1390e1-0d6b-44c0-8917-4519152afa7c,c91331ed-1e32-4944-9f26-447f7ff12eae,fd0ad533-d935-4dc2-b330-da17d310959f,2026-03-18 09:00:00+00
205b95cd-aa45-4e58-bbfc-064713ea98c8,ef988c76-6b55-41a1-90e5-cacc349e3a08,bd8174ca-1fa3-446a-b372-fb0ab85ad87c,2026-03-19 10:00:00+00
22d3e403-c728-4fe3-bcc8-548eb39f40db,bd60d8ae-7cbd-407c-8a7e-439a739785c9,8c5ffe2b-583f-45d1-80ae-8bc0c42bf4ea,2026-03-17 15:00:00+00
27b3da7f-7823-410d-85f8-8e31ded67771,38fc0b77-701a-4227-ace7-3c0e7ce6d11c,bd8174ca-1fa3-446a-b372-fb0ab85ad87c,2026-03-14 14:00:00+00
7e9c9b7b-4fb5-48cd-9762-8df58e24215c,f750fef1-a148-41c8-89d2-6eba75a61cbc,8c5ffe2b-583f-45d1-80ae-8bc0c42bf4ea,2026-03-17 09:00:00+00
4c6dfd19-78f1-4fb4-8efd-35058af4664b,bac51acf-4234-40d6-996c-35c04c9739bf,bd8174ca-1fa3-446a-b372-fb0ab85ad87c,2026-03-15 11:00:00+00
22020697-9bc8-43d1-b684-1417d1085412,d17a8285-e0cc-47b0-b455-2a3c047ee1d5,4b7a1347-ea43-4cb2-9ca0-25adc58026e7,2026-03-23 10:00:00+00
d2829299-1f3d-460b-8d24-4620accae684,a898fd75-c28f-49f2-b5b3-768330c8e4c6,bb97de74-6b2c-4ddb-b6fa-b2fc134d2548,2026-03-21 12:00:00+00
9ca20112-cf0e-44d2-9f64-fcf8f0fe6fd8,c293d3b1-4ec6-4f9c-b240-66951b034cfe,f23e9672-8cfc-403e-99fd-a9f1848eef60,2026-03-25 16:00:00+00
6a015350-afff-44e9-b249-3d9cc42b59e3,d8d9573e-2946-4b7c-a428-10382a7bb2ad,42d09375-3a92-44af-859e-e8a4e09f45b3,2026-03-21 09:00:00+00
7b92dfe2-27c5-4370-b92e-9835d4a80c63,749c1041-1b9a-4849-8736-e625a698b968,bb97de74-6b2c-4ddb-b6fa-b2fc134d2548,2026-03-14 15:00:00+00
3c614f3c-f10f-4b77-be75-8ded3a4eaa16,0ebc598a-283e-4e85-87ef-c8c59f4dae96,97f1e87c-792a-4a5b-9606-5221bd2ac53c,2026-03-18 14:00:00+00
eb7eae5b-b9f1-48dc-a2c3-e38d71c6dd27,921a7068-5872-4756-b38b-21a2083e46ef,4b7a1347-ea43-4cb2-9ca0-25adc58026e7,2026-03-28 16:00:00+00
05c10340-3cc8-475b-af62-d363d8a38be3,c03905aa-439a-4ea2-88e7-642b4464fa7f,42d09375-3a92-44af-859e-e8a4e09f45b3,2026-03-14 11:00:00+00
643d3fc3-d2ff-4a88-ba05-ae1df00ea29d,642aef68-84f7-4a98-9e9e-5ff30559da65,2d2fd71e-f7db-43e2-a59e-be7c09845ba8,2026-03-15 13:00:00+00
c9a3ea75-a817-4143-8d7b-874a3b34a8ba,3b51a7d6-d2c0-4bdd-b46c-cc2455f41839,bd8174ca-1fa3-446a-b372-fb0ab85ad87c,2026-03-22 11:00:00+00
066f6a01-2627-4f1e-86cf-d8cb3cc36851,742f7d7d-139c-4560-be95-891f07f9a8c5,bd8174ca-1fa3-446a-b372-fb0ab85ad87c,2026-03-13 18:00:00+00
75bb7487-56d8-4f1a-8a75-aef5905d1a90,3059dd5f-0285-450b-82f4-1fa418289b58,d64f9cb2-15b6-4bf1-8d2d-7e1bf13a563c,2026-03-17 10:00:00+00
0985b53b-eea1-4d05-a91a-fee793ed7107,351336a8-c1fc-460f-a9ab-06eb05c88037,8c5ffe2b-583f-45d1-80ae-8bc0c42bf4ea,2026-03-16 17:00:00+00
3658f87d-729b-49cd-9fc1-5568a024792c,016e8bcf-c403-418d-a471-a465749ad584,a5b2e686-48c5-4f80-8cad-3e03cb45bf32,2026-03-14 12:00:00+00
442e6f7d-b8fa-4d3f-bb09-ebb302783558,38fc0b77-701a-4227-ace7-3c0e7ce6d11c,bd8174ca-1fa3-446a-b372-fb0ab85ad87c,2026-03-19 13:00:00+00
7d77f20e-9a94-4585-b16f-58f73d998e43,62239915-ec25-47b9-b4d5-c2af7e41072c,9a760b1c-6bba-44fb-8f6e-7a967f31e0ba,2026-03-22 13:00:00+00
f82de7e3-2aa7-47fc-a4ad-8db42825c5c2,6e3b8e45-03ea-48b9-a788-6d07ec89e181,e5195590-6fca-426a-8fe9-97132edf458e,2026-03-27 14:00:00+00
c8e0f843-aaa7-467a-9535-efbda418752a,8bb74338-1e5f-4856-a403-920f00262ffd,42d09375-3a92-44af-859e-e8a4e09f45b3,2026-03-27 16:00:00+00
375350d1-2ff9-4084-a047-db2469feb30e,616c7af7-b31e-4d6d-a1f3-557bf59f52ad,a5b2e686-48c5-4f80-8cad-3e03cb45bf32,2026-03-19 09:00:00+00
703a6784-cdb2-43d3-ab94-9bc407ea34ec,8dc2426e-4f11-4b51-91bb-9ee17321c0ec,fd0ad533-d935-4dc2-b330-da17d310959f,2026-03-24 18:00:00+00
57dad1e9-0bee-47f9-9e23-4512cfe0d627,9edb722a-149e-4f61-a073-0ca1d1374479,e0e21900-8982-4c15-b155-2a12f683d6d9,2026-03-22 13:00:00+00
45bea3c4-9b5e-43c0-b0f9-1a2fbd5c1959,6e46d3f8-dc5a-4ce8-8a82-49b420cedc94,fd0ad533-d935-4dc2-b330-da17d310959f,2026-03-24 16:00:00+00
e8187d1c-a8ac-43b2-8ba2-d5bf04c0d39a,cf3a66c1-5d0a-44a3-8594-be2d8c2a1f96,8c5ffe2b-583f-45d1-80ae-8bc0c42bf4ea,2026-03-22 12:00:00+00
31b8a07e-b2b7-4532-a597-8ce29428da81,1124ad69-800c-4e31-a45d-7b219d46e676,2d2fd71e-f7db-43e2-a59e-be7c09845ba8,2026-03-25 09:00:00+00
e04e87aa-8339-4084-a317-f0f438b43f5f,d8249b92-3841-4a3f-af23-1678614e8659,8c5ffe2b-583f-45d1-80ae-8bc0c42bf4ea,2026-03-28 15:00:00+00
c4223504-e5da-4233-afe0-c2bf430348e9,4935010e-e354-48d3-90f5-a93f88bdcc37,13cbcd91-b47e-400b-9607-f0e3d1bd2877,2026-03-17 12:00:00+00
6615ef2f-8ba8-4c04-90e3-119085942b76,2c1a3d2d-7aaa-44f8-af4b-0eb88a2ff28b,4deb2340-5d89-48d1-b221-9b99cce35922,2026-03-28 13:00:00+00
9ed4b39f-d327-4ffe-a2f3-21295ddda9e1,88071374-c4e5-45b5-bde0-ccd4d83ab836,42d09375-3a92-44af-859e-e8a4e09f45b3,2026-03-16 10:00:00+00
8e726b8e-0986-4590-8431-1119a11b159c,77642c85-e77d-472e-a630-160c6236c157,42d09375-3a92-44af-859e-e8a4e09f45b3,2026-03-18 16:00:00+00
01677f5f-0e61-4d7f-86d1-0635b0a89e99,8e7c2c83-6897-4b6a-b96e-7d734faa63af,2d2fd71e-f7db-43e2-a59e-be7c09845ba8,2026-03-21 11:00:00+00
5324fb93-7e62-479d-b162-c230ee514b59,6e3b8e45-03ea-48b9-a788-6d07ec89e181,2d2fd71e-f7db-43e2-a59e-be7c09845ba8,2026-03-21 16:00:00+00
9eda48af-ea8b-4fc6-b31f-231b5332ff82,e12b894d-5b13-4f3e-bcc6-1de577ee9a25,c3369d05-51dc-4f33-83fa-638250c49bec,2026-03-21 09:00:00+00
cdd084ae-8b74-48e9-a798-fa6e5b9d3b46,c2df3d47-09d4-4990-b8b4-ec56b64c34b2,13cbcd91-b47e-400b-9607-f0e3d1bd2877,2026-03-18 16:00:00+00
aae80a41-650f-4eee-99f3-de498efb77b8,d35a8941-0da6-4bf3-ac24-748de1874163,8c5ffe2b-583f-45d1-80ae-8bc0c42bf4ea,2026-03-27 12:00:00+00
ec95dda7-92e2-4921-bec0-a25d5a7d0252,cfaa9bc0-61ff-4909-bdcf-8db08a2207b1,c3369d05-51dc-4f33-83fa-638250c49bec,2026-03-26 17:00:00+00
5a484d06-fb32-4d3f-953c-0b49e0127918,9e2697c6-1e4b-4d6a-89ef-af96f7ba23ca,9a760b1c-6bba-44fb-8f6e-7a967f31e0ba,2026-03-25 16:00:00+00
9cb51bdc-091a-434c-b11f-96146070db9f,11d18861-c594-489b-aabc-122c463ab1f5,fd0ad533-d935-4dc2-b330-da17d310959f,2026-03-27 12:00:00+00
cd014d96-cfee-4c9f-b7b0-ddc5c0fe05eb,eb45e3e4-505d-4db4-b9c7-adef36a9ec2f,4b7a1347-ea43-4cb2-9ca0-25adc58026e7,2026-03-14 12:00:00+00
ae4fd9d4-be2e-48d9-a9ef-b80fe96759c4,40a64fca-58e1-4b94-92b3-52b75604e8e8,42d09375-3a92-44af-859e-e8a4e09f45b3,2026-03-14 11:00:00+00
238df229-eed7-4823-b648-30f92c5bd0c4,b24da865-72df-4e3c-af0c-db91cd6443c1,bd8174ca-1fa3-446a-b372-fb0ab85ad87c,2026-03-22 14:00:00+00
87c0cf01-387a-414c-9e40-c49bd4d1843c,00b85947-036c-4695-90b8-e99838d56f7d,2d2fd71e-f7db-43e2-a59e-be7c09845ba8,2026-03-21 17:00:00+00
5d73ce04-5f7c-472c-a44a-6102d548f338,915d1982-5f38-4446-9748-00b7be397793,f23e9672-8cfc-403e-99fd-a9f1848eef60,2026-03-23 17:00:00+00
b31de733-d480-4b3d-9b0f-0844f9a3b874,96afb56c-6dfc-43b8-83ed-068e8c0ba925,64a87cbe-966d-4325-be35-fb6542235ab1,2026-03-19 15:00:00+00
1547b8f7-a42e-4f8e-8f61-3a79ced39134,f387723b-397a-42cd-93cb-aec8c07bff8f,f23e9672-8cfc-403e-99fd-a9f1848eef60,2026-03-22 13:00:00+00
18c92eb9-522e-41f2-b652-ce2b99ce8898,09268899-87f9-44aa-8a63-53fb6c60b2b8,4262afba-df16-4273-9a48-73d41c1c631a,2026-03-17 11:00:00+00
00ce9200-89c4-4394-9723-fa7dc1a01aff,f1d64049-84cc-4f75-8aca-bf5465854a96,42d09375-3a92-44af-859e-e8a4e09f45b3,2026-03-24 16:00:00+00
15fe0b44-d68a-4152-8f19-a22b4ade508d,7bc309fe-ea85-46ab-81dc-d1ea020b053e,64a87cbe-966d-4325-be35-fb6542235ab1,2026-03-17 12:00:00+00
cd288cd6-6653-4c2e-92bb-859d0a0e73eb,428acf49-d539-45ec-ac88-bd9de2dca5ff,2d2fd71e-f7db-43e2-a59e-be7c09845ba8,2026-03-17 14:00:00+00
b35e6cd1-958a-44de-88ae-b21e3a668329,fd0075c6-adc4-42ee-a128-fedbf22a6746,4deb2340-5d89-48d1-b221-9b99cce35922,2026-03-21 12:00:00+00
9b342a77-28fc-42fe-8e40-bf608d8ac352,77d97a73-086e-4df8-8514-e7f26bee6625,e0e21900-8982-4c15-b155-2a12f683d6d9,2026-03-23 10:00:00+00
87c6ed58-bd9f-4b70-86d1-2b9342d62db5,4ac161b2-aa19-4f14-9149-4ff21ea6df83,fd0ad533-d935-4dc2-b330-da17d310959f,2026-03-14 15:00:00+00
58dc21f8-b708-4ab9-8592-6f805308fa1c,cb75249f-ece6-48f8-b0e7-0f9460fe11ed,e0e21900-8982-4c15-b155-2a12f683d6d9,2026-03-14 17:00:00+00
38a32449-0642-4542-b689-25ce719fb06c,8dc2426e-4f11-4b51-91bb-9ee17321c0ec,13cbcd91-b47e-400b-9607-f0e3d1bd2877,2026-03-26 17:00:00+00
d65fe667-fc2f-4cba-816e-dca18430864b,93cc5c49-be37-44ef-ab75-7d8f24a54386,4b7a1347-ea43-4cb2-9ca0-25adc58026e7,2026-03-27 11:00:00+00
8b615cf5-e8c4-4245-a5f8-2b5bb0dc458d,48657c19-2347-495c-825e-dbaaf03084a0,fd0ad533-d935-4dc2-b330-da17d310959f,2026-03-14 17:00:00+00
ff73ba0c-a474-49cc-a5c1-37694aa61231,302424aa-d384-44e5-a350-022693b8c6b6,97f1e87c-792a-4a5b-9606-5221bd2ac53c,2026-03-24 14:00:00+00
e7a60b1b-7a9c-426f-88a3-b7e6028e462f,b0310998-ce09-44cf-91bc-5163aaba0e15,f23e9672-8cfc-403e-99fd-a9f1848eef60,2026-03-22 15:00:00+00
b5e33426-085a-40a9-9295-5a756a99f5c0,df767688-a2f6-4dac-8c8e-40c9311129d7,bb97de74-6b2c-4ddb-b6fa-b2fc134d2548,2026-03-15 13:00:00+00
fd4906a1-409f-425a-875d-ae9f7b617832,915d1982-5f38-4446-9748-00b7be397793,8c5ffe2b-583f-45d1-80ae-8bc0c42bf4ea,2026-03-21 13:00:00+00
c1575e85-028b-4476-8744-fff2f51d2b03,12bb176c-92fa-4087-a2b3-1e746a5f4a41,fd0ad533-d935-4dc2-b330-da17d310959f,2026-03-17 18:00:00+00
60eff0db-a7ff-4d70-9fce-3e8dc16fec9a,433df672-d264-4e12-9169-a8ecaf040f10,c3369d05-51dc-4f33-83fa-638250c49bec,2026-03-17 15:00:00+00
a21d80d7-d294-41d5-844e-d5274f097f93,012d71da-7843-4252-b3d6-5ce91009b92d,2d2fd71e-f7db-43e2-a59e-be7c09845ba8,2026-03-25 13:00:00+00
45af5935-20f9-4a08-876f-708b7c87748b,c99b536d-0e2e-4f31-9afd-28d06a0cfdb3,bd8174ca-1fa3-446a-b372-fb0ab85ad87c,2026-03-25 18:00:00+00
55e5af3e-10a0-43b1-b98f-fefae01b212b,ca679cdd-ed30-4715-ba2c-5c1c87476379,bb97de74-6b2c-4ddb-b6fa-b2fc134d2548,2026-03-15 14:00:00+00
76017acd-c914-4aa4-a538-70050be9e7da,554a820a-73ec-4123-a3e5-1e551a823a4a,c3369d05-51dc-4f33-83fa-638250c49bec,2026-03-16 13:00:00+00
838e2961-7e26-469b-88b5-b11191e023cf,6d8299c9-fdd7-46ca-9753-338e597ddd37,c3369d05-51dc-4f33-83fa-638250c49bec,2026-03-21 12:00:00+00
73efd95c-7efb-4000-87c4-f56dfc50fa36,df71f24f-fa8e-45d6-ae68-c7ee0bd1f52f,4262afba-df16-4273-9a48-73d41c1c631a,2026-03-25 18:00:00+00
18bfcb7b-7df2-4cc1-b2e1-cf24614e7eb3,7f63bbb4-f145-40e2-b43c-879452ed44ea,e0e21900-8982-4c15-b155-2a12f683d6d9,2026-03-21 11:00:00+00
c7e795be-f069-46ac-ae1a-7f7115472444,88071374-c4e5-45b5-bde0-ccd4d83ab836,42d09375-3a92-44af-859e-e8a4e09f45b3,2026-03-18 16:00:00+00
81c9e234-fc0b-4929-846b-1ffc5d2bb42c,c99b536d-0e2e-4f31-9afd-28d06a0cfdb3,bd8174ca-1fa3-446a-b372-fb0ab85ad87c,2026-03-23 12:00:00+00
e4e0925e-fb53-47fc-9a4e-95e8000df145,38fc0b77-701a-4227-ace7-3c0e7ce6d11c,c3369d05-51dc-4f33-83fa-638250c49bec,2026-03-21 18:00:00+00
a897bda5-e10d-478b-99cc-8b444cc97827,abdce89d-86e2-4dc9-9270-f92b70e5abcd,e0e21900-8982-4c15-b155-2a12f683d6d9,2026-03-18 13:00:00+00
710bc524-6f48-43f3-9b32-81cb044424ab,e2f0c835-ce2b-421c-bc17-4589c878fa8c,e0e21900-8982-4c15-b155-2a12f683d6d9,2026-03-17 10:00:00+00
a1118f78-9da5-4ea5-9960-2db29400dc8d,9a773e20-523f-426d-b32b-2f5f8aaa75c9,4262afba-df16-4273-9a48-73d41c1c631a,2026-03-22 09:00:00+00
2a6c646c-bb68-4927-85dd-e377e21a0976,6ba4acc2-a4ea-4d36-a675-3943e533e869,8c5ffe2b-583f-45d1-80ae-8bc0c42bf4ea,2026-03-19 09:00:00+00
328a81ef-7f12-4e69-9f56-07a4821dd237,4f59f33c-ec7a-4adb-9e38-e7b26e3d30f7,e5195590-6fca-426a-8fe9-97132edf458e,2026-03-13 09:00:00+00
a73acf16-a88d-433b-aad6-8b77da954501,9ce8c413-b48b-4536-b7e5-43f101d86ff8,2d2fd71e-f7db-43e2-a59e-be7c09845ba8,2026-03-19 15:00:00+00
460e1418-ca86-42f2-ab0a-a69a91ef95ba,4a8c2388-e5fc-48ff-a675-25324736a4be,4262afba-df16-4273-9a48-73d41c1c631a,2026-03-25 11:00:00+00
2de2ebdd-3efa-434e-94e0-4781997f9ec2,b4101217-3be3-4d7c-a5e0-2651fb0320a0,42d09375-3a92-44af-859e-e8a4e09f45b3,2026-03-24 17:00:00+00
5db53714-22c3-45a2-9702-ba7b58b0f7b2,71bf25c5-1679-447c-afa4-db21a5c7ea79,5ded9658-febb-4ef4-b703-1c24eb8814bf,2026-03-19 12:00:00+00
9d88c5c5-20b4-4bfc-b7b6-26a3666d990e,2973e612-ae0a-49f8-b1ab-410a6d820ef0,e5195590-6fca-426a-8fe9-97132edf458e,2026-03-27 11:00:00+00
a95f82cb-71aa-40c1-bc00-6ee3bc69e7b3,6aa6b875-b7b2-4588-b756-233e61081026,c3369d05-51dc-4f33-83fa-638250c49bec,2026-03-16 10:00:00+00
bf90f34d-4873-4f25-937e-37abfee9b254,6b88863a-8c03-4938-adc9-75b625c861bc,4deb2340-5d89-48d1-b221-9b99cce35922,2026-03-24 09:00:00+00
870620cf-cfd4-4f4b-bbc6-735a5fd9a0e1,8a5b291a-c7c1-443a-94ff-322ebe3b8afc,c3369d05-51dc-4f33-83fa-638250c49bec,2026-03-22 10:00:00+00
b2576c5a-a395-4ab8-b13c-f37d5a6f1503,161620e5-266a-4216-8307-70a9b36a4020,4b7a1347-ea43-4cb2-9ca0-25adc58026e7,2026-03-24 12:00:00+00
c6b4d4c2-dfd7-48db-84eb-46009c6fe4a0,8b3b779c-50f7-4828-bb18-777d68e64f61,f23e9672-8cfc-403e-99fd-a9f1848eef60,2026-03-19 12:00:00+00
c0497528-9c90-42c0-a69f-26b837e1b32c,0f4147f4-f5e8-4dbe-8a91-4836df8b1139,54c101f5-c21e-4f6e-9123-8a7e7add0f53,2026-03-26 17:00:00+00
cfca68da-5dfe-412a-8185-09ead7ff3dbe,d35a8941-0da6-4bf3-ac24-748de1874163,5ded9658-febb-4ef4-b703-1c24eb8814bf,2026-03-25 11:00:00+00
89131115-3c81-4c01-8126-b50b4b6a9c6f,4a8c2388-e5fc-48ff-a675-25324736a4be,4262afba-df16-4273-9a48-73d41c1c631a,2026-03-13 09:00:00+00
b62dfab4-bf06-41b3-bae3-97c05a981237,f6c39e34-336f-42ab-b2b4-2e7b87f91f13,bd8174ca-1fa3-446a-b372-fb0ab85ad87c,2026-03-21 18:00:00+00
33feaac7-69a6-4e13-a495-2b3d19b4267c,b25adb14-07cd-467b-bf70-b2be72e499ef,c3369d05-51dc-4f33-83fa-638250c49bec,2026-03-27 15:00:00+00
4a4b9d14-df06-4e92-a49c-e14bc6c54938,22de5625-a044-4491-9e56-da8cafa79ec0,42d09375-3a92-44af-859e-e8a4e09f45b3,2026-03-27 17:00:00+00
bdd1acc8-2287-4fca-8e2b-a364a8409ed9,b4d106d3-764f-4de1-b48d-0ab2ccff060a,ec172928-8cff-4a66-afa9-a8b99e4e126b,2026-03-26 17:00:00+00
932c4970-36b1-410a-8305-b839537dc96f,433df672-d264-4e12-9169-a8ecaf040f10,fd0ad533-d935-4dc2-b330-da17d310959f,2026-03-16 14:00:00+00
fb944639-e22c-4d2a-a556-e900e84210f6,b0310998-ce09-44cf-91bc-5163aaba0e15,f23e9672-8cfc-403e-99fd-a9f1848eef60,2026-03-19 12:00:00+00
79bf4e2b-1f2e-4c97-b836-8305d304465a,bd60d8ae-7cbd-407c-8a7e-439a739785c9,4262afba-df16-4273-9a48-73d41c1c631a,2026-03-28 13:00:00+00
5cacf7b1-c4d4-415e-bfc4-072acefad585,f9069bb1-a0e8-4d0e-a0de-c73595239aaa,bd8174ca-1fa3-446a-b372-fb0ab85ad87c,2026-03-24 16:00:00+00
c680e2bf-526d-46e3-8879-ff475876fb63,ee0788b9-3f4e-4a87-ba02-c0602c726a29,d64f9cb2-15b6-4bf1-8d2d-7e1bf13a563c,2026-03-25 12:00:00+00
fb630ec1-e478-43b8-a506-5881ac083713,54e21a31-2a25-4d73-95b3-d890d5a4fe5e,4b7a1347-ea43-4cb2-9ca0-25adc58026e7,2026-03-25 15:00:00+00
52f46f84-cf96-4276-a3bd-f52affa2700c,bd159b3c-bbb6-406f-a21a-b2bf9554f861,bd8174ca-1fa3-446a-b372-fb0ab85ad87c,2026-03-22 16:00:00+00
bf66e2aa-7f10-4788-bfcd-944ab2e3efc1,78e74865-f928-4ebb-b3f2-066820a7855a,f23e9672-8cfc-403e-99fd-a9f1848eef60,2026-03-15 12:00:00+00
8b7d06df-a204-4caa-9b6c-c4933f7aaa1a,6f3641f3-d53f-4639-ad55-13c9047d121e,8c5ffe2b-583f-45d1-80ae-8bc0c42bf4ea,2026-03-16 09:00:00+00
7cab66b4-2089-4788-a3c0-7f876f3224eb,94ea43d3-2754-4e91-bd34-9576c941098d,8c5ffe2b-583f-45d1-80ae-8bc0c42bf4ea,2026-03-13 15:00:00+00
1874eed0-5167-4dd7-8289-fd21a6171d8a,b77d5a14-95f8-4aed-aea9-8b1312e2cac0,bd8174ca-1fa3-446a-b372-fb0ab85ad87c,2026-03-20 14:00:00+00
bd5691f0-69c3-48d7-9492-ef69c7c40b03,641f75ab-3d99-4832-88f9-a7ce552cc967,a5b2e686-48c5-4f80-8cad-3e03cb45bf32,2026-03-23 16:00:00+00
ab8bf889-98e7-4133-ae6f-b2e47eb1f8fc,6e3b8e45-03ea-48b9-a788-6d07ec89e181,5ded9658-febb-4ef4-b703-1c24eb8814bf,2026-03-25 18:00:00+00
129bfdd9-0603-4d1f-9560-727f81100820,6aa6b875-b7b2-4588-b756-233e61081026,c3369d05-51dc-4f33-83fa-638250c49bec,2026-03-25 16:00:00+00
ece598fa-bdbf-492e-92e7-2a122fb1d644,7f931bdb-76b2-47e4-ade8-481018bccdb2,5ded9658-febb-4ef4-b703-1c24eb8814bf,2026-03-27 09:00:00+00
5c9d3269-7482-43ff-baa7-ef3202301b84,7afcb9d1-d273-41f9-8565-def270a3edfd,4b7a1347-ea43-4cb2-9ca0-25adc58026e7,2026-03-13 10:00:00+00
a0620984-2dde-4256-a5ce-4230d151d491,1c8a6763-d23e-4719-a453-89a75cdc93e5,fd0ad533-d935-4dc2-b330-da17d310959f,2026-03-14 16:00:00+00
031b1135-ed59-4077-9c3e-16bea45458f2,02bbd50a-8c26-4ee9-a856-54399db96c39,c3369d05-51dc-4f33-83fa-638250c49bec,2026-03-20 09:00:00+00
da77ae1b-1a9e-4519-b2a2-0dffd657c076,54e21a31-2a25-4d73-95b3-d890d5a4fe5e,a5b2e686-48c5-4f80-8cad-3e03cb45bf32,2026-03-24 16:00:00+00
8912190d-fe77-494f-b652-b0984468d119,25d87923-39de-4040-863c-d3c0c6325287,bd8174ca-1fa3-446a-b372-fb0ab85ad87c,2026-03-16 13:00:00+00
4b160b0b-eb73-4eeb-b256-5eac9e6649ba,852b6306-def3-42d5-ae88-a114a75ae65d,42d09375-3a92-44af-859e-e8a4e09f45b3,2026-03-18 18:00:00+00
23fcc428-e0ae-4e3e-b769-45739382abb6,3059dd5f-0285-450b-82f4-1fa418289b58,e5195590-6fca-426a-8fe9-97132edf458e,2026-03-16 16:00:00+00
5fd2f437-216b-450f-8829-717babd78884,a0497fed-2140-4b4c-91e6-25e7ae5cb7e2,c3369d05-51dc-4f33-83fa-638250c49bec,2026-03-20 12:00:00+00
6367eafa-53d8-4959-811d-419e3cefdb9a,1536a266-46bf-448e-b22d-841162e7dd1a,fd0ad533-d935-4dc2-b330-da17d310959f,2026-03-19 13:00:00+00
93b17245-8695-43a4-a99b-12dc34f3607a,d35a8941-0da6-4bf3-ac24-748de1874163,4262afba-df16-4273-9a48-73d41c1c631a,2026-03-23 13:00:00+00
20a5df02-134a-47e3-8bc7-82684763e8c0,d653df1e-e3e0-43ce-8816-4bb6e269acdb,542f51c9-6ad0-42ca-a52f-9f69f72bf381,2026-03-25 10:00:00+00
dd6f3a66-7518-47df-92b4-d3d550c89a95,426e3f68-e3eb-444e-8975-c06c0075e00c,a5b2e686-48c5-4f80-8cad-3e03cb45bf32,2026-03-23 14:00:00+00
cf42c3c4-8bca-4ea7-bc83-568ab4ec2f97,3472bb1f-bddc-4d3e-bd4e-6f6ea9886c46,4b7a1347-ea43-4cb2-9ca0-25adc58026e7,2026-03-21 11:00:00+00
28d9c99f-cfb8-49ce-ba37-344cc76862c0,b69ad41e-6b0a-43be-a41a-e82e5b56d16d,e5195590-6fca-426a-8fe9-97132edf458e,2026-03-17 09:00:00+00
3e89a732-3dab-42c2-b760-8cea1b9a19e0,708d81a0-531e-4587-86f9-281b16595e24,64ed7dff-6373-4012-bb9b-2594dc30bb3d,2026-03-23 17:00:00+00
34320130-e8a3-433f-a7eb-145118441493,94c09036-861e-408a-afca-a40355f053a7,8c5ffe2b-583f-45d1-80ae-8bc0c42bf4ea,2026-03-19 11:00:00+00
50459736-cae8-44b1-821c-985185c59998,33ffa9b2-1672-4142-aa4b-4467f4a84b2f,5ded9658-febb-4ef4-b703-1c24eb8814bf,2026-03-15 12:00:00+00
d26f52d5-8648-428c-b0b3-180fa3a7341d,ee63f7e6-0a2a-4939-ad49-20dd1b9590aa,ec172928-8cff-4a66-afa9-a8b99e4e126b,2026-03-18 18:00:00+00
4d9b0d18-84b1-4439-80bb-ad91efa86cd8,1775dd60-1f41-4a32-a135-409fc1e5a526,c3369d05-51dc-4f33-83fa-638250c49bec,2026-03-26 14:00:00+00
4dbdbfa9-cc1d-4028-928d-966388c05895,c9672db7-c74b-424e-b131-54c3f3426185,4b7a1347-ea43-4cb2-9ca0-25adc58026e7,2026-03-24 15:00:00+00
77d18123-820b-4123-8ac8-5072773fe00f,88071374-c4e5-45b5-bde0-ccd4d83ab836,ec172928-8cff-4a66-afa9-a8b99e4e126b,2026-03-23 12:00:00+00
f4f9a545-d5ca-425a-9312-524ee8d39cf5,e0e55d1f-0fbb-4f70-9731-aa61631a7619,fd0ad533-d935-4dc2-b330-da17d310959f,2026-03-19 12:00:00+00
1cf15952-15a4-400e-83d8-3b0f3eb1df44,f30b60e5-b25f-4f5b-a972-8f343b7ad782,fd0ad533-d935-4dc2-b330-da17d310959f,2026-03-16 17:00:00+00
46a95c27-1cc1-453a-bb33-756bed434f16,ef988c76-6b55-41a1-90e5-cacc349e3a08,fd0ad533-d935-4dc2-b330-da17d310959f,2026-03-19 16:00:00+00
471e8f30-16b1-4b40-b761-537f8a31a783,ca1ddba8-f515-4dc8-abb2-7c5e915bf942,97f1e87c-792a-4a5b-9606-5221bd2ac53c,2026-03-27 11:00:00+00
4f39df65-d4d4-4fdf-86c0-a2ef2d371463,d653df1e-e3e0-43ce-8816-4bb6e269acdb,98351dbc-dfa2-489a-9745-5e7030619fd5,2026-03-27 13:00:00+00
f35dab24-fe85-42cb-9d61-76f21bdda8ea,27c32f2f-450f-4aa4-9cde-7ff3989dbd05,e5195590-6fca-426a-8fe9-97132edf458e,2026-03-28 15:00:00+00
6f3750ee-cbe0-4942-b3ba-2430d820ffd4,d4847e48-6a53-4522-9af2-8a3007fc04b0,64ed7dff-6373-4012-bb9b-2594dc30bb3d,2026-03-14 14:00:00+00
07d598ba-f4f7-457e-a775-363c653fe677,fce0d00d-c664-470c-811d-38ca48ef6b44,64ed7dff-6373-4012-bb9b-2594dc30bb3d,2026-03-19 14:00:00+00
4c3002e0-ae28-4b94-ab1e-ae058db7b454,de44337e-17bd-4097-8dad-7ccee1bcd4bf,97f1e87c-792a-4a5b-9606-5221bd2ac53c,2026-03-18 12:00:00+00
7d509f51-4dff-4698-a63e-6afe7a516154,8a5b291a-c7c1-443a-94ff-322ebe3b8afc,a5b2e686-48c5-4f80-8cad-3e03cb45bf32,2026-03-23 16:00:00+00
f133de05-13d6-4a55-aa25-daa718acedc7,1c8a6763-d23e-4719-a453-89a75cdc93e5,54c101f5-c21e-4f6e-9123-8a7e7add0f53,2026-03-13 10:00:00+00
72bdacbb-2542-4476-a7d2-93fdc0b03322,8b3b779c-50f7-4828-bb18-777d68e64f61,bd8174ca-1fa3-446a-b372-fb0ab85ad87c,2026-03-13 10:00:00+00
3efafbe8-e135-4521-8011-7c478174857c,e12b894d-5b13-4f3e-bcc6-1de577ee9a25,13cbcd91-b47e-400b-9607-f0e3d1bd2877,2026-03-26 11:00:00+00
a204dfdc-172b-4852-8669-47381acb3611,a892e54d-16be-4bf6-99a7-8de3420afc56,8c5ffe2b-583f-45d1-80ae-8bc0c42bf4ea,2026-03-19 14:00:00+00
b0d905dc-f481-49bb-9cb3-4eae71ff1424,ace7bf9f-7d97-4317-a3ce-3c8482f9bc97,5ded9658-febb-4ef4-b703-1c24eb8814bf,2026-03-15 13:00:00+00
ae551309-df04-44fc-ba10-7f5d337edc88,fe409ded-b88a-4cf0-91c7-55e2abaf0d7a,13cbcd91-b47e-400b-9607-f0e3d1bd2877,2026-03-22 09:00:00+00
7abd2387-d556-40df-b17d-37cb048fccda,7163ab7e-705d-455c-931a-51babd826f9d,13cbcd91-b47e-400b-9607-f0e3d1bd2877,2026-03-25 16:00:00+00
dc605cb9-5688-4691-9627-50a2021173bf,fa02f983-ed58-4d26-8bcc-9da296bec588,2d2fd71e-f7db-43e2-a59e-be7c09845ba8,2026-03-27 18:00:00+00
5eae70e8-452b-435d-b711-857d58b071e2,62239915-ec25-47b9-b4d5-c2af7e41072c,e5195590-6fca-426a-8fe9-97132edf458e,2026-03-17 16:00:00+00
f5f9305b-0de5-4002-96d4-8f6930d2add3,33ffa9b2-1672-4142-aa4b-4467f4a84b2f,542f51c9-6ad0-42ca-a52f-9f69f72bf381,2026-03-14 16:00:00+00
ffdc7f1f-b01f-46b6-8731-996d050ae0ac,b30b23c7-3745-4118-92e4-c97bf9875a59,a5b2e686-48c5-4f80-8cad-3e03cb45bf32,2026-03-25 12:00:00+00
965af1b0-78c0-4eb8-8205-933ca232805c,71bf25c5-1679-447c-afa4-db21a5c7ea79,5ded9658-febb-4ef4-b703-1c24eb8814bf,2026-03-25 18:00:00+00
649d2a7e-aa48-4ec7-a10d-70592414fce9,0a736495-cb89-446b-9e7a-24151d2fb8e5,a5b2e686-48c5-4f80-8cad-3e03cb45bf32,2026-03-13 16:00:00+00
53ba2999-b1f9-494a-8163-58c7f66b5ef8,fe409ded-b88a-4cf0-91c7-55e2abaf0d7a,13cbcd91-b47e-400b-9607-f0e3d1bd2877,2026-03-20 12:00:00+00
935be71c-8337-491e-b6ca-54c871109150,88db99f7-2159-405b-af50-314259e6f3a5,f23e9672-8cfc-403e-99fd-a9f1848eef60,2026-03-24 12:00:00+00
d2f256e3-9552-47df-8d5a-a52ab98f22d3,213cf34b-1792-4a91-89a9-a380f66d1a06,d64f9cb2-15b6-4bf1-8d2d-7e1bf13a563c,2026-03-21 10:00:00+00
5fcdd381-639d-48fc-ac6c-fe0e1696cc52,6d57b99a-5bc5-46ae-aee4-65e77e712f35,42d09375-3a92-44af-859e-e8a4e09f45b3,2026-03-25 10:00:00+00
55ca6b01-4582-476d-8e9e-403243dbb918,88db99f7-2159-405b-af50-314259e6f3a5,f23e9672-8cfc-403e-99fd-a9f1848eef60,2026-03-15 15:00:00+00
480900ea-8f27-4cb7-bf27-5b6b6770cf2c,ac3e95a4-4b20-4bd8-8e6f-3e4551c569c0,fd0ad533-d935-4dc2-b330-da17d310959f,2026-03-18 15:00:00+00
5583179a-e988-4288-aa20-e9481d27fb81,426e3f68-e3eb-444e-8975-c06c0075e00c,fd0ad533-d935-4dc2-b330-da17d310959f,2026-03-19 15:00:00+00
766b2b89-1863-495d-8733-3a6af7273b53,a41464be-6cd8-4bf9-add8-5b81107a16e0,e0e21900-8982-4c15-b155-2a12f683d6d9,2026-03-21 16:00:00+00
78eb8d33-b079-4ab5-b037-5482e1867586,19ccb46f-0e6d-4bd7-8d38-ad794397249c,8c5ffe2b-583f-45d1-80ae-8bc0c42bf4ea,2026-03-16 16:00:00+00
97a778e3-c9f2-4148-8ed1-28c8da523ce1,19ccb46f-0e6d-4bd7-8d38-ad794397249c,8c5ffe2b-583f-45d1-80ae-8bc0c42bf4ea,2026-03-26 09:00:00+00
7b875ca6-f09f-4120-b061-93c1db397d20,cbed2d9b-e3ce-420e-88cd-65d78ca34c39,42d09375-3a92-44af-859e-e8a4e09f45b3,2026-03-15 14:00:00+00
f23e0de1-b69f-4858-ba12-69647e20aefc,742f7d7d-139c-4560-be95-891f07f9a8c5,97f1e87c-792a-4a5b-9606-5221bd2ac53c,2026-03-23 18:00:00+00
92ba19a2-bc85-4088-9aa4-c4d905bff8d7,f2df112c-a597-43e7-9419-ad49a3fd8cf1,42d09375-3a92-44af-859e-e8a4e09f45b3,2026-03-24 12:00:00+00
b0ed6f84-53e0-4e7b-9ce7-563e7314d473,ef988c76-6b55-41a1-90e5-cacc349e3a08,a5b2e686-48c5-4f80-8cad-3e03cb45bf32,2026-03-23 16:00:00+00
0438ad60-d8f8-4ee3-9656-3b0d670aae4e,c293d3b1-4ec6-4f9c-b240-66951b034cfe,fd0ad533-d935-4dc2-b330-da17d310959f,2026-03-21 11:00:00+00
c6268937-3dc2-4d5a-a4a6-2e316dd0c1be,b57c04e7-d9a6-460d-b1c4-34e334e16e16,e0e21900-8982-4c15-b155-2a12f683d6d9,2026-03-23 14:00:00+00
71a699af-76bb-4d04-a47e-f4ad308c647e,27540865-aaa0-4c49-860d-fc262dec2b2e,bd8174ca-1fa3-446a-b372-fb0ab85ad87c,2026-03-20 18:00:00+00
a23ad1ce-1311-4fa4-b3f6-f3aa40dd8a81,878fadea-23af-4f58-87ed-46a070606bc5,e0e21900-8982-4c15-b155-2a12f683d6d9,2026-03-24 16:00:00+00
e88a9a23-d66a-49bf-9785-7151aa6423cc,c31b13ed-ac4c-4bb2-8fa5-3907b47310a8,5ded9658-febb-4ef4-b703-1c24eb8814bf,2026-03-15 09:00:00+00
9282c5b2-283e-41d8-a9bd-b4083452bcb5,26c6c082-2f97-4ef5-b1c1-2a1a55cb0f3a,e0e21900-8982-4c15-b155-2a12f683d6d9,2026-03-14 15:00:00+00
aa3d9f8c-ca9b-4beb-81c9-e6050c33abf3,1355a7c7-c155-4c01-bde4-6f568fd8dbb4,bd8174ca-1fa3-446a-b372-fb0ab85ad87c,2026-03-22 16:00:00+00
94b495b3-e21d-4da8-949e-4660f698acfb,22de5625-a044-4491-9e56-da8cafa79ec0,e0e21900-8982-4c15-b155-2a12f683d6d9,2026-03-23 17:00:00+00
b2dc795f-6d9f-42bc-8966-b774023272f3,3d9fd365-32f8-498a-8ed4-6a47924ae7f2,a5b2e686-48c5-4f80-8cad-3e03cb45bf32,2026-03-19 10:00:00+00
7677147c-29e7-4cab-8e6c-7b431ed67f99,742f7d7d-139c-4560-be95-891f07f9a8c5,bd8174ca-1fa3-446a-b372-fb0ab85ad87c,2026-03-18 10:00:00+00
ab599222-c327-4a78-9fc0-0dcd704ec8f3,9283a208-8332-46e2-8d77-b0d36cbfc209,542f51c9-6ad0-42ca-a52f-9f69f72bf381,2026-03-19 13:00:00+00
25015b03-8b96-4b1c-8ef7-afa061e89aa2,e700f243-a7f6-496c-8c13-28ad358a215d,42d09375-3a92-44af-859e-e8a4e09f45b3,2026-03-21 17:00:00+00
84be59c1-de55-4429-9799-443ed46d35ac,132174fa-c732-4ddb-a60d-58ed420bc6c8,fd0ad533-d935-4dc2-b330-da17d310959f,2026-03-15 15:00:00+00
74e41066-f09d-4a3f-b2c3-fe8f7354d7e0,b8ecce1e-90cc-43e8-b0f2-2d03a4333611,c3369d05-51dc-4f33-83fa-638250c49bec,2026-03-17 15:00:00+00
e511fb92-84a5-4b88-a99b-3b743dcfab16,2c1a3d2d-7aaa-44f8-af4b-0eb88a2ff28b,4deb2340-5d89-48d1-b221-9b99cce35922,2026-03-20 12:00:00+00
2a1b212d-49c2-484d-8865-61f8d2d78881,48657c19-2347-495c-825e-dbaaf03084a0,f23e9672-8cfc-403e-99fd-a9f1848eef60,2026-03-24 11:00:00+00
c81dd644-17b0-4e73-a492-ad5653d5c3d8,d9e6c49f-4828-4b18-a649-348e279d9142,f23e9672-8cfc-403e-99fd-a9f1848eef60,2026-03-25 17:00:00+00
2db10c6a-bd39-45c5-87b2-b863df6d2fd7,51b0d19d-210d-42ac-92e0-c1beeeb96ec5,f23e9672-8cfc-403e-99fd-a9f1848eef60,2026-03-28 14:00:00+00
0f86aa4d-3805-4f63-8bd5-acc9938bb8c1,26c6c082-2f97-4ef5-b1c1-2a1a55cb0f3a,e0e21900-8982-4c15-b155-2a12f683d6d9,2026-03-18 12:00:00+00
692ac1ff-59b0-4e15-99dc-3db96c472055,f6c39e34-336f-42ab-b2b4-2e7b87f91f13,fd0ad533-d935-4dc2-b330-da17d310959f,2026-03-20 17:00:00+00
ce4b72b7-64e5-4a08-ae78-1bbe3289eb7d,59633ec9-06ff-4f95-84f1-b9438013e9cf,54c101f5-c21e-4f6e-9123-8a7e7add0f53,2026-03-13 18:00:00+00
402742b8-9e02-4f2e-9475-e7de264530ff,6d399b1a-e459-4f03-9c13-f7f2589675ab,a5b2e686-48c5-4f80-8cad-3e03cb45bf32,2026-03-23 12:00:00+00
0fc234bc-90bd-47ba-8326-2f5614df794c,f81a34e3-e0d7-4d5c-b478-808c087a3859,5ded9658-febb-4ef4-b703-1c24eb8814bf,2026-03-13 12:00:00+00
21685d78-4253-4c44-8bd4-d0885857476a,4935010e-e354-48d3-90f5-a93f88bdcc37,64ed7dff-6373-4012-bb9b-2594dc30bb3d,2026-03-25 12:00:00+00
f4547a7d-9cc7-4e8f-baf7-be162fa28fca,c66d3167-23ce-43ea-9a66-b7236af75279,c3369d05-51dc-4f33-83fa-638250c49bec,2026-03-14 16:00:00+00
e062aa73-0c73-4c66-8aa2-c7bef82ecc9d,428acf49-d539-45ec-ac88-bd9de2dca5ff,5ded9658-febb-4ef4-b703-1c24eb8814bf,2026-03-27 15:00:00+00
40c65c66-6a93-423c-ab14-f8c45a7d999a,62239915-ec25-47b9-b4d5-c2af7e41072c,e5195590-6fca-426a-8fe9-97132edf458e,2026-03-13 11:00:00+00
89de1020-6c2c-48fd-b94e-6eaacc309527,4e467dbf-d947-40ff-ba44-3dd199d242b5,13cbcd91-b47e-400b-9607-f0e3d1bd2877,2026-03-20 16:00:00+00
99696f85-7795-4b88-9cef-f1c814a3b9eb,6b88863a-8c03-4938-adc9-75b625c861bc,42d09375-3a92-44af-859e-e8a4e09f45b3,2026-03-25 11:00:00+00
faca4489-9f19-447b-ad63-ec3db04a7de7,af926477-88bc-46b9-8901-673bc4e0c6c8,bd8174ca-1fa3-446a-b372-fb0ab85ad87c,2026-03-16 09:00:00+00
ef2648fd-f4c7-4f26-94be-63da730bd21e,6fd20115-ac17-4bd6-9e4e-ade17819d44f,13cbcd91-b47e-400b-9607-f0e3d1bd2877,2026-03-17 15:00:00+00
4065fc34-727e-4c28-af3b-c125d39db3ae,45c35909-f594-4e16-8400-71a946064e5a,8c5ffe2b-583f-45d1-80ae-8bc0c42bf4ea,2026-03-20 16:00:00+00
5c71f9eb-983b-4f24-a492-b986570a53a0,e2f0c835-ce2b-421c-bc17-4589c878fa8c,42d09375-3a92-44af-859e-e8a4e09f45b3,2026-03-28 17:00:00+00
014ea1c0-74e8-45d9-9be4-444969544fa0,c46b826d-f3bc-4158-97b1-a19a9996cff9,e0e21900-8982-4c15-b155-2a12f683d6d9,2026-03-19 13:00:00+00
ae3dd730-30ca-4a8e-94e3-08a3afde7ed5,352198ee-66dd-4318-967f-f8dc532262d9,42d09375-3a92-44af-859e-e8a4e09f45b3,2026-03-16 17:00:00+00
7a9fa10e-aa68-4c89-b238-1306447b87c1,77d97a73-086e-4df8-8514-e7f26bee6625,64ed7dff-6373-4012-bb9b-2594dc30bb3d,2026-03-13 18:00:00+00
b5944a0f-d5cd-4036-b323-c28cc43bac5a,499e5f16-e6ba-4646-91f0-d241497812bc,64a87cbe-966d-4325-be35-fb6542235ab1,2026-03-18 12:00:00+00
2f625962-ee3c-403a-87d8-3e7a6064f812,43d41247-2aee-4c74-ac3b-37be7b3404f6,8c5ffe2b-583f-45d1-80ae-8bc0c42bf4ea,2026-03-26 10:00:00+00
9723c53e-ac4b-4a9c-bcaf-73a550d846ff,7b9ec929-9116-49e5-8ba5-aa96481418c2,bd8174ca-1fa3-446a-b372-fb0ab85ad87c,2026-03-24 14:00:00+00
415c92a6-bc8f-41af-ba1f-5c5fb93067c9,426e86e3-146c-45e8-8664-3901feaa316c,97f1e87c-792a-4a5b-9606-5221bd2ac53c,2026-03-26 17:00:00+00
c82e168d-6698-4144-a6b2-64d1b60e7066,179b67ee-3487-490f-8152-b90c0bdbecc3,64a87cbe-966d-4325-be35-fb6542235ab1,2026-03-15 16:00:00+00
b1292d73-3a3f-438b-8449-7a507376df0c,38fc0b77-701a-4227-ace7-3c0e7ce6d11c,98351dbc-dfa2-489a-9745-5e7030619fd5,2026-03-26 18:00:00+00
b5aff5a4-4903-4855-a25d-b3cdbd3780ba,49f45dd7-3a4c-4d9f-b0fd-e2bed76ded71,42d09375-3a92-44af-859e-e8a4e09f45b3,2026-03-18 09:00:00+00
b0417d2c-4067-4e2c-95bd-ffcd82149b14,2c1a3d2d-7aaa-44f8-af4b-0eb88a2ff28b,64ed7dff-6373-4012-bb9b-2594dc30bb3d,2026-03-26 18:00:00+00
1e28e375-feca-4e54-96e6-d69d38eb1c34,ea3b32a3-eec0-47ff-9f69-f1d00a9cfa8c,42d09375-3a92-44af-859e-e8a4e09f45b3,2026-03-16 13:00:00+00
a4fb6ca2-d402-4e27-8252-d2a7a7625022,0e10f179-afcc-430c-af8e-7c87e3604f83,a5b2e686-48c5-4f80-8cad-3e03cb45bf32,2026-03-20 15:00:00+00
4ee8be90-653a-4d5e-b3e1-5220ef03f1c4,e4e04f63-81d6-4a5a-9507-2697fdf21db5,4b7a1347-ea43-4cb2-9ca0-25adc58026e7,2026-03-22 12:00:00+00
f0285ef6-5ec6-44e9-b5ff-2788c21c8296,45c35909-f594-4e16-8400-71a946064e5a,f23e9672-8cfc-403e-99fd-a9f1848eef60,2026-03-20 11:00:00+00
16286540-7fcc-4b09-9d6d-b6d30ccee526,88db99f7-2159-405b-af50-314259e6f3a5,4b7a1347-ea43-4cb2-9ca0-25adc58026e7,2026-03-19 10:00:00+00
56bfa9f6-6947-499b-976f-cc3e8f9db09b,09268899-87f9-44aa-8a63-53fb6c60b2b8,5ded9658-febb-4ef4-b703-1c24eb8814bf,2026-03-25 18:00:00+00
48579770-c4db-47a8-b7d9-c776e4c26389,43d41247-2aee-4c74-ac3b-37be7b3404f6,4262afba-df16-4273-9a48-73d41c1c631a,2026-03-17 12:00:00+00
73cc2786-926f-4f82-aee7-f8b4df73d7d3,eb47550c-5bb1-42ca-a792-41dd75d8c786,f23e9672-8cfc-403e-99fd-a9f1848eef60,2026-03-24 09:00:00+00
33adb332-b5be-4528-862e-6dd73c751da0,f30b60e5-b25f-4f5b-a972-8f343b7ad782,42d09375-3a92-44af-859e-e8a4e09f45b3,2026-03-24 12:00:00+00
747dd76e-b102-46a5-a3a0-78d9ba2c8fbf,94ea43d3-2754-4e91-bd34-9576c941098d,4262afba-df16-4273-9a48-73d41c1c631a,2026-03-20 12:00:00+00
1d26dc15-ce43-4f9e-9048-e5c58800c653,c03905aa-439a-4ea2-88e7-642b4464fa7f,64a87cbe-966d-4325-be35-fb6542235ab1,2026-03-21 10:00:00+00
19876102-ad7b-412e-91dc-d9c4b1561a51,e0e55d1f-0fbb-4f70-9731-aa61631a7619,a5b2e686-48c5-4f80-8cad-3e03cb45bf32,2026-03-27 10:00:00+00
f082e073-6043-4c9f-9aee-9dc37403f1f5,428acf49-d539-45ec-ac88-bd9de2dca5ff,fd0ad533-d935-4dc2-b330-da17d310959f,2026-03-18 18:00:00+00
4739fceb-2408-403e-84a6-f60c573085ce,b29ad5d4-0aa1-4aad-b721-603b0889c479,97f1e87c-792a-4a5b-9606-5221bd2ac53c,2026-03-14 09:00:00+00
7feac1ab-4f56-41d7-961d-d3d597a4dcbe,495d1856-ae2c-410a-948d-513980eea4bb,bd8174ca-1fa3-446a-b372-fb0ab85ad87c,2026-03-22 14:00:00+00
1564c352-125f-4b8e-bde9-53e13e0c0a1d,8e62814c-526d-4ce9-a6d2-df25109e1132,e0e21900-8982-4c15-b155-2a12f683d6d9,2026-03-23 10:00:00+00
3005495d-9b45-41d5-b311-4285571bd224,d36f0747-4271-460f-8982-19a4819951b9,bd8174ca-1fa3-446a-b372-fb0ab85ad87c,2026-03-24 14:00:00+00
453f0792-d084-49cc-ae98-ec481b0e9a19,7bdf5069-1fbc-4234-b1a2-a6c3520c4a3c,bd8174ca-1fa3-446a-b372-fb0ab85ad87c,2026-03-26 16:00:00+00
9c8cf1f1-92a0-4fe1-8548-1b5733ef4954,e4af2d47-535e-4aa8-a02b-d5773de2654b,542f51c9-6ad0-42ca-a52f-9f69f72bf381,2026-03-19 10:00:00+00
ada3b7ef-bcf8-49b1-bd2b-284a51de6e9f,4f59f33c-ec7a-4adb-9e38-e7b26e3d30f7,4262afba-df16-4273-9a48-73d41c1c631a,2026-03-19 09:00:00+00
bbdb2440-4fcf-4b3e-82be-03037bafd9eb,ddbee405-3f8c-4ae6-b3cb-d569dbf39227,c3369d05-51dc-4f33-83fa-638250c49bec,2026-03-16 16:00:00+00
94862be2-ec8f-4c05-ae87-5c3313e2e4dd,df8966d1-67c8-40e4-8098-6fedcb438293,c3369d05-51dc-4f33-83fa-638250c49bec,2026-03-15 10:00:00+00
c8ca925d-bc20-428b-8fc5-f6085f915831,89b6d6d6-8f2c-4bbc-a136-7fde367ea32c,e0e21900-8982-4c15-b155-2a12f683d6d9,2026-03-16 15:00:00+00
4b36108a-23aa-44f1-b9b2-20c2ec05d888,38a8e9c2-2364-46d7-bc67-d36cb0ab13fb,8c5ffe2b-583f-45d1-80ae-8bc0c42bf4ea,2026-03-16 11:00:00+00
f1b6ed0c-81f3-405b-8a9b-d1fae75597a2,1ffb9f99-4c7d-4b75-ae70-61521f1fb9a7,f23e9672-8cfc-403e-99fd-a9f1848eef60,2026-03-14 10:00:00+00
22e24112-6803-4796-9302-268dc7517bd3,e26143c6-3adf-4201-a8da-49ad490ad77e,5ded9658-febb-4ef4-b703-1c24eb8814bf,2026-03-19 14:00:00+00
e0ee4462-cc01-4277-b07c-6f753ec6d8b2,c750922a-1f48-4b60-a864-7bae5aa25187,4deb2340-5d89-48d1-b221-9b99cce35922,2026-03-23 15:00:00+00
afffa5ef-ab9e-4763-9170-0d0d1b770939,1124ad69-800c-4e31-a45d-7b219d46e676,bd8174ca-1fa3-446a-b372-fb0ab85ad87c,2026-03-18 14:00:00+00
7cd50878-9034-4cf2-8f4f-265951979e8c,1124ad69-800c-4e31-a45d-7b219d46e676,e5195590-6fca-426a-8fe9-97132edf458e,2026-03-23 17:00:00+00
3b09f78e-17a9-40c0-9ec0-ecb498bf979b,24c996fe-d746-4299-b32b-380f6daee7ea,97f1e87c-792a-4a5b-9606-5221bd2ac53c,2026-03-22 18:00:00+00
f3b40ce1-6cbe-4206-a5a3-e206b65a5215,6d57b99a-5bc5-46ae-aee4-65e77e712f35,54c101f5-c21e-4f6e-9123-8a7e7add0f53,2026-03-25 10:00:00+00
ef2f9f79-70dc-4ca5-8cc7-25ef6592bebc,fbf7a6cf-160e-471e-9154-814666e4275d,e5195590-6fca-426a-8fe9-97132edf458e,2026-03-15 09:00:00+00
6b629cdc-6e0a-45e5-9f94-41604756b011,3cc783e8-0dcf-4007-af61-6f38e2c467fd,e5195590-6fca-426a-8fe9-97132edf458e,2026-03-18 16:00:00+00
06fce5d6-096f-4b0d-890d-67b2ad7be6b6,a5674600-02fc-4ee2-a534-ebffca2035c7,bd8174ca-1fa3-446a-b372-fb0ab85ad87c,2026-03-16 13:00:00+00
255dbffd-3cc7-43d4-bdb4-b54c190b8b15,b161e856-35b4-414b-8c26-4b9db77c07c8,8c5ffe2b-583f-45d1-80ae-8bc0c42bf4ea,2026-03-14 11:00:00+00
201a8a31-df65-4991-bc31-8b00c8f3bd12,bd6983cd-8c18-4f75-9a39-8f0f77f25806,8c5ffe2b-583f-45d1-80ae-8bc0c42bf4ea,2026-03-22 16:00:00+00
404aa7ea-f5b5-4c95-892b-66e27b54cc6c,027f240a-3e29-4ac0-a1a8-710fee7baac6,542f51c9-6ad0-42ca-a52f-9f69f72bf381,2026-03-25 15:00:00+00
f918c2b6-3bb9-403a-ac1a-9ef46320bf7f,2af85e44-9ff9-4fef-83bf-de7530a6c869,4b7a1347-ea43-4cb2-9ca0-25adc58026e7,2026-03-23 10:00:00+00
c78cbe9f-ebfa-4142-9699-3d2f7fa6c0db,77d97a73-086e-4df8-8514-e7f26bee6625,54c101f5-c21e-4f6e-9123-8a7e7add0f53,2026-03-19 15:00:00+00
a1a396cd-9df8-4f1e-804d-da16fc63ed7e,fe409ded-b88a-4cf0-91c7-55e2abaf0d7a,f23e9672-8cfc-403e-99fd-a9f1848eef60,2026-03-26 11:00:00+00
6ff25ae6-1e85-49de-b04d-2775a729c37d,6d57b99a-5bc5-46ae-aee4-65e77e712f35,e5195590-6fca-426a-8fe9-97132edf458e,2026-03-16 11:00:00+00
f86478fe-2836-4d27-bcb4-7d4bc84d69c1,c034f8bf-e0fc-47a3-ac94-2a8c6b4e897d,a5b2e686-48c5-4f80-8cad-3e03cb45bf32,2026-03-19 14:00:00+00
d1ff1d0b-86f8-4b1f-afe7-b8193945d319,35c37ff8-7e75-4220-af7c-33f0d6164c43,e5195590-6fca-426a-8fe9-97132edf458e,2026-03-14 17:00:00+00
b5c8d0a1-cb49-4ebb-8961-3ed3c0c6cbcf,51b0d19d-210d-42ac-92e0-c1beeeb96ec5,5ded9658-febb-4ef4-b703-1c24eb8814bf,2026-03-24 09:00:00+00
c9e80c0d-aefc-40a9-b152-2897e869ee45,989f077c-4b75-4998-9914-145aeb2a8531,bb97de74-6b2c-4ddb-b6fa-b2fc134d2548,2026-03-24 09:00:00+00
cd36ad27-354f-46c3-9a04-8b425fbf034f,8bb74338-1e5f-4856-a403-920f00262ffd,64ed7dff-6373-4012-bb9b-2594dc30bb3d,2026-03-27 16:00:00+00
bcacd4f6-30a0-4867-a681-b970063ae8a4,eabbbeab-b630-40fc-b414-b77f7244b90a,a5b2e686-48c5-4f80-8cad-3e03cb45bf32,2026-03-17 12:00:00+00
dec3c052-4967-4a67-a324-7798a81d92c1,26c6c082-2f97-4ef5-b1c1-2a1a55cb0f3a,c3369d05-51dc-4f33-83fa-638250c49bec,2026-03-14 17:00:00+00
4b92b260-3797-43a3-8c7e-8e090c0d0905,27540865-aaa0-4c49-860d-fc262dec2b2e,f23e9672-8cfc-403e-99fd-a9f1848eef60,2026-03-27 11:00:00+00
229521e8-85c9-4282-a0d5-eb9db788cf82,53863bde-95c9-405d-ad5f-fd8773f1428e,e0e21900-8982-4c15-b155-2a12f683d6d9,2026-03-24 10:00:00+00
328684e4-4b37-455e-8a51-956215a0caeb,f1d64049-84cc-4f75-8aca-bf5465854a96,a5b2e686-48c5-4f80-8cad-3e03cb45bf32,2026-03-24 09:00:00+00
ff302332-00e5-4904-8fa7-be90ab823bc8,89963218-7750-4ee8-acf5-18336e8104c7,42d09375-3a92-44af-859e-e8a4e09f45b3,2026-03-22 15:00:00+00
2140b15d-6c8c-4570-914e-295ee6e0de82,52489b31-bb80-406d-a330-92f66fad186f,42d09375-3a92-44af-859e-e8a4e09f45b3,2026-03-21 16:00:00+00
8e344f57-1324-40b9-9d26-1a48b57a864c,3b51a7d6-d2c0-4bdd-b46c-cc2455f41839,bd8174ca-1fa3-446a-b372-fb0ab85ad87c,2026-03-17 16:00:00+00
1eaf4c3c-f4c2-45bc-aa3e-b6485c97f0f4,e725b2a8-b0d7-4159-9c1a-7395aead7836,e0e21900-8982-4c15-b155-2a12f683d6d9,2026-03-28 12:00:00+00
6f76456a-90d2-4b34-91f3-dfafc8e4d6ac,c9672db7-c74b-424e-b131-54c3f3426185,64a87cbe-966d-4325-be35-fb6542235ab1,2026-03-24 14:00:00+00
54f0683a-e7bb-433e-8f32-dcfab1ea89b3,3059dd5f-0285-450b-82f4-1fa418289b58,2d2fd71e-f7db-43e2-a59e-be7c09845ba8,2026-03-21 11:00:00+00
571d77d4-e116-4d2c-a1a9-85b5f5a1bbc2,3b47b00e-81a0-4b6a-bfdf-5382247b23a8,97f1e87c-792a-4a5b-9606-5221bd2ac53c,2026-03-14 10:00:00+00
d9c01967-a98d-4d54-a781-6daabb17e478,6e46d3f8-dc5a-4ce8-8a82-49b420cedc94,e0e21900-8982-4c15-b155-2a12f683d6d9,2026-03-18 16:00:00+00
f0fd0173-5aa9-4edc-81d8-5363b824add8,91be28a7-872d-4f19-96a0-85278e3494ac,f23e9672-8cfc-403e-99fd-a9f1848eef60,2026-03-22 12:00:00+00
953afb8d-4984-414b-ab8e-515f931ee58c,71bf25c5-1679-447c-afa4-db21a5c7ea79,e5195590-6fca-426a-8fe9-97132edf458e,2026-03-21 15:00:00+00
e191e51f-c871-4cf5-bcff-c151e6598e8c,c7cc0e38-5e06-49cc-9583-450265650c3a,8c5ffe2b-583f-45d1-80ae-8bc0c42bf4ea,2026-03-14 15:00:00+00
d534642e-0191-4730-82a3-bf8e43e1777c,c03905aa-439a-4ea2-88e7-642b4464fa7f,4deb2340-5d89-48d1-b221-9b99cce35922,2026-03-18 18:00:00+00
d03f7db0-db70-4d10-a0b5-fde0485b3648,e2f0c835-ce2b-421c-bc17-4589c878fa8c,fd0ad533-d935-4dc2-b330-da17d310959f,2026-03-25 11:00:00+00
f1a21dd6-837c-46a5-a690-98fb97348e14,0e10f179-afcc-430c-af8e-7c87e3604f83,c3369d05-51dc-4f33-83fa-638250c49bec,2026-03-15 16:00:00+00
6cadf96c-6c66-4282-b31b-a1bd2a20cff5,e9b2efe5-fc39-4c68-b7e9-92024c2064a2,542f51c9-6ad0-42ca-a52f-9f69f72bf381,2026-03-21 10:00:00+00
e688466b-e348-42b9-96b4-53f77b01991b,ceeec536-bfe0-425e-8f03-b0ea3bb04a9c,64a87cbe-966d-4325-be35-fb6542235ab1,2026-03-28 09:00:00+00
45298245-731a-48e4-824e-50560059727b,a75ec81d-b74a-4c20-8696-6354ff23b945,bd8174ca-1fa3-446a-b372-fb0ab85ad87c,2026-03-16 13:00:00+00
d922d8c9-70ff-41a2-8a13-5b2826f02e7c,2245e4ce-4868-4493-a9c4-6451303b566d,64ed7dff-6373-4012-bb9b-2594dc30bb3d,2026-03-24 09:00:00+00
df72ea49-da0f-4352-b506-ead533012c1f,12bb176c-92fa-4087-a2b3-1e746a5f4a41,e0e21900-8982-4c15-b155-2a12f683d6d9,2026-03-22 09:00:00+00
c849be2e-b472-4198-8ed2-d3a8d6662419,2245e4ce-4868-4493-a9c4-6451303b566d,4b7a1347-ea43-4cb2-9ca0-25adc58026e7,2026-03-21 15:00:00+00
378fb99c-ff3e-4e20-b635-46f6b69d10b9,ac3e95a4-4b20-4bd8-8e6f-3e4551c569c0,a5b2e686-48c5-4f80-8cad-3e03cb45bf32,2026-03-15 14:00:00+00
8bcfffb0-294a-422a-8135-43769ed80ea8,3d93c110-9bbe-4850-a7d9-f03a14e731fc,5ded9658-febb-4ef4-b703-1c24eb8814bf,2026-03-20 15:00:00+00
25ed4472-4fbc-4ba9-9a63-d15cf9a8c252,b4d106d3-764f-4de1-b48d-0ab2ccff060a,5ded9658-febb-4ef4-b703-1c24eb8814bf,2026-03-23 11:00:00+00
b4242d92-945e-4feb-9e27-7f0fdc461853,e6ac1a57-b686-48e4-813f-b871edcb41d0,64ed7dff-6373-4012-bb9b-2594dc30bb3d,2026-03-18 17:00:00+00
410bc35a-2f62-4079-a67d-53a273958a5f,f55fd040-1935-4d9f-aa6f-c27ca4e2d0d3,e0e21900-8982-4c15-b155-2a12f683d6d9,2026-03-26 17:00:00+00
562509b7-596e-47a0-97cb-7915f74a68f0,6aa6b875-b7b2-4588-b756-233e61081026,a5b2e686-48c5-4f80-8cad-3e03cb45bf32,2026-03-21 11:00:00+00
645284f1-3346-4af1-9c7a-f92bb51192a1,921a7068-5872-4756-b38b-21a2083e46ef,64ed7dff-6373-4012-bb9b-2594dc30bb3d,2026-03-13 16:00:00+00
5ebc56ec-0c7e-49e6-bf3e-74550f6c1022,6f3641f3-d53f-4639-ad55-13c9047d121e,4262afba-df16-4273-9a48-73d41c1c631a,2026-03-16 16:00:00+00
eed99283-f70c-4743-beec-880a381926a1,eb45e3e4-505d-4db4-b9c7-adef36a9ec2f,64a87cbe-966d-4325-be35-fb6542235ab1,2026-03-14 15:00:00+00
da7f7466-9957-4995-8f27-90193c9934e0,e2f0c835-ce2b-421c-bc17-4589c878fa8c,f23e9672-8cfc-403e-99fd-a9f1848eef60,2026-03-27 18:00:00+00
44c47fb2-bcf6-4318-9e97-3e3e73aac033,c906e597-f09b-4a7b-8e79-291d3921bb2f,c3369d05-51dc-4f33-83fa-638250c49bec,2026-03-13 10:00:00+00
72a4d9af-13fc-4811-915d-3749095843b1,df8966d1-67c8-40e4-8098-6fedcb438293,bd8174ca-1fa3-446a-b372-fb0ab85ad87c,2026-03-22 16:00:00+00
d74a740b-7ac2-4020-beee-f391dfac1b57,ef988c76-6b55-41a1-90e5-cacc349e3a08,64a87cbe-966d-4325-be35-fb6542235ab1,2026-03-26 14:00:00+00
7371654a-9ec1-4e1a-be9a-998ca5432d77,d35a8941-0da6-4bf3-ac24-748de1874163,d64f9cb2-15b6-4bf1-8d2d-7e1bf13a563c,2026-03-15 16:00:00+00
8dc12498-69a3-45a3-babe-fcc17ddee831,0674ef1b-dba5-4d38-82a8-f24747c3548e,13cbcd91-b47e-400b-9607-f0e3d1bd2877,2026-03-28 14:00:00+00
711a327b-21e1-4672-907c-871f38420c7f,eabbbeab-b630-40fc-b414-b77f7244b90a,bd8174ca-1fa3-446a-b372-fb0ab85ad87c,2026-03-27 09:00:00+00
6a4cf619-4bcc-4502-9115-c71ed80490a4,ddbee405-3f8c-4ae6-b3cb-d569dbf39227,42d09375-3a92-44af-859e-e8a4e09f45b3,2026-03-13 09:00:00+00
c21fe7ba-7b1c-4b57-9011-4fdc5f01da8b,43d41247-2aee-4c74-ac3b-37be7b3404f6,98351dbc-dfa2-489a-9745-5e7030619fd5,2026-03-18 13:00:00+00
a2ee096b-26b9-47c4-bb75-04be0c60aa78,c906e597-f09b-4a7b-8e79-291d3921bb2f,c3369d05-51dc-4f33-83fa-638250c49bec,2026-03-20 18:00:00+00
93b8be3a-da25-48ff-8c49-6ccd0d9b248a,d35a8941-0da6-4bf3-ac24-748de1874163,9a760b1c-6bba-44fb-8f6e-7a967f31e0ba,2026-03-25 15:00:00+00
0f6d464a-d749-4434-b5dc-1effcf71bc52,c46b826d-f3bc-4158-97b1-a19a9996cff9,bd8174ca-1fa3-446a-b372-fb0ab85ad87c,2026-03-28 10:00:00+00
08bf0afc-5be0-4a3f-a469-4b2c0447b850,21fce4a1-6586-443a-bb5f-24a146baaa37,4deb2340-5d89-48d1-b221-9b99cce35922,2026-03-17 15:00:00+00
80e876a3-239d-442f-af3e-24bb1b72a8ec,d8d9573e-2946-4b7c-a428-10382a7bb2ad,c3369d05-51dc-4f33-83fa-638250c49bec,2026-03-19 18:00:00+00
60102587-d08e-4b13-a05b-bca6bcad00c2,e8c2daea-f8ad-4c3a-a79c-e25f6845f30b,bb97de74-6b2c-4ddb-b6fa-b2fc134d2548,2026-03-27 18:00:00+00
52ca1df5-c998-4441-b72a-c05dc9b2a490,7bdf5069-1fbc-4234-b1a2-a6c3520c4a3c,e0e21900-8982-4c15-b155-2a12f683d6d9,2026-03-19 17:00:00+00
2215a63d-8baf-4476-a05c-f6decfa3f36c,c06eaee3-78ee-4a32-9892-1a9f2fbb60bb,e0e21900-8982-4c15-b155-2a12f683d6d9,2026-03-14 12:00:00+00
99c0aea3-486a-4b98-a73f-dd40931f837e,161620e5-266a-4216-8307-70a9b36a4020,a5b2e686-48c5-4f80-8cad-3e03cb45bf32,2026-03-20 16:00:00+00
2e139fd3-419b-4975-9f3b-9dc0ef3452a8,ea46f340-5ae0-4629-a669-5ac3c2b3eef6,bd8174ca-1fa3-446a-b372-fb0ab85ad87c,2026-03-22 11:00:00+00
59d2c570-9207-45c1-98a4-607f08b7416c,94ea43d3-2754-4e91-bd34-9576c941098d,4262afba-df16-4273-9a48-73d41c1c631a,2026-03-20 13:00:00+00
eba0ad13-9588-40ef-9b4b-6e6c751da804,616c7af7-b31e-4d6d-a1f3-557bf59f52ad,c3369d05-51dc-4f33-83fa-638250c49bec,2026-03-18 14:00:00+00
b5890581-0b04-42f1-8117-3408d0b9e16e,f30b60e5-b25f-4f5b-a972-8f343b7ad782,e0e21900-8982-4c15-b155-2a12f683d6d9,2026-03-14 18:00:00+00
56235992-e7e0-4733-9903-38c3dd9d4f8c,2c1a3d2d-7aaa-44f8-af4b-0eb88a2ff28b,42d09375-3a92-44af-859e-e8a4e09f45b3,2026-03-19 11:00:00+00
ed92399d-2f6b-4130-ba27-27dcc4ef7382,df8966d1-67c8-40e4-8098-6fedcb438293,c3369d05-51dc-4f33-83fa-638250c49bec,2026-03-28 16:00:00+00
04e71a66-20cb-4b77-845e-75a5700a28c9,914ac985-071c-41a1-8b5d-17d3acfcafc7,4b7a1347-ea43-4cb2-9ca0-25adc58026e7,2026-03-19 11:00:00+00
b4b61491-4462-4c97-8f09-f9e2ffda7799,3cc783e8-0dcf-4007-af61-6f38e2c467fd,542f51c9-6ad0-42ca-a52f-9f69f72bf381,2026-03-17 17:00:00+00
37e8bae0-e762-4727-a81d-9aee11ef02d4,3b47b00e-81a0-4b6a-bfdf-5382247b23a8,a5b2e686-48c5-4f80-8cad-3e03cb45bf32,2026-03-21 13:00:00+00
41b0f182-15f1-4b5b-8b1e-0e5ef144e9c2,af1806a5-beab-4ade-9b17-fda14b931432,a5b2e686-48c5-4f80-8cad-3e03cb45bf32,2026-03-20 17:00:00+00
1f1acb73-147a-4742-9ea7-f456e2cfdcee,d513073f-f3e7-495b-9ca8-c33a463a599c,42d09375-3a92-44af-859e-e8a4e09f45b3,2026-03-26 14:00:00+00
d20805c0-f05e-4f22-8c8e-d7b055f90b69,df71f24f-fa8e-45d6-ae68-c7ee0bd1f52f,13cbcd91-b47e-400b-9607-f0e3d1bd2877,2026-03-25 13:00:00+00
62898c50-a7da-4237-95bf-e9aa3a053266,749c1041-1b9a-4849-8736-e625a698b968,64a87cbe-966d-4325-be35-fb6542235ab1,2026-03-24 10:00:00+00
b4005daa-92a9-48ab-b277-0335a1eb241f,e26143c6-3adf-4201-a8da-49ad490ad77e,e5195590-6fca-426a-8fe9-97132edf458e,2026-03-26 18:00:00+00
3cf56ef6-a986-4726-9554-e57ca81d06b0,1355a7c7-c155-4c01-bde4-6f568fd8dbb4,bb97de74-6b2c-4ddb-b6fa-b2fc134d2548,2026-03-13 12:00:00+00
26e00c52-7546-4389-bd64-21047b32417b,af1806a5-beab-4ade-9b17-fda14b931432,f23e9672-8cfc-403e-99fd-a9f1848eef60,2026-03-20 12:00:00+00
36669504-b921-4b36-9295-448dd6645254,b69ad41e-6b0a-43be-a41a-e82e5b56d16d,d64f9cb2-15b6-4bf1-8d2d-7e1bf13a563c,2026-03-17 12:00:00+00
79acd80e-a6d4-4fc7-a564-14d6f7db6f4a,4ac161b2-aa19-4f14-9149-4ff21ea6df83,13cbcd91-b47e-400b-9607-f0e3d1bd2877,2026-03-16 17:00:00+00
ef05a199-79a7-47a5-863d-4d157dfc6038,0e10f179-afcc-430c-af8e-7c87e3604f83,54c101f5-c21e-4f6e-9123-8a7e7add0f53,2026-03-15 11:00:00+00
d2b5427d-180f-41f3-a59c-84abf6f1164f,21fce4a1-6586-443a-bb5f-24a146baaa37,e0e21900-8982-4c15-b155-2a12f683d6d9,2026-03-21 09:00:00+00
93b2f4a8-4a1d-47b6-a740-b5a38749aa37,7163ab7e-705d-455c-931a-51babd826f9d,bd8174ca-1fa3-446a-b372-fb0ab85ad87c,2026-03-17 17:00:00+00
2c3af084-d109-4b5d-b59b-563c7a409c84,9ee87649-9f68-4fcf-972f-cfa20f0d83d2,2d2fd71e-f7db-43e2-a59e-be7c09845ba8,2026-03-23 12:00:00+00
c65c90bf-5884-4b5a-b3d6-be58ecb6c331,5589da8d-bc20-49ad-a1fc-4ecab8048fbd,4262afba-df16-4273-9a48-73d41c1c631a,2026-03-14 18:00:00+00
b4d7e8a0-cb46-47c2-9df2-b62941bad007,a245a517-0416-4b2e-84f9-5ad8d2670eb8,ec172928-8cff-4a66-afa9-a8b99e4e126b,2026-03-13 17:00:00+00
0c311034-b9a6-4a23-aeb0-185c364da39a,01e07a57-8dc3-48c0-ad1d-194dcf7c163f,4b7a1347-ea43-4cb2-9ca0-25adc58026e7,2026-03-23 11:00:00+00
f2086ae2-96b6-48d8-ba14-33282c4ae98a,4367d0d6-dfd0-4b43-b9da-4bd030e65a5b,8c5ffe2b-583f-45d1-80ae-8bc0c42bf4ea,2026-03-14 09:00:00+00
5af2473b-4e08-452c-9df8-fe99bf43cac3,e2f0c835-ce2b-421c-bc17-4589c878fa8c,f23e9672-8cfc-403e-99fd-a9f1848eef60,2026-03-27 14:00:00+00
84a008f8-368c-47d0-9b0b-00acfb8403ad,c182a12b-a193-4280-b6b8-4ce3a6435f95,97f1e87c-792a-4a5b-9606-5221bd2ac53c,2026-03-20 10:00:00+00
39b0fd4f-6386-4b0f-ae0b-98fe643cf6a5,1ce558fb-0578-4ad5-b5dc-92c5de88832d,2d2fd71e-f7db-43e2-a59e-be7c09845ba8,2026-03-24 09:00:00+00
06d2f45f-2087-4084-a41f-364478cb858c,c7fd26c2-15a2-4b30-9a50-363efcec68a9,e0e21900-8982-4c15-b155-2a12f683d6d9,2026-03-22 13:00:00+00
f6744430-39a1-45d8-a654-27cd09b01125,38fc0b77-701a-4227-ace7-3c0e7ce6d11c,4b7a1347-ea43-4cb2-9ca0-25adc58026e7,2026-03-15 13:00:00+00
a34819da-459a-48c2-b299-48492a16970a,cb75249f-ece6-48f8-b0e7-0f9460fe11ed,4deb2340-5d89-48d1-b221-9b99cce35922,2026-03-27 09:00:00+00
32b55006-ab10-4f04-940f-5c2e4d581629,a5a1cfdd-707e-4ddc-abd6-e1e73dd3302d,4b7a1347-ea43-4cb2-9ca0-25adc58026e7,2026-03-26 14:00:00+00
b08955bc-9391-4b09-b02a-7fc50d7642e8,642aef68-84f7-4a98-9e9e-5ff30559da65,e5195590-6fca-426a-8fe9-97132edf458e,2026-03-25 14:00:00+00
fb7d260c-e473-4425-8be8-6aca90733781,749c1041-1b9a-4849-8736-e625a698b968,42d09375-3a92-44af-859e-e8a4e09f45b3,2026-03-16 18:00:00+00
5c19f6c0-d41b-4d00-a41a-f1bd84dd1e7f,fe4d910c-04e3-4a79-b0b0-b7dd8abb8ba8,4b7a1347-ea43-4cb2-9ca0-25adc58026e7,2026-03-15 11:00:00+00
6fbb4473-42e3-445e-b4fa-3fc195b68b9a,29899c65-faa2-4bcc-9251-919460b7cc9b,f23e9672-8cfc-403e-99fd-a9f1848eef60,2026-03-21 10:00:00+00
55c1e724-23ce-420f-8e21-698d6529b4bf,7b11e310-c609-4268-aa48-1240179e9d1e,2d2fd71e-f7db-43e2-a59e-be7c09845ba8,2026-03-18 09:00:00+00
e27387a4-a17e-4e5b-9190-09bd6a77fb42,94ea43d3-2754-4e91-bd34-9576c941098d,542f51c9-6ad0-42ca-a52f-9f69f72bf381,2026-03-27 18:00:00+00
a54cf734-e580-4f84-937a-48c8eb5a3bb2,8bb74338-1e5f-4856-a403-920f00262ffd,4deb2340-5d89-48d1-b221-9b99cce35922,2026-03-18 13:00:00+00
a7a10eb6-29ff-406b-8584-4414eec399fa,cc0dd2b7-4f5e-4902-acea-8ae1900de0ea,4deb2340-5d89-48d1-b221-9b99cce35922,2026-03-15 16:00:00+00
d58b93a7-dfc9-4e0e-b5a9-b586b6289133,428acf49-d539-45ec-ac88-bd9de2dca5ff,bd8174ca-1fa3-446a-b372-fb0ab85ad87c,2026-03-28 12:00:00+00
a81a9c28-c465-4b69-9b46-f93ad8796a50,490bdf4e-2eb3-41e4-8229-a0d8103ccf88,5ded9658-febb-4ef4-b703-1c24eb8814bf,2026-03-13 11:00:00+00
dadf68cd-d398-47fa-8c6c-c336691fa784,7ff62e10-fd33-4d9a-8175-562d963b301a,8c5ffe2b-583f-45d1-80ae-8bc0c42bf4ea,2026-03-16 15:00:00+00
4b8fbd85-69f2-4490-b06f-b8548a10f447,6e8b0bc3-fd27-4d01-a13c-14a9a6aa03bb,fd0ad533-d935-4dc2-b330-da17d310959f,2026-03-16 13:00:00+00
a98362b5-11c4-4e54-a867-51fda7ec09df,fd0075c6-adc4-42ee-a128-fedbf22a6746,bd8174ca-1fa3-446a-b372-fb0ab85ad87c,2026-03-27 18:00:00+00
0c6ec9c3-2b44-4dc3-9498-a120fd0e8f07,c0b313d8-2e1b-463e-b226-8785aa2f70a3,64ed7dff-6373-4012-bb9b-2594dc30bb3d,2026-03-20 14:00:00+00
a936dc9a-189c-442f-8faa-5bae9d0181c2,641f75ab-3d99-4832-88f9-a7ce552cc967,e0e21900-8982-4c15-b155-2a12f683d6d9,2026-03-17 11:00:00+00
35bea676-4f59-4c8d-a70d-a4e4b6aa653e,bd159b3c-bbb6-406f-a21a-b2bf9554f861,8c5ffe2b-583f-45d1-80ae-8bc0c42bf4ea,2026-03-15 11:00:00+00
37db967c-cc75-4d1a-bbd8-4804c6f512f9,27147332-d8ad-4631-a134-2c386a2b7c46,e0e21900-8982-4c15-b155-2a12f683d6d9,2026-03-13 17:00:00+00
12ea5309-27b2-4c1c-bf53-5cf62872d0d9,1ffb9f99-4c7d-4b75-ae70-61521f1fb9a7,42d09375-3a92-44af-859e-e8a4e09f45b3,2026-03-20 09:00:00+00
799ac069-5cfb-48ab-93c0-f3aa8c7bb32c,8f228fb1-796a-44f7-a034-5da79f12f7d4,bb97de74-6b2c-4ddb-b6fa-b2fc134d2548,2026-03-21 09:00:00+00
c8763bf7-349d-45a0-8bca-57ee5daec691,921a7068-5872-4756-b38b-21a2083e46ef,a5b2e686-48c5-4f80-8cad-3e03cb45bf32,2026-03-14 09:00:00+00
a96245ec-d5ba-4a0e-83f6-d39274ce41c2,ea3bde77-6d81-45e8-b16d-6c9bd76dec9b,97f1e87c-792a-4a5b-9606-5221bd2ac53c,2026-03-13 10:00:00+00
a6b2b1a2-075a-4202-bb94-318e39708bd0,baf1bf94-1900-4af0-b43e-d0cbc2db3fc8,4b7a1347-ea43-4cb2-9ca0-25adc58026e7,2026-03-14 18:00:00+00
33133131-9b85-43b0-ae7f-17bdb7096fa2,352198ee-66dd-4318-967f-f8dc532262d9,4deb2340-5d89-48d1-b221-9b99cce35922,2026-03-13 14:00:00+00
224389a1-7893-4ab1-b102-b74c81379af8,b161e856-35b4-414b-8c26-4b9db77c07c8,e5195590-6fca-426a-8fe9-97132edf458e,2026-03-17 13:00:00+00
900e8efe-a027-45f9-b952-397bcb563ce0,e81d17d3-b069-4df3-bfa4-dae5b0f5dd83,fd0ad533-d935-4dc2-b330-da17d310959f,2026-03-21 16:00:00+00
48152ff6-1111-4a66-a74a-099020dc071a,c182a12b-a193-4280-b6b8-4ce3a6435f95,e0e21900-8982-4c15-b155-2a12f683d6d9,2026-03-15 12:00:00+00
66db0244-05a6-4ca4-9b5a-847b43bee2bb,94ea43d3-2754-4e91-bd34-9576c941098d,8c5ffe2b-583f-45d1-80ae-8bc0c42bf4ea,2026-03-16 15:00:00+00
2059bf7c-2d1b-48da-baad-ca72dbed11ac,c0744c45-e2e6-4c8b-a3e8-e8e432b0d084,c3369d05-51dc-4f33-83fa-638250c49bec,2026-03-27 14:00:00+00
75ba38e0-5153-4890-856d-fc6aaa6a4393,6362371e-fd06-431a-8bea-5d395657a5f2,542f51c9-6ad0-42ca-a52f-9f69f72bf381,2026-03-17 18:00:00+00
9d312a68-abad-402a-8747-8cb9165bbde9,f2df112c-a597-43e7-9419-ad49a3fd8cf1,64a87cbe-966d-4325-be35-fb6542235ab1,2026-03-17 11:00:00+00
c9a32a59-1265-43a1-96de-94268f017e28,352198ee-66dd-4318-967f-f8dc532262d9,4b7a1347-ea43-4cb2-9ca0-25adc58026e7,2026-03-14 11:00:00+00
c9c01864-7900-45e3-86e4-016556726dbe,8b3b779c-50f7-4828-bb18-777d68e64f61,4b7a1347-ea43-4cb2-9ca0-25adc58026e7,2026-03-15 12:00:00+00
ecc2b366-3526-45fe-b436-c19ed80e2c0a,c03905aa-439a-4ea2-88e7-642b4464fa7f,4deb2340-5d89-48d1-b221-9b99cce35922,2026-03-20 09:00:00+00
7f163e0f-ff49-44d4-b5a8-61a765fe301c,24c996fe-d746-4299-b32b-380f6daee7ea,42d09375-3a92-44af-859e-e8a4e09f45b3,2026-03-17 18:00:00+00
35253743-d94d-468f-be36-869190890b9d,37ac749e-1b82-474e-aae8-dfc2477b8b1b,d64f9cb2-15b6-4bf1-8d2d-7e1bf13a563c,2026-03-15 17:00:00+00
ed4aa1db-0a23-4d58-8b5e-1076a4350461,921a7068-5872-4756-b38b-21a2083e46ef,fd0ad533-d935-4dc2-b330-da17d310959f,2026-03-19 18:00:00+00
2344e418-e950-4084-b752-90599ef106bb,7637f86e-0822-4e8d-be2f-6b3e00ec9fbb,4b7a1347-ea43-4cb2-9ca0-25adc58026e7,2026-03-26 14:00:00+00
82760fe3-85ba-4266-8b14-6bfb6f7e0c64,7f2c142b-a151-47da-b4b8-b6015b0d589d,4b7a1347-ea43-4cb2-9ca0-25adc58026e7,2026-03-19 12:00:00+00
3f9af38c-1fb4-47ba-9df6-8612d35486f5,a72f3ff0-1fa2-4fab-9110-85178534ba14,13cbcd91-b47e-400b-9607-f0e3d1bd2877,2026-03-17 17:00:00+00
da14a2f6-5102-4c2d-9caa-9a843453beca,96afb56c-6dfc-43b8-83ed-068e8c0ba925,64ed7dff-6373-4012-bb9b-2594dc30bb3d,2026-03-26 09:00:00+00
dd670ea8-10fd-4cd3-a790-6311c0eb8eb9,08693cd0-73d6-49dd-86e8-564359b27527,9a760b1c-6bba-44fb-8f6e-7a967f31e0ba,2026-03-26 11:00:00+00
c65fe707-e526-45fd-a898-9e1009a7faf3,49f45dd7-3a4c-4d9f-b0fd-e2bed76ded71,42d09375-3a92-44af-859e-e8a4e09f45b3,2026-03-15 14:00:00+00
d83a0c01-ff8e-4ec2-b474-bfd0e918790d,de44337e-17bd-4097-8dad-7ccee1bcd4bf,42d09375-3a92-44af-859e-e8a4e09f45b3,2026-03-18 10:00:00+00
25c4001c-4ffc-4eea-a0ab-b37e466e2896,b4101217-3be3-4d7c-a5e0-2651fb0320a0,13cbcd91-b47e-400b-9607-f0e3d1bd2877,2026-03-23 10:00:00+00
14e1bb6b-66f6-448c-a92d-3b0c3bbb946c,105686a4-5959-4432-ab90-a7bd758ee3cb,542f51c9-6ad0-42ca-a52f-9f69f72bf381,2026-03-27 11:00:00+00
e4cad576-afa2-40d3-86b3-b3009a8d9356,ef988c76-6b55-41a1-90e5-cacc349e3a08,4b7a1347-ea43-4cb2-9ca0-25adc58026e7,2026-03-17 14:00:00+00
df6828d5-c6d7-43c0-8848-9b44787c7472,012d71da-7843-4252-b3d6-5ce91009b92d,8c5ffe2b-583f-45d1-80ae-8bc0c42bf4ea,2026-03-22 18:00:00+00
9543a934-ffe9-4470-ae6d-e22c97b48672,2245e4ce-4868-4493-a9c4-6451303b566d,64ed7dff-6373-4012-bb9b-2594dc30bb3d,2026-03-21 17:00:00+00
1a85be66-3f64-4b92-bf2b-b18d291bb718,9803becc-e1fd-4cc3-ac4c-b4cdd8aeb526,a5b2e686-48c5-4f80-8cad-3e03cb45bf32,2026-03-18 15:00:00+00
70b979f7-3bb2-44fe-b67f-8a2424d4573e,4935010e-e354-48d3-90f5-a93f88bdcc37,e0e21900-8982-4c15-b155-2a12f683d6d9,2026-03-13 09:00:00+00
981c4b5b-3450-4bb5-b40e-1c7667799bb7,3d71f36f-278a-4947-a9b8-e228eaa22a0b,d64f9cb2-15b6-4bf1-8d2d-7e1bf13a563c,2026-03-26 18:00:00+00
16b01c22-785d-4f38-a17a-7cfcf3de366d,33ffa9b2-1672-4142-aa4b-4467f4a84b2f,8c5ffe2b-583f-45d1-80ae-8bc0c42bf4ea,2026-03-23 11:00:00+00
74b1ba00-582e-4566-a685-a1f537ced80c,baf1bf94-1900-4af0-b43e-d0cbc2db3fc8,4b7a1347-ea43-4cb2-9ca0-25adc58026e7,2026-03-26 13:00:00+00
ba031b66-71a6-4e64-804f-8da5f548368f,df65a139-6c6a-4481-bc8a-2f8dd57b334a,542f51c9-6ad0-42ca-a52f-9f69f72bf381,2026-03-17 10:00:00+00
2a496a5c-eacb-4bed-97a1-760d1895196d,62239915-ec25-47b9-b4d5-c2af7e41072c,5ded9658-febb-4ef4-b703-1c24eb8814bf,2026-03-26 10:00:00+00
95dcaae2-7593-449c-b122-e32de8213cb1,554a820a-73ec-4123-a3e5-1e551a823a4a,42d09375-3a92-44af-859e-e8a4e09f45b3,2026-03-24 16:00:00+00
d19893b1-d2f7-45d4-9f07-526624561b33,4ac161b2-aa19-4f14-9149-4ff21ea6df83,e0e21900-8982-4c15-b155-2a12f683d6d9,2026-03-15 13:00:00+00
4f8c79fd-4972-41b7-8f82-7b3c3e304227,58b22874-7866-499e-b41f-5eeb343aad1e,5ded9658-febb-4ef4-b703-1c24eb8814bf,2026-03-16 10:00:00+00
543958ab-15f3-4988-92ee-02bf5c29890c,6be2dd5b-220c-4159-aded-df9258d956e6,64ed7dff-6373-4012-bb9b-2594dc30bb3d,2026-03-27 17:00:00+00
94a09bea-b3f3-42f3-88f5-26787636d5c3,352198ee-66dd-4318-967f-f8dc532262d9,64ed7dff-6373-4012-bb9b-2594dc30bb3d,2026-03-18 10:00:00+00
09fe22d6-13a9-46f2-ab9e-17a4f20878d5,c84a9325-974e-49fd-8d5a-6504c0718248,42d09375-3a92-44af-859e-e8a4e09f45b3,2026-03-26 14:00:00+00
fc9f5e1e-c02b-44d1-8734-41a3a7660a0c,01e07a57-8dc3-48c0-ad1d-194dcf7c163f,e5195590-6fca-426a-8fe9-97132edf458e,2026-03-14 17:00:00+00
262f77c9-4ba9-4df5-84de-88fa7d83affa,e81d17d3-b069-4df3-bfa4-dae5b0f5dd83,42d09375-3a92-44af-859e-e8a4e09f45b3,2026-03-20 10:00:00+00
68a8bc6f-1263-48ea-b862-25bf8cca90aa,b4101217-3be3-4d7c-a5e0-2651fb0320a0,fd0ad533-d935-4dc2-b330-da17d310959f,2026-03-16 16:00:00+00
97c90159-d87a-4d51-8cdd-8c4c5b49be03,e103d626-3bb6-43d2-8ce2-ae975d1c11e2,64a87cbe-966d-4325-be35-fb6542235ab1,2026-03-22 18:00:00+00
7259b63d-5ba8-405e-9613-ed29844f1442,878fadea-23af-4f58-87ed-46a070606bc5,4b7a1347-ea43-4cb2-9ca0-25adc58026e7,2026-03-24 18:00:00+00
fcfd8318-cfa1-4533-9323-0d20b1a49d57,6aa6b875-b7b2-4588-b756-233e61081026,42d09375-3a92-44af-859e-e8a4e09f45b3,2026-03-21 13:00:00+00
1293aff6-6ad0-4c73-8a1a-455b13202d09,3b51a7d6-d2c0-4bdd-b46c-cc2455f41839,13cbcd91-b47e-400b-9607-f0e3d1bd2877,2026-03-25 17:00:00+00
b5136394-bd3c-40b3-9205-8fb168c8ad9d,a75ec81d-b74a-4c20-8696-6354ff23b945,d64f9cb2-15b6-4bf1-8d2d-7e1bf13a563c,2026-03-24 14:00:00+00
bbf32141-b5c2-450b-8557-a6ca9218d6a8,38a8e9c2-2364-46d7-bc67-d36cb0ab13fb,2d2fd71e-f7db-43e2-a59e-be7c09845ba8,2026-03-13 11:00:00+00
55c42345-537f-4721-973f-fc47e9df3bc3,b9ff45e4-5776-46d4-be2e-838a71a0f4c8,e0e21900-8982-4c15-b155-2a12f683d6d9,2026-03-27 09:00:00+00
d5fa4b17-7700-4f47-b2b6-2f414830c366,3f4f15d7-9d62-47f8-8ad0-d613c7310009,ec172928-8cff-4a66-afa9-a8b99e4e126b,2026-03-21 17:00:00+00
1b20f8bc-7fd9-4716-b62b-9af0c73933ab,54e21a31-2a25-4d73-95b3-d890d5a4fe5e,64ed7dff-6373-4012-bb9b-2594dc30bb3d,2026-03-18 09:00:00+00
b4417022-8508-4b8c-ac7b-1ee47326b083,2b6c0c87-8c5f-4efd-bced-3f006dbc1637,c3369d05-51dc-4f33-83fa-638250c49bec,2026-03-13 12:00:00+00
0b3e63b9-7e02-465d-b684-51e551f02100,a86d0932-5971-464a-a06f-a50b8c8602ee,c3369d05-51dc-4f33-83fa-638250c49bec,2026-03-24 17:00:00+00
e7350556-f87c-430e-b4ff-7ea117a4ef81,4367d0d6-dfd0-4b43-b9da-4bd030e65a5b,5ded9658-febb-4ef4-b703-1c24eb8814bf,2026-03-21 13:00:00+00
80a5a359-20bd-49ba-a0c2-1590743e76b2,0ebc598a-283e-4e85-87ef-c8c59f4dae96,42d09375-3a92-44af-859e-e8a4e09f45b3,2026-03-15 14:00:00+00
88357811-2294-4615-afd7-ffd1cfb0b9e3,4edb20b0-49c3-4be5-9629-bc11f7a3562b,42d09375-3a92-44af-859e-e8a4e09f45b3,2026-03-26 18:00:00+00
2502802b-66f6-4502-b99b-07ca36b5d0ad,73abbc35-126b-48ef-ac4b-cf66924b1559,e0e21900-8982-4c15-b155-2a12f683d6d9,2026-03-14 13:00:00+00
57998f73-5d01-4797-9523-9fee600f9978,554a820a-73ec-4123-a3e5-1e551a823a4a,e0e21900-8982-4c15-b155-2a12f683d6d9,2026-03-13 18:00:00+00
aecc939b-29d6-462d-904a-561096618414,132174fa-c732-4ddb-a60d-58ed420bc6c8,e0e21900-8982-4c15-b155-2a12f683d6d9,2026-03-24 18:00:00+00
1feb5616-5e50-4c0f-bf42-60687b71637c,6fd20115-ac17-4bd6-9e4e-ade17819d44f,2d2fd71e-f7db-43e2-a59e-be7c09845ba8,2026-03-17 18:00:00+00
5ff23294-b31d-43d0-a041-4d692437113d,a13e4846-11bd-4d46-b9b9-5fab6dbcfb27,9a760b1c-6bba-44fb-8f6e-7a967f31e0ba,2026-03-17 15:00:00+00
dd30bdeb-627d-4e84-bfa1-739442c6cfcb,a572e1fc-ff11-4875-8646-60f13f97be4e,c3369d05-51dc-4f33-83fa-638250c49bec,2026-03-16 10:00:00+00
9bc16dbe-fd28-4459-98ce-eec35594b81f,7163ab7e-705d-455c-931a-51babd826f9d,fd0ad533-d935-4dc2-b330-da17d310959f,2026-03-22 13:00:00+00
cd593fff-2e4b-49fa-9c0e-21a54ce5e392,7163ab7e-705d-455c-931a-51babd826f9d,42d09375-3a92-44af-859e-e8a4e09f45b3,2026-03-25 12:00:00+00
9ca75c10-18da-4016-b15f-8651ed74eeef,64cf304e-5f61-4c38-ba9f-2089bf40ed77,c3369d05-51dc-4f33-83fa-638250c49bec,2026-03-25 13:00:00+00
56e1b14a-0092-400c-9d9b-d34f4066f888,72961cc2-ae0e-41e4-97f5-ba776f8f0606,542f51c9-6ad0-42ca-a52f-9f69f72bf381,2026-03-21 12:00:00+00
f589ad72-4c37-4822-ab87-43532eb285e8,393edef8-4a75-42e6-8139-6214ba1afc54,e5195590-6fca-426a-8fe9-97132edf458e,2026-03-21 13:00:00+00
30583dd3-d136-44f4-a231-b4f95f9eb09f,a02575e9-2d4e-46c4-9379-2f9af36b3bd5,fd0ad533-d935-4dc2-b330-da17d310959f,2026-03-26 15:00:00+00
5a744f63-1572-4217-b0ab-37bba50e08ee,a3588b1b-db2e-475f-8889-8461f2148c6a,97f1e87c-792a-4a5b-9606-5221bd2ac53c,2026-03-24 12:00:00+00
2e72ab6b-24fa-4974-92ac-235d900e7b55,8dc2426e-4f11-4b51-91bb-9ee17321c0ec,bb97de74-6b2c-4ddb-b6fa-b2fc134d2548,2026-03-22 18:00:00+00
9efc6d08-3d60-4adb-833f-4f9cf3328c61,dca4776f-6566-46dd-bbf9-81a15e7a9a0d,e5195590-6fca-426a-8fe9-97132edf458e,2026-03-17 13:00:00+00
249fcef3-5207-410b-892d-0472c3e11074,a174a08e-6562-4e20-a2a3-ea8707604141,2d2fd71e-f7db-43e2-a59e-be7c09845ba8,2026-03-28 09:00:00+00
3fa1173f-dfa1-4b27-a9f2-edc764c93040,742f7d7d-139c-4560-be95-891f07f9a8c5,e0e21900-8982-4c15-b155-2a12f683d6d9,2026-03-25 14:00:00+00
31f259c5-6ffc-4fa1-ba83-9ad8ed8074ed,ef48f56f-c3a1-42f0-97d3-38752efc487d,c3369d05-51dc-4f33-83fa-638250c49bec,2026-03-23 15:00:00+00
3621fdf2-0694-4e67-8b7f-7499031bea56,4367d0d6-dfd0-4b43-b9da-4bd030e65a5b,fd0ad533-d935-4dc2-b330-da17d310959f,2026-03-20 18:00:00+00
5effa883-df60-4a89-9220-bc0396d5d424,989f077c-4b75-4998-9914-145aeb2a8531,64ed7dff-6373-4012-bb9b-2594dc30bb3d,2026-03-28 17:00:00+00
1c772fdf-7212-4779-8d9a-ca65222f911f,add9a632-67e1-46ec-86b4-6c83b944ef6d,e5195590-6fca-426a-8fe9-97132edf458e,2026-03-19 11:00:00+00
86c23a7a-295b-449e-a970-d664d994ee09,428acf49-d539-45ec-ac88-bd9de2dca5ff,bd8174ca-1fa3-446a-b372-fb0ab85ad87c,2026-03-22 16:00:00+00
def35311-f69a-45e9-9e81-b3973e9a904f,4b468df7-4954-4ea3-bf78-51fb3494e5dc,5ded9658-febb-4ef4-b703-1c24eb8814bf,2026-03-24 18:00:00+00
4040e8cd-e123-4f84-afcb-ed5f34c8027c,b5fca8c0-8ef5-4d33-a281-6a1b7fc977e9,4262afba-df16-4273-9a48-73d41c1c631a,2026-03-26 14:00:00+00
fe99c7a1-c2a6-4712-814a-2e3064145641,44e61592-1b50-483b-b377-9d9a82cc843b,4b7a1347-ea43-4cb2-9ca0-25adc58026e7,2026-03-13 15:00:00+00
10dedf2d-fd21-4762-81bc-16b2bf563e53,c84a9325-974e-49fd-8d5a-6504c0718248,e0e21900-8982-4c15-b155-2a12f683d6d9,2026-03-21 11:00:00+00
9df3ecfe-d220-4b5e-97ef-55ca0493ec69,ac3e95a4-4b20-4bd8-8e6f-3e4551c569c0,c3369d05-51dc-4f33-83fa-638250c49bec,2026-03-19 13:00:00+00
08ca112a-daf3-486d-9dc4-ebce6c4de49b,ffe638a5-f192-4d3c-b5a1-12b244635407,4deb2340-5d89-48d1-b221-9b99cce35922,2026-03-17 11:00:00+00
141a0835-f049-4651-8e27-947d3660cc2d,495d1856-ae2c-410a-948d-513980eea4bb,42d09375-3a92-44af-859e-e8a4e09f45b3,2026-03-22 11:00:00+00
d3f7e776-436f-481d-ab3d-b98d06f91982,749c1041-1b9a-4849-8736-e625a698b968,64ed7dff-6373-4012-bb9b-2594dc30bb3d,2026-03-26 18:00:00+00
98150b35-d230-4d42-bb88-b7f768270f4f,9803becc-e1fd-4cc3-ac4c-b4cdd8aeb526,64ed7dff-6373-4012-bb9b-2594dc30bb3d,2026-03-17 10:00:00+00
70bd4097-91e1-4230-9b8d-5268b3840043,a72f3ff0-1fa2-4fab-9110-85178534ba14,c3369d05-51dc-4f33-83fa-638250c49bec,2026-03-18 11:00:00+00
67d18d64-eeb1-4f51-a259-d2fb2f7c903b,bac51acf-4234-40d6-996c-35c04c9739bf,f23e9672-8cfc-403e-99fd-a9f1848eef60,2026-03-14 18:00:00+00
2ae650aa-33ae-4571-9bd8-4d2d87513428,21fce4a1-6586-443a-bb5f-24a146baaa37,9a760b1c-6bba-44fb-8f6e-7a967f31e0ba,2026-03-18 12:00:00+00
78d1a175-ad88-4a4a-bd0a-fc27d496e6c9,4dda6dc5-6400-418f-9aaf-f4eafe837e87,e5195590-6fca-426a-8fe9-97132edf458e,2026-03-24 18:00:00+00
4460df31-2e44-49b4-95ba-685db45e73d2,393edef8-4a75-42e6-8139-6214ba1afc54,e5195590-6fca-426a-8fe9-97132edf458e,2026-03-20 10:00:00+00
f6c7e653-4ca0-401b-80b6-cc6c8f091062,26c6c082-2f97-4ef5-b1c1-2a1a55cb0f3a,c3369d05-51dc-4f33-83fa-638250c49bec,2026-03-27 18:00:00+00
5e7ad2c9-ac18-4a33-8aac-e7a7f22b3a04,cf3a66c1-5d0a-44a3-8594-be2d8c2a1f96,ec172928-8cff-4a66-afa9-a8b99e4e126b,2026-03-14 10:00:00+00
996d4771-41a2-4116-9d6c-eb5929954325,cabe02ce-7b87-4111-926f-c43bd9a3760f,64ed7dff-6373-4012-bb9b-2594dc30bb3d,2026-03-25 12:00:00+00
8ed74df6-4933-46d0-939a-a9f24d97535f,345fb33f-58ba-4f95-b1aa-0631bec10a61,13cbcd91-b47e-400b-9607-f0e3d1bd2877,2026-03-23 15:00:00+00
608a068b-4c00-4029-8f73-af4aa9856e4f,eb45e3e4-505d-4db4-b9c7-adef36a9ec2f,97f1e87c-792a-4a5b-9606-5221bd2ac53c,2026-03-25 14:00:00+00
49c37806-a17e-465d-b2ea-67e8523b2c68,925527af-34f9-4f6a-92e8-39fe4efbb0cb,a5b2e686-48c5-4f80-8cad-3e03cb45bf32,2026-03-18 13:00:00+00
0814f0c7-f2c4-4255-917f-ca75ab76271e,eb47550c-5bb1-42ca-a792-41dd75d8c786,c3369d05-51dc-4f33-83fa-638250c49bec,2026-03-27 16:00:00+00
e9b3d8ac-38d2-4e7e-a2d2-fc852a352efa,499e5f16-e6ba-4646-91f0-d241497812bc,4b7a1347-ea43-4cb2-9ca0-25adc58026e7,2026-03-16 13:00:00+00
8b65e2fa-144f-4670-8081-a3497cd3be41,8147959c-f687-4d38-af95-10742cfe2884,13cbcd91-b47e-400b-9607-f0e3d1bd2877,2026-03-18 18:00:00+00
f32bf235-c45c-42c9-b612-eb317da73a43,c0d8a412-d081-4240-9b6e-5dd37819255d,bd8174ca-1fa3-446a-b372-fb0ab85ad87c,2026-03-15 14:00:00+00
6e593405-2018-4b64-8a7d-415562779f24,27540865-aaa0-4c49-860d-fc262dec2b2e,a5b2e686-48c5-4f80-8cad-3e03cb45bf32,2026-03-28 17:00:00+00
b430d4a6-2c52-4cdf-9be4-90762f455260,77642c85-e77d-472e-a630-160c6236c157,c3369d05-51dc-4f33-83fa-638250c49bec,2026-03-13 12:00:00+00
d7434332-f662-4d67-a3a4-ea40d6e7efe1,915d1982-5f38-4446-9748-00b7be397793,bd8174ca-1fa3-446a-b372-fb0ab85ad87c,2026-03-24 09:00:00+00
81a687ac-a4de-482a-8458-ff5c3a3f18f1,822176c1-7d00-49a1-9818-05ba526c9321,64a87cbe-966d-4325-be35-fb6542235ab1,2026-03-19 13:00:00+00
f43049b0-13c8-4c0a-92c0-62adf86084cf,ad1624bc-376c-4740-acbf-9d3cd41e3f20,bb97de74-6b2c-4ddb-b6fa-b2fc134d2548,2026-03-13 17:00:00+00
72a777c5-193b-48d1-b397-3ae8ddf435b0,bf3a8e89-d735-4b99-8faa-654eda84d122,5ded9658-febb-4ef4-b703-1c24eb8814bf,2026-03-24 17:00:00+00
ee1c4e8f-cef3-4404-962d-1c200d97a14c,4dda6dc5-6400-418f-9aaf-f4eafe837e87,8c5ffe2b-583f-45d1-80ae-8bc0c42bf4ea,2026-03-28 16:00:00+00
e1d0a61c-4f7c-48db-92c8-ff4d9d287d7f,bf19869e-c46b-4466-9d57-992ff6a05328,4deb2340-5d89-48d1-b221-9b99cce35922,2026-03-13 14:00:00+00
17d0acec-f519-4443-a2e9-bd178889b1e3,a898fd75-c28f-49f2-b5b3-768330c8e4c6,54c101f5-c21e-4f6e-9123-8a7e7add0f53,2026-03-20 10:00:00+00
988c27d3-15e3-40d5-9458-f7f183a8e5f1,9278d5c7-9c0c-4200-a5e8-3ff3e383db25,e0e21900-8982-4c15-b155-2a12f683d6d9,2026-03-13 14:00:00+00
82d675b1-9d98-4c1e-bef2-12e9ab98ab7a,8f228fb1-796a-44f7-a034-5da79f12f7d4,54c101f5-c21e-4f6e-9123-8a7e7add0f53,2026-03-17 11:00:00+00
30cb7d6a-1e28-4ce5-b85c-9ed82803f81b,0ebc598a-283e-4e85-87ef-c8c59f4dae96,fd0ad533-d935-4dc2-b330-da17d310959f,2026-03-20 16:00:00+00
d8d26b9b-eb29-4781-b112-e5721d004141,039a4d47-438f-4476-88e0-3c117d0ed60d,c3369d05-51dc-4f33-83fa-638250c49bec,2026-03-18 13:00:00+00
b17d9aaa-e04c-42f3-a55d-25057d2c8341,d17a8285-e0cc-47b0-b455-2a3c047ee1d5,a5b2e686-48c5-4f80-8cad-3e03cb45bf32,2026-03-18 16:00:00+00
7f6b0622-c730-4ee1-bcca-5e0c98a08396,27c32f2f-450f-4aa4-9cde-7ff3989dbd05,5ded9658-febb-4ef4-b703-1c24eb8814bf,2026-03-25 14:00:00+00
acc41e77-0b83-41f2-8ce6-761d844d3aad,7afcb9d1-d273-41f9-8565-def270a3edfd,bd8174ca-1fa3-446a-b372-fb0ab85ad87c,2026-03-19 14:00:00+00
38679997-b821-475c-9be6-dc03b915c918,cc0dd2b7-4f5e-4902-acea-8ae1900de0ea,c3369d05-51dc-4f33-83fa-638250c49bec,2026-03-13 11:00:00+00
5a9805e0-f3fd-45e3-b071-e257a9a72a04,27c32f2f-450f-4aa4-9cde-7ff3989dbd05,ec172928-8cff-4a66-afa9-a8b99e4e126b,2026-03-21 15:00:00+00
435bccce-2062-4ce1-a580-d2bcf999b220,3c76f0e3-485c-4547-9e76-b7a7b21a6457,8c5ffe2b-583f-45d1-80ae-8bc0c42bf4ea,2026-03-22 16:00:00+00
1e867e6e-5cc7-4c65-8743-6a219ccdab25,6aa6b875-b7b2-4588-b756-233e61081026,c3369d05-51dc-4f33-83fa-638250c49bec,2026-03-25 12:00:00+00
67aceccb-3043-49d5-8439-b06d7da942f7,3cc783e8-0dcf-4007-af61-6f38e2c467fd,9a760b1c-6bba-44fb-8f6e-7a967f31e0ba,2026-03-20 09:00:00+00
01e4a34f-caae-4d07-aa11-07eafa22b613,49a516c4-89e4-46eb-8bfb-6053e3e30b88,bd8174ca-1fa3-446a-b372-fb0ab85ad87c,2026-03-24 17:00:00+00
b085dbd3-abc6-4c01-935c-1c429a0e8fcd,c03905aa-439a-4ea2-88e7-642b4464fa7f,97f1e87c-792a-4a5b-9606-5221bd2ac53c,2026-03-21 12:00:00+00
dedaa3bf-5e85-4574-acb9-18fce17f1a22,94c09036-861e-408a-afca-a40355f053a7,f23e9672-8cfc-403e-99fd-a9f1848eef60,2026-03-16 14:00:00+00
322b57ca-ce7a-4656-afd3-de6cc2f7aa79,35c37ff8-7e75-4220-af7c-33f0d6164c43,8c5ffe2b-583f-45d1-80ae-8bc0c42bf4ea,2026-03-28 09:00:00+00
45e722f6-c938-4ded-9766-8694213fa4cd,516a9524-b9a2-4417-9a9c-754fa2230c27,e0e21900-8982-4c15-b155-2a12f683d6d9,2026-03-13 18:00:00+00
c120595c-52d6-4b2c-8ded-ae37e37a03d1,01e07a57-8dc3-48c0-ad1d-194dcf7c163f,d64f9cb2-15b6-4bf1-8d2d-7e1bf13a563c,2026-03-26 14:00:00+00
71a258ca-3739-494c-833a-e17623e1a4a9,7a8c9b29-717a-46c7-9768-48f59b4f91d0,bd8174ca-1fa3-446a-b372-fb0ab85ad87c,2026-03-24 09:00:00+00
aaf96baf-0ced-4d5e-8125-dffc1a6d94cd,0674ef1b-dba5-4d38-82a8-f24747c3548e,bb97de74-6b2c-4ddb-b6fa-b2fc134d2548,2026-03-22 17:00:00+00
df5a3f76-d065-454b-b189-c451d604ee05,c293d3b1-4ec6-4f9c-b240-66951b034cfe,bd8174ca-1fa3-446a-b372-fb0ab85ad87c,2026-03-21 15:00:00+00
ae6dc140-87ef-4a34-8c23-b7bc1e8da24b,c293d3b1-4ec6-4f9c-b240-66951b034cfe,42d09375-3a92-44af-859e-e8a4e09f45b3,2026-03-15 12:00:00+00
6e7b149e-4ce4-4216-bd7c-9cef2fa71b6b,32fdbcff-b86c-4126-bc02-74beb11098ee,4b7a1347-ea43-4cb2-9ca0-25adc58026e7,2026-03-26 11:00:00+00
a3a77dfd-065a-43c3-b2fc-be22a3987f8c,1ce558fb-0578-4ad5-b5dc-92c5de88832d,f23e9672-8cfc-403e-99fd-a9f1848eef60,2026-03-21 12:00:00+00
006a3dc0-548b-4bca-94e4-b374479bfe31,347ac645-9f57-48e3-902c-1cef77f27a66,bd8174ca-1fa3-446a-b372-fb0ab85ad87c,2026-03-18 15:00:00+00
744ec4da-53da-41ca-b066-fed13e22c30b,8bb74338-1e5f-4856-a403-920f00262ffd,98351dbc-dfa2-489a-9745-5e7030619fd5,2026-03-23 09:00:00+00
d70c322d-e26c-4a33-afa2-430f366d0ae7,457f23f0-6e16-43d9-b0e0-8a3faf33cfd0,9a760b1c-6bba-44fb-8f6e-7a967f31e0ba,2026-03-17 14:00:00+00
52ea8723-2eec-4f75-bb68-7c8f496cdad3,c9672db7-c74b-424e-b131-54c3f3426185,bd8174ca-1fa3-446a-b372-fb0ab85ad87c,2026-03-27 18:00:00+00
e011eb5d-f41d-4ef1-8ec4-a624a4520bdd,fa02f983-ed58-4d26-8bcc-9da296bec588,542f51c9-6ad0-42ca-a52f-9f69f72bf381,2026-03-26 09:00:00+00
bdc2785e-641d-402a-90c2-6d3b79c3a698,4367d0d6-dfd0-4b43-b9da-4bd030e65a5b,5ded9658-febb-4ef4-b703-1c24eb8814bf,2026-03-26 15:00:00+00
ba9c518f-adb6-4a18-b5a1-90700cd66b07,7b9ec929-9116-49e5-8ba5-aa96481418c2,bd8174ca-1fa3-446a-b372-fb0ab85ad87c,2026-03-28 14:00:00+00
d08e52d2-bb0d-4843-9b5b-0f2e576d50f7,7ee662d4-5381-4c7d-a59c-31a3588526a9,42d09375-3a92-44af-859e-e8a4e09f45b3,2026-03-21 17:00:00+00
acd3591c-57a5-45cb-afb9-ed66e0981b23,c2fc4359-87eb-44a0-8c40-bdb49490b58b,8c5ffe2b-583f-45d1-80ae-8bc0c42bf4ea,2026-03-19 16:00:00+00
735885cf-44db-4176-b828-7db76f5363b0,d9e6c49f-4828-4b18-a649-348e279d9142,a5b2e686-48c5-4f80-8cad-3e03cb45bf32,2026-03-26 15:00:00+00
5b7ea547-50d2-4d70-b14a-4988eb1b8c15,02bbd50a-8c26-4ee9-a856-54399db96c39,4262afba-df16-4273-9a48-73d41c1c631a,2026-03-14 16:00:00+00
fba6679c-b375-4c7c-b52a-9c863c31d19f,7f63bbb4-f145-40e2-b43c-879452ed44ea,a5b2e686-48c5-4f80-8cad-3e03cb45bf32,2026-03-21 13:00:00+00
d3166a6f-d8ad-4fcc-a16f-0c31e848fa87,49a516c4-89e4-46eb-8bfb-6053e3e30b88,97f1e87c-792a-4a5b-9606-5221bd2ac53c,2026-03-24 14:00:00+00
a9389ef6-0152-49dc-a994-141dc2052a3f,8597626b-ce9d-43d8-aca6-24342a53980f,f23e9672-8cfc-403e-99fd-a9f1848eef60,2026-03-24 11:00:00+00
1476a7e1-2e8f-46f8-b63c-f8f79d1118e8,f8220a8d-5ee3-4657-bf5e-07c2cdd91742,a5b2e686-48c5-4f80-8cad-3e03cb45bf32,2026-03-26 10:00:00+00
d564cbdc-c5ce-4745-b618-e0482a928147,f750fef1-a148-41c8-89d2-6eba75a61cbc,98351dbc-dfa2-489a-9745-5e7030619fd5,2026-03-27 13:00:00+00
acbf9343-96c2-4e98-8a9d-309e2128cead,91193ef4-776e-4c44-aecb-e2a578530dff,a5b2e686-48c5-4f80-8cad-3e03cb45bf32,2026-03-14 14:00:00+00
7807ec9b-b2c1-4326-84ef-11a8db85130e,4fb7f3f7-7144-4d6b-a54e-53901da1b9df,fd0ad533-d935-4dc2-b330-da17d310959f,2026-03-19 12:00:00+00
843a8071-f705-4b9a-8124-17f30a134f19,c7cc0e38-5e06-49cc-9583-450265650c3a,5ded9658-febb-4ef4-b703-1c24eb8814bf,2026-03-28 11:00:00+00
624c568c-561b-4989-a94c-cf9661ef60d5,8e7c2c83-6897-4b6a-b96e-7d734faa63af,4262afba-df16-4273-9a48-73d41c1c631a,2026-03-18 17:00:00+00
eae07f26-fa8d-422e-b689-afdd7f6c192f,b61d079d-ec62-4167-8eba-09a5727aaf7f,c3369d05-51dc-4f33-83fa-638250c49bec,2026-03-26 14:00:00+00
67b6b170-39e2-4093-af02-dec59a1a5b2b,2b0712dd-7b8a-48ba-a639-ae2121f9c101,13cbcd91-b47e-400b-9607-f0e3d1bd2877,2026-03-27 14:00:00+00
4848bcd9-1791-4262-a1e7-cc71a3ff9d79,b0310998-ce09-44cf-91bc-5163aaba0e15,4b7a1347-ea43-4cb2-9ca0-25adc58026e7,2026-03-26 18:00:00+00
d816ed12-2963-42d7-9a9a-7f3e8f4adba6,b0310998-ce09-44cf-91bc-5163aaba0e15,42d09375-3a92-44af-859e-e8a4e09f45b3,2026-03-27 11:00:00+00
a9385ff7-fa69-404c-9e8e-c16c9d84dedc,c84a9325-974e-49fd-8d5a-6504c0718248,42d09375-3a92-44af-859e-e8a4e09f45b3,2026-03-27 14:00:00+00
fbb1714b-3275-417e-a2af-be01271b3885,c99b536d-0e2e-4f31-9afd-28d06a0cfdb3,f23e9672-8cfc-403e-99fd-a9f1848eef60,2026-03-15 17:00:00+00
76e7081a-7275-47da-956a-2b68a2c9e4a4,df767688-a2f6-4dac-8c8e-40c9311129d7,98351dbc-dfa2-489a-9745-5e7030619fd5,2026-03-27 18:00:00+00
9c2780a2-d86c-4d96-bab5-788e5a4eda3c,9ee87649-9f68-4fcf-972f-cfa20f0d83d2,ec172928-8cff-4a66-afa9-a8b99e4e126b,2026-03-18 12:00:00+00
891bd794-6447-4aab-9b04-ac03876d5582,33ffa9b2-1672-4142-aa4b-4467f4a84b2f,9a760b1c-6bba-44fb-8f6e-7a967f31e0ba,2026-03-25 13:00:00+00
a2d67cd6-2715-475b-bfcb-501aea50f1ac,4a81965d-92c8-4a65-b80a-a40be123471b,a5b2e686-48c5-4f80-8cad-3e03cb45bf32,2026-03-21 10:00:00+00
958b5301-69ea-4404-a126-005927df6903,51b0d19d-210d-42ac-92e0-c1beeeb96ec5,e5195590-6fca-426a-8fe9-97132edf458e,2026-03-15 11:00:00+00
a5dc6133-29ab-422b-bbbe-3de03a49ca4e,b30b23c7-3745-4118-92e4-c97bf9875a59,e0e21900-8982-4c15-b155-2a12f683d6d9,2026-03-18 14:00:00+00
eb44d189-9922-4f8c-9594-bfa74d839cef,b1994724-ed90-4d4e-a85e-6eb0e2ede1b1,8c5ffe2b-583f-45d1-80ae-8bc0c42bf4ea,2026-03-24 14:00:00+00
7e6ec2b4-c8c9-469c-b388-3d46ed61b2db,93cc5c49-be37-44ef-ab75-7d8f24a54386,fd0ad533-d935-4dc2-b330-da17d310959f,2026-03-24 09:00:00+00
ddea8889-cbd0-4fef-9aa0-5c90456c4043,9803becc-e1fd-4cc3-ac4c-b4cdd8aeb526,4b7a1347-ea43-4cb2-9ca0-25adc58026e7,2026-03-25 17:00:00+00
1237b5b4-0b93-430b-b437-e3f637de9b74,345fb33f-58ba-4f95-b1aa-0631bec10a61,e5195590-6fca-426a-8fe9-97132edf458e,2026-03-19 18:00:00+00
9043f923-77f5-4190-85e6-186f811814b4,b0310998-ce09-44cf-91bc-5163aaba0e15,f23e9672-8cfc-403e-99fd-a9f1848eef60,2026-03-17 09:00:00+00
13b0fabb-43ba-47eb-8f43-21b5f863c575,d4847e48-6a53-4522-9af2-8a3007fc04b0,a5b2e686-48c5-4f80-8cad-3e03cb45bf32,2026-03-13 16:00:00+00
3a266c1f-3d8d-487f-aa1f-fa7dde37762d,016e8bcf-c403-418d-a471-a465749ad584,13cbcd91-b47e-400b-9607-f0e3d1bd2877,2026-03-28 17:00:00+00
e964120a-a8b4-4256-86a6-d878a2ca5935,1c3b5719-ffc6-46c7-b0b0-2418ac429821,e0e21900-8982-4c15-b155-2a12f683d6d9,2026-03-26 12:00:00+00
84b2e870-8415-4e92-81e6-3c6c5ae5620b,7637f86e-0822-4e8d-be2f-6b3e00ec9fbb,f23e9672-8cfc-403e-99fd-a9f1848eef60,2026-03-17 17:00:00+00
104f0bb9-8f4f-431b-af81-6a9dc4828360,2d982f11-a04f-4669-9f85-2a464f241483,13cbcd91-b47e-400b-9607-f0e3d1bd2877,2026-03-15 12:00:00+00
ab648698-e93b-4795-b753-2172953fe5de,b77d5a14-95f8-4aed-aea9-8b1312e2cac0,bd8174ca-1fa3-446a-b372-fb0ab85ad87c,2026-03-19 17:00:00+00
9878ac88-e61c-4081-9f3e-9c19d198261f,b5fca8c0-8ef5-4d33-a281-6a1b7fc977e9,d64f9cb2-15b6-4bf1-8d2d-7e1bf13a563c,2026-03-14 18:00:00+00
2afb8c59-338f-46f1-b007-a1a748b98214,4935010e-e354-48d3-90f5-a93f88bdcc37,a5b2e686-48c5-4f80-8cad-3e03cb45bf32,2026-03-20 17:00:00+00
64eb107d-2bbb-41ad-97f4-1cd8e908ad44,e700f243-a7f6-496c-8c13-28ad358a215d,4b7a1347-ea43-4cb2-9ca0-25adc58026e7,2026-03-25 17:00:00+00
0eb9598a-d6f4-4c95-87d9-a20e52ec4d15,a892e54d-16be-4bf6-99a7-8de3420afc56,f23e9672-8cfc-403e-99fd-a9f1848eef60,2026-03-27 13:00:00+00
ba91df3d-62e4-4e9d-bd98-10718f4751c2,9283a208-8332-46e2-8d77-b0d36cbfc209,2d2fd71e-f7db-43e2-a59e-be7c09845ba8,2026-03-27 16:00:00+00
5785b0cc-9768-476b-9837-6e68f7c27615,88db99f7-2159-405b-af50-314259e6f3a5,42d09375-3a92-44af-859e-e8a4e09f45b3,2026-03-21 13:00:00+00
6e0b976a-aac8-4cb0-bfe3-cde7c3cf40e9,0a736495-cb89-446b-9e7a-24151d2fb8e5,a5b2e686-48c5-4f80-8cad-3e03cb45bf32,2026-03-28 11:00:00+00
65223ac7-68e8-464d-8d17-e4de628d1f6d,d653df1e-e3e0-43ce-8816-4bb6e269acdb,13cbcd91-b47e-400b-9607-f0e3d1bd2877,2026-03-14 09:00:00+00
66041156-8785-463a-a639-f79842f6bd9c,915d1982-5f38-4446-9748-00b7be397793,fd0ad533-d935-4dc2-b330-da17d310959f,2026-03-23 13:00:00+00
db2910fa-88ad-4516-8246-2a9dd1632064,58b22874-7866-499e-b41f-5eeb343aad1e,4deb2340-5d89-48d1-b221-9b99cce35922,2026-03-18 13:00:00+00
deef5480-e2d3-4c07-b3dc-97da448ceec3,f6919fa0-17ba-4443-a695-9f45fa017a34,64a87cbe-966d-4325-be35-fb6542235ab1,2026-03-28 09:00:00+00
23eda34f-d86c-4386-9fa9-9437adb74bfc,347ac645-9f57-48e3-902c-1cef77f27a66,4b7a1347-ea43-4cb2-9ca0-25adc58026e7,2026-03-19 16:00:00+00
e4ffc4d0-8475-4002-98c8-1abaa793f39a,302424aa-d384-44e5-a350-022693b8c6b6,4b7a1347-ea43-4cb2-9ca0-25adc58026e7,2026-03-26 12:00:00+00
d72ff896-99ec-49d7-984d-0a553ce39af9,b9228f3a-0e72-48c5-95c1-a5377bcddb11,bd8174ca-1fa3-446a-b372-fb0ab85ad87c,2026-03-22 10:00:00+00
fc7e5a4f-6bf2-4506-8516-a7d32d374b6c,c906e597-f09b-4a7b-8e79-291d3921bb2f,f23e9672-8cfc-403e-99fd-a9f1848eef60,2026-03-27 16:00:00+00
8b58e811-8b44-4860-8dd7-365aa90018bb,331f9dc2-3de5-4a22-8efc-06502e462b34,bb97de74-6b2c-4ddb-b6fa-b2fc134d2548,2026-03-24 15:00:00+00
907db710-fca9-4881-b360-ba0f0737955e,3cc783e8-0dcf-4007-af61-6f38e2c467fd,542f51c9-6ad0-42ca-a52f-9f69f72bf381,2026-03-28 18:00:00+00
1385cc03-ec57-4d39-b430-939bf72b06ae,ace7bf9f-7d97-4317-a3ce-3c8482f9bc97,8c5ffe2b-583f-45d1-80ae-8bc0c42bf4ea,2026-03-17 16:00:00+00
767eb4d1-8128-461a-880a-f67958c4fee6,af1806a5-beab-4ade-9b17-fda14b931432,bd8174ca-1fa3-446a-b372-fb0ab85ad87c,2026-03-25 10:00:00+00
0559df36-5f84-4e0f-8d61-fedab20ce210,c034f8bf-e0fc-47a3-ac94-2a8c6b4e897d,4b7a1347-ea43-4cb2-9ca0-25adc58026e7,2026-03-14 15:00:00+00
48c664d9-b8d9-4c7c-b01f-7dc85092203a,a02575e9-2d4e-46c4-9379-2f9af36b3bd5,fd0ad533-d935-4dc2-b330-da17d310959f,2026-03-25 12:00:00+00
191b11a3-aba4-4284-a71f-b5f9a3750be7,213cf34b-1792-4a91-89a9-a380f66d1a06,542f51c9-6ad0-42ca-a52f-9f69f72bf381,2026-03-23 17:00:00+00
199e73a3-7408-4479-910a-7d536ff7d7c6,b30b23c7-3745-4118-92e4-c97bf9875a59,bd8174ca-1fa3-446a-b372-fb0ab85ad87c,2026-03-19 14:00:00+00
d580ea20-8952-4388-a08e-8723552246c4,94c09036-861e-408a-afca-a40355f053a7,e5195590-6fca-426a-8fe9-97132edf458e,2026-03-27 17:00:00+00
4615df8b-4edc-4dba-b541-b79fbe3b7379,676484ab-84c6-4cfa-8a48-037844525bee,e0e21900-8982-4c15-b155-2a12f683d6d9,2026-03-19 10:00:00+00
1531fb69-039c-493a-8404-d1729b3472f7,b8ecce1e-90cc-43e8-b0f2-2d03a4333611,97f1e87c-792a-4a5b-9606-5221bd2ac53c,2026-03-15 18:00:00+00
76d527f7-d022-42d4-b77b-4e7520b4b24e,77d97a73-086e-4df8-8514-e7f26bee6625,42d09375-3a92-44af-859e-e8a4e09f45b3,2026-03-16 14:00:00+00
0c888431-fdf1-4438-8665-7c8c4f8334a3,26c6c082-2f97-4ef5-b1c1-2a1a55cb0f3a,42d09375-3a92-44af-859e-e8a4e09f45b3,2026-03-27 18:00:00+00
16efd963-9519-4e0c-b4da-0e29df0b0d32,f81a34e3-e0d7-4d5c-b478-808c087a3859,4262afba-df16-4273-9a48-73d41c1c631a,2026-03-22 12:00:00+00
c33940b6-5970-4d51-9497-22e89de02c2d,a5a1cfdd-707e-4ddc-abd6-e1e73dd3302d,e0e21900-8982-4c15-b155-2a12f683d6d9,2026-03-28 11:00:00+00
009c3837-270d-42ce-9728-5aa16960ac55,5457b5c4-1f54-4705-a0b5-8b3498339443,e5195590-6fca-426a-8fe9-97132edf458e,2026-03-25 16:00:00+00
b23e8d34-65b1-4eda-9c7b-0a6f4303ed7d,08693cd0-73d6-49dd-86e8-564359b27527,9a760b1c-6bba-44fb-8f6e-7a967f31e0ba,2026-03-25 11:00:00+00
691f9c34-14bd-4d6a-b6e6-854f909dca62,9466fcda-cbfb-438a-81f3-aef28f258cfc,2d2fd71e-f7db-43e2-a59e-be7c09845ba8,2026-03-24 13:00:00+00
f80ca8e6-be39-4589-97e6-9bf0518586d0,a898fd75-c28f-49f2-b5b3-768330c8e4c6,5ded9658-febb-4ef4-b703-1c24eb8814bf,2026-03-26 13:00:00+00
ed427c7f-56d2-42f5-9149-1f55fec9c560,8f7f5663-db93-4434-b989-a5cc26c76a40,bd8174ca-1fa3-446a-b372-fb0ab85ad87c,2026-03-19 11:00:00+00
c9342ddb-4043-4e8d-9fed-69c2cb9064c8,7977271f-e5ac-42ca-9486-b517ad0fa05c,42d09375-3a92-44af-859e-e8a4e09f45b3,2026-03-28 18:00:00+00
a0c9c4c6-4665-4d29-a81a-b215d122263c,ca1ddba8-f515-4dc8-abb2-7c5e915bf942,a5b2e686-48c5-4f80-8cad-3e03cb45bf32,2026-03-28 10:00:00+00
65ee26b4-6172-4172-9131-d4ea0601fa59,d4ff2cfb-4f9f-4efe-9925-fd2207ba2ce1,e5195590-6fca-426a-8fe9-97132edf458e,2026-03-19 10:00:00+00
5f52b913-4481-446b-b5bf-289cc0cbe5b5,c7fd26c2-15a2-4b30-9a50-363efcec68a9,e0e21900-8982-4c15-b155-2a12f683d6d9,2026-03-28 11:00:00+00
a63f345b-f942-4daa-a4ef-420b25b2c0ee,38fc0b77-701a-4227-ace7-3c0e7ce6d11c,98351dbc-dfa2-489a-9745-5e7030619fd5,2026-03-26 18:00:00+00
cf646e22-1913-40fb-aee4-3d539214be5e,6d399b1a-e459-4f03-9c13-f7f2589675ab,4b7a1347-ea43-4cb2-9ca0-25adc58026e7,2026-03-21 13:00:00+00
1caffa4c-da50-480b-87b1-eae75c40b347,8dc2426e-4f11-4b51-91bb-9ee17321c0ec,a5b2e686-48c5-4f80-8cad-3e03cb45bf32,2026-03-23 12:00:00+00
90e64330-5c35-4569-802f-3c553442c6fd,4a8c2388-e5fc-48ff-a675-25324736a4be,4262afba-df16-4273-9a48-73d41c1c631a,2026-03-18 09:00:00+00
abd020a8-5f7c-4a2b-90e8-92fac767a841,a5674600-02fc-4ee2-a534-ebffca2035c7,13cbcd91-b47e-400b-9607-f0e3d1bd2877,2026-03-18 15:00:00+00
35a2f13d-3411-4a7e-a528-4c508cbd7f15,e2f0c835-ce2b-421c-bc17-4589c878fa8c,e0e21900-8982-4c15-b155-2a12f683d6d9,2026-03-20 10:00:00+00
d927df13-b667-4ae9-880e-b2a3250f0b0f,abdce89d-86e2-4dc9-9270-f92b70e5abcd,4b7a1347-ea43-4cb2-9ca0-25adc58026e7,2026-03-16 17:00:00+00
8cb2c53d-d980-4373-b45e-6d6fe5c5b718,e700f243-a7f6-496c-8c13-28ad358a215d,e0e21900-8982-4c15-b155-2a12f683d6d9,2026-03-19 10:00:00+00
59883131-6d7b-4789-81ae-e7b8591fec98,e8c2daea-f8ad-4c3a-a79c-e25f6845f30b,4b7a1347-ea43-4cb2-9ca0-25adc58026e7,2026-03-20 11:00:00+00
d5ab0a4e-f444-43dc-a2ea-72bc2293ca6b,059e84c1-4b8b-40d9-836e-8d05306432f1,64a87cbe-966d-4325-be35-fb6542235ab1,2026-03-23 15:00:00+00
8f6b57a2-e5e2-4dee-98f1-82dd4348e75e,b97c16a3-420c-490a-b1f8-e6c2fa297918,f23e9672-8cfc-403e-99fd-a9f1848eef60,2026-03-16 16:00:00+00
a23fb37a-77b4-467e-a561-ce8a67533363,554a820a-73ec-4123-a3e5-1e551a823a4a,64ed7dff-6373-4012-bb9b-2594dc30bb3d,2026-03-25 12:00:00+00
0afd030c-fa8f-45d9-8618-879954e0f568,3cd48b44-61a8-438c-8dad-fd7118c118ba,c3369d05-51dc-4f33-83fa-638250c49bec,2026-03-22 18:00:00+00
0b1b5f00-e59a-4108-bcc6-03a2265502f8,3cc783e8-0dcf-4007-af61-6f38e2c467fd,d64f9cb2-15b6-4bf1-8d2d-7e1bf13a563c,2026-03-18 14:00:00+00
179ec246-1c95-4717-b68e-cd40ab85f4de,1113c9a5-22d4-4207-9490-6f0f138b3c8f,13cbcd91-b47e-400b-9607-f0e3d1bd2877,2026-03-21 15:00:00+00
eadcb50f-fb3f-4cde-9b52-b50a368ea769,9a773e20-523f-426d-b32b-2f5f8aaa75c9,f23e9672-8cfc-403e-99fd-a9f1848eef60,2026-03-16 14:00:00+00
54cc521d-e289-420b-904f-8ba414b7bf26,d35a8941-0da6-4bf3-ac24-748de1874163,9a760b1c-6bba-44fb-8f6e-7a967f31e0ba,2026-03-24 10:00:00+00
5b26c011-b0b0-439f-9f1e-1539ca886e2f,742f7d7d-139c-4560-be95-891f07f9a8c5,13cbcd91-b47e-400b-9607-f0e3d1bd2877,2026-03-13 16:00:00+00
3edae456-92a3-42f0-994f-027c400f5c09,baf1bf94-1900-4af0-b43e-d0cbc2db3fc8,f23e9672-8cfc-403e-99fd-a9f1848eef60,2026-03-21 09:00:00+00
282c1a2a-d8cc-4240-ad48-c93c19898cac,179b67ee-3487-490f-8152-b90c0bdbecc3,4b7a1347-ea43-4cb2-9ca0-25adc58026e7,2026-03-26 18:00:00+00
0839bc83-d463-4e65-bd2e-723d75a4cf3c,302424aa-d384-44e5-a350-022693b8c6b6,fd0ad533-d935-4dc2-b330-da17d310959f,2026-03-20 17:00:00+00
b03b1bdc-c1f5-4c9c-b8c8-396c149fae3c,9803becc-e1fd-4cc3-ac4c-b4cdd8aeb526,4deb2340-5d89-48d1-b221-9b99cce35922,2026-03-17 09:00:00+00
5b16d32c-e326-4d94-905c-ecc21f8f739f,08693cd0-73d6-49dd-86e8-564359b27527,2d2fd71e-f7db-43e2-a59e-be7c09845ba8,2026-03-20 17:00:00+00
8a270e18-8fbd-4a8f-8ce3-baf5bd2dd953,b21fd889-1e9d-46a4-b226-a8ae8f8d5005,4b7a1347-ea43-4cb2-9ca0-25adc58026e7,2026-03-19 17:00:00+00
591739b8-54ac-4f9c-be22-1b8ffdccbec3,ffe638a5-f192-4d3c-b5a1-12b244635407,4b7a1347-ea43-4cb2-9ca0-25adc58026e7,2026-03-27 15:00:00+00
6dc46673-a679-4fa2-8e2f-22340ba1673f,ea3b32a3-eec0-47ff-9f69-f1d00a9cfa8c,42d09375-3a92-44af-859e-e8a4e09f45b3,2026-03-27 12:00:00+00
5043bf4d-2e18-46c1-b0c1-8f25162d6502,2973e612-ae0a-49f8-b1ab-410a6d820ef0,bb97de74-6b2c-4ddb-b6fa-b2fc134d2548,2026-03-23 13:00:00+00
ba1061c0-acd3-40f6-a329-3c739631c600,9ee87649-9f68-4fcf-972f-cfa20f0d83d2,8c5ffe2b-583f-45d1-80ae-8bc0c42bf4ea,2026-03-17 15:00:00+00
bd948d38-ef04-4850-acb3-985c7ecfa397,a13e4846-11bd-4d46-b9b9-5fab6dbcfb27,4b7a1347-ea43-4cb2-9ca0-25adc58026e7,2026-03-24 09:00:00+00
a91d03b6-b7d5-4569-ad01-54f2614828ac,e8c2daea-f8ad-4c3a-a79c-e25f6845f30b,64ed7dff-6373-4012-bb9b-2594dc30bb3d,2026-03-19 18:00:00+00
dce4b8f7-898f-47ca-8747-4ab85f5d16b5,b24da865-72df-4e3c-af0c-db91cd6443c1,f23e9672-8cfc-403e-99fd-a9f1848eef60,2026-03-14 09:00:00+00
bc0eb7be-311b-46a5-94e7-44c5b40db6dd,ca679cdd-ed30-4715-ba2c-5c1c87476379,8c5ffe2b-583f-45d1-80ae-8bc0c42bf4ea,2026-03-21 13:00:00+00
57b5c0b3-6d7a-4b46-9c43-368506cebc82,2ebded65-4ef7-49f5-9a7e-6dc674d75ea0,4b7a1347-ea43-4cb2-9ca0-25adc58026e7,2026-03-17 17:00:00+00
6ea8c00d-1d68-4153-8d92-00b17212f58d,48657c19-2347-495c-825e-dbaaf03084a0,bd8174ca-1fa3-446a-b372-fb0ab85ad87c,2026-03-14 15:00:00+00
f03aa779-c00b-4f1f-829c-da1e6f6dee93,29899c65-faa2-4bcc-9251-919460b7cc9b,fd0ad533-d935-4dc2-b330-da17d310959f,2026-03-13 14:00:00+00
1589b020-d613-4cf1-b642-ebe0c9cc45ce,4e490d35-0731-44ae-9084-cddac927c22d,64ed7dff-6373-4012-bb9b-2594dc30bb3d,2026-03-27 10:00:00+00
c5d09469-e5ed-412b-8349-ca6f605c4d64,ef48f56f-c3a1-42f0-97d3-38752efc487d,42d09375-3a92-44af-859e-e8a4e09f45b3,2026-03-22 12:00:00+00
c8bea2e7-20f0-466a-ba49-1d4cfb93315f,94ea43d3-2754-4e91-bd34-9576c941098d,e5195590-6fca-426a-8fe9-97132edf458e,2026-03-21 11:00:00+00
31d1fe04-4749-49a1-8962-7d89dc2a5f2e,91be28a7-872d-4f19-96a0-85278e3494ac,a5b2e686-48c5-4f80-8cad-3e03cb45bf32,2026-03-22 16:00:00+00
81dd7bee-f17c-4b64-9f21-e6ba0d2d8c21,8a5b291a-c7c1-443a-94ff-322ebe3b8afc,f23e9672-8cfc-403e-99fd-a9f1848eef60,2026-03-21 17:00:00+00
1d54efd7-3346-4a55-aa59-82805d9b1a4c,989f077c-4b75-4998-9914-145aeb2a8531,4b7a1347-ea43-4cb2-9ca0-25adc58026e7,2026-03-26 09:00:00+00
efbbee3b-859b-45ff-9213-782eb0dde5f6,ef988c76-6b55-41a1-90e5-cacc349e3a08,a5b2e686-48c5-4f80-8cad-3e03cb45bf32,2026-03-27 10:00:00+00
118a4ee4-f700-4254-9564-1a25b84b7e9b,ef48f56f-c3a1-42f0-97d3-38752efc487d,e0e21900-8982-4c15-b155-2a12f683d6d9,2026-03-25 10:00:00+00
d2fd51f1-3b36-4901-ad5b-4d837ca68cde,e4af2d47-535e-4aa8-a02b-d5773de2654b,e5195590-6fca-426a-8fe9-97132edf458e,2026-03-22 15:00:00+00
5e9ec1a2-78c5-4313-abd9-ee2e9f3ab543,027f240a-3e29-4ac0-a1a8-710fee7baac6,2d2fd71e-f7db-43e2-a59e-be7c09845ba8,2026-03-15 10:00:00+00
0dd14d50-3168-4982-a7be-e9f48fe2825f,0e10f179-afcc-430c-af8e-7c87e3604f83,a5b2e686-48c5-4f80-8cad-3e03cb45bf32,2026-03-15 09:00:00+00
1cd3228f-2384-453b-abcb-9121d8c3cc2d,ffe638a5-f192-4d3c-b5a1-12b244635407,97f1e87c-792a-4a5b-9606-5221bd2ac53c,2026-03-26 17:00:00+00
67601370-54cf-4f9c-b34c-06b91eb7df58,0a736495-cb89-446b-9e7a-24151d2fb8e5,64a87cbe-966d-4325-be35-fb6542235ab1,2026-03-18 18:00:00+00
1c7c84a0-acff-45e8-92b9-3b10840ed9d7,a41464be-6cd8-4bf9-add8-5b81107a16e0,4b7a1347-ea43-4cb2-9ca0-25adc58026e7,2026-03-24 10:00:00+00
2b4a12d2-0d34-4ecb-8382-f5ae81796148,4b468df7-4954-4ea3-bf78-51fb3494e5dc,2d2fd71e-f7db-43e2-a59e-be7c09845ba8,2026-03-24 16:00:00+00
a0b96ac2-c944-4318-80fb-7c1b4d745ff6,71bf25c5-1679-447c-afa4-db21a5c7ea79,e5195590-6fca-426a-8fe9-97132edf458e,2026-03-13 16:00:00+00
5506957c-0523-441c-9b3e-d5feed3e5f09,b4d106d3-764f-4de1-b48d-0ab2ccff060a,ec172928-8cff-4a66-afa9-a8b99e4e126b,2026-03-27 15:00:00+00
c2d7d08e-7e4a-483f-90e3-90a7f9f29a4e,4f59f33c-ec7a-4adb-9e38-e7b26e3d30f7,5ded9658-febb-4ef4-b703-1c24eb8814bf,2026-03-15 13:00:00+00
38e377ee-661d-4e2f-9f44-b3bb2f6cfff2,ea46f340-5ae0-4629-a669-5ac3c2b3eef6,fd0ad533-d935-4dc2-b330-da17d310959f,2026-03-22 09:00:00+00
90af0e47-6731-43dd-b3f5-a83d37ed55a8,91193ef4-776e-4c44-aecb-e2a578530dff,8c5ffe2b-583f-45d1-80ae-8bc0c42bf4ea,2026-03-25 10:00:00+00
c7904827-7f7a-43ec-9b80-f3e4fefe7b03,4c4b0a50-4906-4976-a8c2-c9d169cfb601,64ed7dff-6373-4012-bb9b-2594dc30bb3d,2026-03-25 18:00:00+00
4ae24dda-af9b-4984-a6cf-13e7539ef708,1124ad69-800c-4e31-a45d-7b219d46e676,f23e9672-8cfc-403e-99fd-a9f1848eef60,2026-03-27 14:00:00+00
37d2db21-e746-49a7-adb3-89905cb60e77,a3588b1b-db2e-475f-8889-8461f2148c6a,42d09375-3a92-44af-859e-e8a4e09f45b3,2026-03-28 12:00:00+00
64512a44-0513-4ccc-8f19-a89e4958dbdb,2245e4ce-4868-4493-a9c4-6451303b566d,64ed7dff-6373-4012-bb9b-2594dc30bb3d,2026-03-26 17:00:00+00
20fbb72a-04b2-4560-b732-fda4611d4c9e,52489b31-bb80-406d-a330-92f66fad186f,c3369d05-51dc-4f33-83fa-638250c49bec,2026-03-27 13:00:00+00
0f958448-d4e5-44da-b984-efdd5bd50a17,bd60d8ae-7cbd-407c-8a7e-439a739785c9,5ded9658-febb-4ef4-b703-1c24eb8814bf,2026-03-14 16:00:00+00
088f5e85-7f87-401d-b108-16c605ba09a3,73abbc35-126b-48ef-ac4b-cf66924b1559,c3369d05-51dc-4f33-83fa-638250c49bec,2026-03-25 13:00:00+00
5f5fcde8-1afe-47e9-86a9-91856dad68c2,40a64fca-58e1-4b94-92b3-52b75604e8e8,4b7a1347-ea43-4cb2-9ca0-25adc58026e7,2026-03-18 10:00:00+00
8b47119c-eeba-45a6-9881-bd981e66f07d,e8c2daea-f8ad-4c3a-a79c-e25f6845f30b,4b7a1347-ea43-4cb2-9ca0-25adc58026e7,2026-03-27 11:00:00+00
4539d76d-f4b0-4ff8-b6bc-f565da8e1edc,d9172c5c-ab84-45b8-94fa-86be9a4f5105,e0e21900-8982-4c15-b155-2a12f683d6d9,2026-03-26 09:00:00+00
e16470f7-732f-4fbe-a7f9-539fa98d81c0,c0b313d8-2e1b-463e-b226-8785aa2f70a3,64ed7dff-6373-4012-bb9b-2594dc30bb3d,2026-03-18 18:00:00+00
92e5cc96-f5a8-4739-b89b-6fcfdada1c3b,4e490d35-0731-44ae-9084-cddac927c22d,4deb2340-5d89-48d1-b221-9b99cce35922,2026-03-21 18:00:00+00
c6a4d84e-b301-4994-ae13-ff4f07414a33,6d8299c9-fdd7-46ca-9753-338e597ddd37,64a87cbe-966d-4325-be35-fb6542235ab1,2026-03-25 17:00:00+00
c458ee22-4ad2-41be-8611-f020865f4260,7874c490-863e-415a-b34f-bf1eb95f5bec,e5195590-6fca-426a-8fe9-97132edf458e,2026-03-13 11:00:00+00
2a6bb0d0-404c-422c-9099-25aca99f3c09,ef48f56f-c3a1-42f0-97d3-38752efc487d,42d09375-3a92-44af-859e-e8a4e09f45b3,2026-03-23 09:00:00+00
944eb49b-eec1-408e-ab9e-2ca014a5cfae,1c8a6763-d23e-4719-a453-89a75cdc93e5,42d09375-3a92-44af-859e-e8a4e09f45b3,2026-03-21 09:00:00+00
ac02b6ac-71fe-415f-96cb-47c73c070c1b,012d71da-7843-4252-b3d6-5ce91009b92d,2d2fd71e-f7db-43e2-a59e-be7c09845ba8,2026-03-17 13:00:00+00
667168d9-a268-42af-b87f-e93f4915f252,b161e856-35b4-414b-8c26-4b9db77c07c8,f23e9672-8cfc-403e-99fd-a9f1848eef60,2026-03-16 14:00:00+00
6b57cd7c-3303-41ea-8e56-fbce375d501b,0bdb6e3e-4bf0-4595-b9bb-f769266a06ab,98351dbc-dfa2-489a-9745-5e7030619fd5,2026-03-28 14:00:00+00
eed27d82-11d0-4a09-906b-eaa624568075,b62f611c-6788-4d56-94ab-1f337e8bbf60,bd8174ca-1fa3-446a-b372-fb0ab85ad87c,2026-03-19 10:00:00+00
138bec4c-7af6-4fdf-b2fd-c9abae0926cd,94c09036-861e-408a-afca-a40355f053a7,8c5ffe2b-583f-45d1-80ae-8bc0c42bf4ea,2026-03-14 17:00:00+00
131c1cb5-d51c-4eed-8e74-5a512d7ee046,426e86e3-146c-45e8-8664-3901feaa316c,97f1e87c-792a-4a5b-9606-5221bd2ac53c,2026-03-23 12:00:00+00
1fac96af-2fd3-47cc-b7d3-65c023126362,039a4d47-438f-4476-88e0-3c117d0ed60d,e5195590-6fca-426a-8fe9-97132edf458e,2026-03-25 16:00:00+00
e80079ae-4997-4bbc-89b6-a22ed9facc25,0a736495-cb89-446b-9e7a-24151d2fb8e5,e0e21900-8982-4c15-b155-2a12f683d6d9,2026-03-19 15:00:00+00
5553973b-ed70-42ef-9a23-a9ead381b983,75af8df0-9c55-4642-96d3-c6534caea481,c3369d05-51dc-4f33-83fa-638250c49bec,2026-03-27 09:00:00+00
d882455c-df85-4514-b8ab-845e0730160c,29899c65-faa2-4bcc-9251-919460b7cc9b,c3369d05-51dc-4f33-83fa-638250c49bec,2026-03-22 09:00:00+00
beb05c77-92e9-46b9-9c95-4649c85f5f65,e0e55d1f-0fbb-4f70-9731-aa61631a7619,bd8174ca-1fa3-446a-b372-fb0ab85ad87c,2026-03-24 17:00:00+00
5ab40cd0-6d51-4ed6-8589-cda4b9a715cc,c06eaee3-78ee-4a32-9892-1a9f2fbb60bb,2d2fd71e-f7db-43e2-a59e-be7c09845ba8,2026-03-27 15:00:00+00
b54b1b93-2e86-4be6-9fbd-e580d770d18e,77377f95-5406-42bd-a024-61fd80c55973,97f1e87c-792a-4a5b-9606-5221bd2ac53c,2026-03-26 17:00:00+00
325fe726-b0db-4617-8e74-4751caa38977,3dc8a799-a463-4e77-a4c6-0824cc23588c,bd8174ca-1fa3-446a-b372-fb0ab85ad87c,2026-03-23 16:00:00+00
d0ef2cc5-a387-4b9f-8fc4-6b771dda0d60,d36f0747-4271-460f-8982-19a4819951b9,a5b2e686-48c5-4f80-8cad-3e03cb45bf32,2026-03-14 14:00:00+00
a8d7e8ed-8a7f-41b6-8313-d8eee3f1029c,96afb56c-6dfc-43b8-83ed-068e8c0ba925,64ed7dff-6373-4012-bb9b-2594dc30bb3d,2026-03-14 17:00:00+00
10ef9d84-1ff3-4c3a-9867-03f7e9f05cc3,e0e55d1f-0fbb-4f70-9731-aa61631a7619,c3369d05-51dc-4f33-83fa-638250c49bec,2026-03-25 15:00:00+00
0ba94767-51fe-4411-a11b-7dc129cb8ea1,59633ec9-06ff-4f95-84f1-b9438013e9cf,5ded9658-febb-4ef4-b703-1c24eb8814bf,2026-03-13 10:00:00+00
c7bacd56-aa40-48af-9e0e-a844ebb93a47,93cc5c49-be37-44ef-ab75-7d8f24a54386,4b7a1347-ea43-4cb2-9ca0-25adc58026e7,2026-03-19 15:00:00+00
36b5d5f7-8649-4967-b096-f4556dc24f77,bf19869e-c46b-4466-9d57-992ff6a05328,42d09375-3a92-44af-859e-e8a4e09f45b3,2026-03-28 11:00:00+00
a9f724fa-d0cf-4dda-949d-f6c111b4cba7,af926477-88bc-46b9-8901-673bc4e0c6c8,42d09375-3a92-44af-859e-e8a4e09f45b3,2026-03-24 16:00:00+00
6838c46d-4ba9-4a2a-b337-f37879691d80,1ba786a6-5ac9-4dc2-be2b-3c9f40dc498a,64a87cbe-966d-4325-be35-fb6542235ab1,2026-03-16 15:00:00+00
5392eca7-83e5-48f7-8b3d-a2c074315992,499e5f16-e6ba-4646-91f0-d241497812bc,e0e21900-8982-4c15-b155-2a12f683d6d9,2026-03-22 15:00:00+00
e289fe0e-e443-4c4b-8c3a-c9e52c126391,012d71da-7843-4252-b3d6-5ce91009b92d,e5195590-6fca-426a-8fe9-97132edf458e,2026-03-24 10:00:00+00
701a56b8-af71-4a39-9c40-4c55e4abcb72,a02575e9-2d4e-46c4-9379-2f9af36b3bd5,c3369d05-51dc-4f33-83fa-638250c49bec,2026-03-15 10:00:00+00
cbc7b3d3-bd7f-44bf-b40b-3bd12ab49d21,59633ec9-06ff-4f95-84f1-b9438013e9cf,fd0ad533-d935-4dc2-b330-da17d310959f,2026-03-19 12:00:00+00
4c8abacf-1f22-421d-9437-fb335c8ed635,fa02f983-ed58-4d26-8bcc-9da296bec588,542f51c9-6ad0-42ca-a52f-9f69f72bf381,2026-03-18 16:00:00+00
5d9ea5cc-99e4-4654-91a9-89f675dffda7,77d97a73-086e-4df8-8514-e7f26bee6625,4deb2340-5d89-48d1-b221-9b99cce35922,2026-03-26 12:00:00+00
43b85ed2-5fe8-4cde-94f1-24d8377c8098,96afb56c-6dfc-43b8-83ed-068e8c0ba925,4b7a1347-ea43-4cb2-9ca0-25adc58026e7,2026-03-20 12:00:00+00
cc63c578-262c-49f2-9082-b6e4f99046ba,c03905aa-439a-4ea2-88e7-642b4464fa7f,97f1e87c-792a-4a5b-9606-5221bd2ac53c,2026-03-24 12:00:00+00
1e3f60bf-90d0-4fcb-ba51-f2624f6e86c2,54e21a31-2a25-4d73-95b3-d890d5a4fe5e,e0e21900-8982-4c15-b155-2a12f683d6d9,2026-03-28 10:00:00+00
77c8ff46-97d5-4c99-9e45-f8548b4f7088,775b7504-5841-4e93-8231-16f210ef87a2,e5195590-6fca-426a-8fe9-97132edf458e,2026-03-23 18:00:00+00
d3f1a0ae-0c03-46ca-aef7-97176afc8cec,6362371e-fd06-431a-8bea-5d395657a5f2,98351dbc-dfa2-489a-9745-5e7030619fd5,2026-03-28 12:00:00+00
6f018aaf-6a11-4132-85f5-91bc4cf93f22,6e46d3f8-dc5a-4ce8-8a82-49b420cedc94,a5b2e686-48c5-4f80-8cad-3e03cb45bf32,2026-03-13 09:00:00+00
d601fce5-02fb-4bee-af6c-f374831fd1f8,852b6306-def3-42d5-ae88-a114a75ae65d,42d09375-3a92-44af-859e-e8a4e09f45b3,2026-03-26 16:00:00+00
eaf84d7a-b002-437e-8a0f-112591ec1c5c,a5674600-02fc-4ee2-a534-ebffca2035c7,fd0ad533-d935-4dc2-b330-da17d310959f,2026-03-13 11:00:00+00
80637b6f-2516-47c8-9f51-33e5e4a6ed72,a898fd75-c28f-49f2-b5b3-768330c8e4c6,98351dbc-dfa2-489a-9745-5e7030619fd5,2026-03-18 09:00:00+00
bba6b5b3-172d-4b93-bd9f-7547e9c1eec6,3d9fd365-32f8-498a-8ed4-6a47924ae7f2,4b7a1347-ea43-4cb2-9ca0-25adc58026e7,2026-03-26 16:00:00+00
17634bca-7ca7-4e9b-932b-8f8c1a51df90,a572e1fc-ff11-4875-8646-60f13f97be4e,a5b2e686-48c5-4f80-8cad-3e03cb45bf32,2026-03-20 12:00:00+00
7be46f11-7b08-4649-9d3c-9581268f29da,027f240a-3e29-4ac0-a1a8-710fee7baac6,2d2fd71e-f7db-43e2-a59e-be7c09845ba8,2026-03-21 13:00:00+00
e487041f-ac71-4e83-ac1f-001434907243,d8d9573e-2946-4b7c-a428-10382a7bb2ad,542f51c9-6ad0-42ca-a52f-9f69f72bf381,2026-03-17 10:00:00+00
d02f1e19-3ce6-42dd-b9b8-e2a54001699a,f750fef1-a148-41c8-89d2-6eba75a61cbc,bb97de74-6b2c-4ddb-b6fa-b2fc134d2548,2026-03-25 11:00:00+00
1dd81fdb-c6e1-45f8-bae8-46bd732e94a8,896d923d-87a0-468c-948f-9961a4931b31,4b7a1347-ea43-4cb2-9ca0-25adc58026e7,2026-03-19 09:00:00+00
219c0039-02e5-4804-8473-b2f33082a8e3,b4101217-3be3-4d7c-a5e0-2651fb0320a0,4b7a1347-ea43-4cb2-9ca0-25adc58026e7,2026-03-16 15:00:00+00
4b1924e2-8d6d-4143-96ca-3068a8d6b77d,6fd20115-ac17-4bd6-9e4e-ade17819d44f,4b7a1347-ea43-4cb2-9ca0-25adc58026e7,2026-03-18 18:00:00+00
d16c19d9-f2dc-4d13-a58b-1d449f92e978,676484ab-84c6-4cfa-8a48-037844525bee,c3369d05-51dc-4f33-83fa-638250c49bec,2026-03-28 09:00:00+00
ea6f37d6-1321-4627-a7aa-b61c17d8587e,b4101217-3be3-4d7c-a5e0-2651fb0320a0,4b7a1347-ea43-4cb2-9ca0-25adc58026e7,2026-03-13 16:00:00+00
13f0f81d-c86e-4a52-baec-4ad7f688c246,9a773e20-523f-426d-b32b-2f5f8aaa75c9,4b7a1347-ea43-4cb2-9ca0-25adc58026e7,2026-03-22 16:00:00+00
9dfe9038-01ce-42f6-96ae-af9dcbcde126,43d41247-2aee-4c74-ac3b-37be7b3404f6,5ded9658-febb-4ef4-b703-1c24eb8814bf,2026-03-17 09:00:00+00
73697ea4-258e-4029-82e1-73dd0551855d,dfa8bee4-08f0-44f2-87e2-9cd9a473fb97,4b7a1347-ea43-4cb2-9ca0-25adc58026e7,2026-03-21 17:00:00+00
63bedab6-ab6d-4998-a9c1-44610b455abf,27147332-d8ad-4631-a134-2c386a2b7c46,4b7a1347-ea43-4cb2-9ca0-25adc58026e7,2026-03-19 12:00:00+00
daf3ee27-a08b-495f-8656-0842adc34238,1124ad69-800c-4e31-a45d-7b219d46e676,64a87cbe-966d-4325-be35-fb6542235ab1,2026-03-15 14:00:00+00
7388b47e-1ea0-40a8-b858-79752d296236,b21fd889-1e9d-46a4-b226-a8ae8f8d5005,42d09375-3a92-44af-859e-e8a4e09f45b3,2026-03-28 12:00:00+00
cce17748-c670-4456-8947-124a669276d1,4935010e-e354-48d3-90f5-a93f88bdcc37,4b7a1347-ea43-4cb2-9ca0-25adc58026e7,2026-03-22 16:00:00+00
57d08901-ef0d-4ffb-8d5c-8a7706c6c2bb,22de5625-a044-4491-9e56-da8cafa79ec0,f23e9672-8cfc-403e-99fd-a9f1848eef60,2026-03-20 12:00:00+00
2fb135f1-6ca3-4988-9d9e-d25e635a6158,35c37ff8-7e75-4220-af7c-33f0d6164c43,bd8174ca-1fa3-446a-b372-fb0ab85ad87c,2026-03-23 09:00:00+00
287b6b5e-03b9-406f-9b06-8785a99bd048,6aa6b875-b7b2-4588-b756-233e61081026,64a87cbe-966d-4325-be35-fb6542235ab1,2026-03-19 10:00:00+00
3e54d502-2b2b-4a7b-a9d8-7b076299c9d1,88071374-c4e5-45b5-bde0-ccd4d83ab836,a5b2e686-48c5-4f80-8cad-3e03cb45bf32,2026-03-26 14:00:00+00
bd3e9a34-2b7d-490d-b58e-ffad72e697b4,cbed2d9b-e3ce-420e-88cd-65d78ca34c39,f23e9672-8cfc-403e-99fd-a9f1848eef60,2026-03-13 10:00:00+00
8e3aa2bb-2649-429a-8576-99ca09270e75,7977271f-e5ac-42ca-9486-b517ad0fa05c,4b7a1347-ea43-4cb2-9ca0-25adc58026e7,2026-03-19 17:00:00+00
36aec08c-077f-4604-bd10-b512db2f9b7e,e29faec1-a74f-47b0-9742-4a65302b2ae4,4deb2340-5d89-48d1-b221-9b99cce35922,2026-03-18 10:00:00+00
72cbc8cf-fe84-48ee-ac3b-c4c458b2e27c,13e63524-b2f6-4a6e-97bb-8fbb5c9bf488,98351dbc-dfa2-489a-9745-5e7030619fd5,2026-03-15 16:00:00+00
b35959a0-a28a-4b20-a5fa-0a0487410c47,ef48f56f-c3a1-42f0-97d3-38752efc487d,8c5ffe2b-583f-45d1-80ae-8bc0c42bf4ea,2026-03-22 13:00:00+00
8bde4239-2b65-427f-955d-1b7c38e0cf0c,3d93c110-9bbe-4850-a7d9-f03a14e731fc,5ded9658-febb-4ef4-b703-1c24eb8814bf,2026-03-15 11:00:00+00
76bc8c74-1691-4820-9cd1-c08a0fd035ed,77642c85-e77d-472e-a630-160c6236c157,c3369d05-51dc-4f33-83fa-638250c49bec,2026-03-15 10:00:00+00
4606e3e1-d0d9-4ae3-9a82-56d77ebbf128,00b85947-036c-4695-90b8-e99838d56f7d,bb97de74-6b2c-4ddb-b6fa-b2fc134d2548,2026-03-25 13:00:00+00
7b7bd22a-b406-49c8-8b68-b82a5ed25ca5,6ff4b208-5b5a-42dc-bae1-b44d1cb3e13d,f23e9672-8cfc-403e-99fd-a9f1848eef60,2026-03-20 14:00:00+00
c333bf4a-c8eb-4d51-a90a-2efa7d5f1184,426e86e3-146c-45e8-8664-3901feaa316c,64ed7dff-6373-4012-bb9b-2594dc30bb3d,2026-03-14 15:00:00+00
e35a5ff2-ebda-425f-8db9-1d4068feac91,cfaa9bc0-61ff-4909-bdcf-8db08a2207b1,4deb2340-5d89-48d1-b221-9b99cce35922,2026-03-13 17:00:00+00
fdaca827-1d59-42d0-bd31-bff4444b2604,88071374-c4e5-45b5-bde0-ccd4d83ab836,c3369d05-51dc-4f33-83fa-638250c49bec,2026-03-18 10:00:00+00
734e15f5-accd-4c2a-b8ef-2313d6730375,4dda6dc5-6400-418f-9aaf-f4eafe837e87,4b7a1347-ea43-4cb2-9ca0-25adc58026e7,2026-03-23 18:00:00+00
9831e002-824e-409f-b9dd-f77f9a4f74ec,96afb56c-6dfc-43b8-83ed-068e8c0ba925,4deb2340-5d89-48d1-b221-9b99cce35922,2026-03-18 10:00:00+00
8eba4e66-90a8-4ca5-87a8-f64244656e8e,50e4bea2-4a02-4da1-8dc7-beef66f1e5b5,97f1e87c-792a-4a5b-9606-5221bd2ac53c,2026-03-19 18:00:00+00
4c0fd92e-1a43-4fc7-aeda-17c016a9234f,6ba4acc2-a4ea-4d36-a675-3943e533e869,ec172928-8cff-4a66-afa9-a8b99e4e126b,2026-03-26 12:00:00+00
65d4bb9f-ce45-4a3f-93b2-4c64a79b039b,6f3641f3-d53f-4639-ad55-13c9047d121e,a5b2e686-48c5-4f80-8cad-3e03cb45bf32,2026-03-19 14:00:00+00
f4b17e8c-b3a3-44de-b018-c857dfb66c7d,2d982f11-a04f-4669-9f85-2a464f241483,13cbcd91-b47e-400b-9607-f0e3d1bd2877,2026-03-27 11:00:00+00
bea33fa3-d18b-41a2-942c-d78dab961250,d653df1e-e3e0-43ce-8816-4bb6e269acdb,e5195590-6fca-426a-8fe9-97132edf458e,2026-03-21 15:00:00+00
0bc8c342-ab54-485a-83d2-40709311496b,f5d33f4a-c746-4609-9562-f11441bed53a,4b7a1347-ea43-4cb2-9ca0-25adc58026e7,2026-03-27 12:00:00+00
73878f3d-4d91-40dc-a1c1-fdffd3af571e,58b22874-7866-499e-b41f-5eeb343aad1e,2d2fd71e-f7db-43e2-a59e-be7c09845ba8,2026-03-22 13:00:00+00
f59f15db-32f6-43ef-92a2-70f02d637f12,d9172c5c-ab84-45b8-94fa-86be9a4f5105,fd0ad533-d935-4dc2-b330-da17d310959f,2026-03-14 18:00:00+00
e1d40b59-e797-4615-a23e-efaf4ef3bd01,75af8df0-9c55-4642-96d3-c6534caea481,97f1e87c-792a-4a5b-9606-5221bd2ac53c,2026-03-21 10:00:00+00
38465a1b-bc74-47f5-93e3-c47e0ca0ecb5,3d93c110-9bbe-4850-a7d9-f03a14e731fc,bb97de74-6b2c-4ddb-b6fa-b2fc134d2548,2026-03-22 09:00:00+00
3e204a55-6ca9-41ad-98dc-11934d14aea6,43d41247-2aee-4c74-ac3b-37be7b3404f6,fd0ad533-d935-4dc2-b330-da17d310959f,2026-03-16 16:00:00+00
2699132c-0b87-4f5a-8b94-22d173398e85,ac3e95a4-4b20-4bd8-8e6f-3e4551c569c0,c3369d05-51dc-4f33-83fa-638250c49bec,2026-03-15 15:00:00+00
105073c9-2893-4ad3-a6ad-f00c35e44ffb,21fce4a1-6586-443a-bb5f-24a146baaa37,97f1e87c-792a-4a5b-9606-5221bd2ac53c,2026-03-22 18:00:00+00
3ae9c0ff-9d3d-4265-a6ea-e6895589a1bc,e26143c6-3adf-4201-a8da-49ad490ad77e,8c5ffe2b-583f-45d1-80ae-8bc0c42bf4ea,2026-03-23 14:00:00+00
c5a01f59-4b92-4f94-a346-664d825d5276,24c996fe-d746-4299-b32b-380f6daee7ea,a5b2e686-48c5-4f80-8cad-3e03cb45bf32,2026-03-22 09:00:00+00
9f5e2260-2e6c-4153-b30b-0c2e5321bde2,c7cc0e38-5e06-49cc-9583-450265650c3a,8c5ffe2b-583f-45d1-80ae-8bc0c42bf4ea,2026-03-22 10:00:00+00
e74ce9b7-26a7-47b1-acbe-a51e79e7360a,df767688-a2f6-4dac-8c8e-40c9311129d7,98351dbc-dfa2-489a-9745-5e7030619fd5,2026-03-19 14:00:00+00
acf16814-9879-4ea4-b672-0821b69b8f56,8e7c2c83-6897-4b6a-b96e-7d734faa63af,d64f9cb2-15b6-4bf1-8d2d-7e1bf13a563c,2026-03-15 15:00:00+00
3826b2d8-2011-4ce5-9f4f-23499a471d93,77147f9a-f41b-4e8e-8b05-d9b82f7904a2,4deb2340-5d89-48d1-b221-9b99cce35922,2026-03-27 15:00:00+00
d30cda2f-2a20-4b0b-b948-23b5aa0adc9b,9466fcda-cbfb-438a-81f3-aef28f258cfc,54c101f5-c21e-4f6e-9123-8a7e7add0f53,2026-03-24 16:00:00+00
48d54716-a767-42e3-a9ca-125e70779c90,6b88863a-8c03-4938-adc9-75b625c861bc,d64f9cb2-15b6-4bf1-8d2d-7e1bf13a563c,2026-03-16 13:00:00+00
d701ee3b-bc91-4a7d-9938-bce4c64a64a7,fe4d910c-04e3-4a79-b0b0-b7dd8abb8ba8,e0e21900-8982-4c15-b155-2a12f683d6d9,2026-03-15 17:00:00+00
6fb368f1-01d3-4efe-807e-d23e4f2d7272,d8249b92-3841-4a3f-af23-1678614e8659,f23e9672-8cfc-403e-99fd-a9f1848eef60,2026-03-13 11:00:00+00
3cbd49ac-3d1c-459d-8bb6-9350c413dc4f,896d923d-87a0-468c-948f-9961a4931b31,c3369d05-51dc-4f33-83fa-638250c49bec,2026-03-25 15:00:00+00
826295f6-6362-4b29-bbd6-f8de9a16e4da,c03905aa-439a-4ea2-88e7-642b4464fa7f,a5b2e686-48c5-4f80-8cad-3e03cb45bf32,2026-03-17 18:00:00+00
92165f37-23dc-4da7-9964-a851f2370bee,de44337e-17bd-4097-8dad-7ccee1bcd4bf,e0e21900-8982-4c15-b155-2a12f683d6d9,2026-03-15 17:00:00+00
db22ef3d-de13-4a9b-9cb2-5efbe3abfb6b,a898fd75-c28f-49f2-b5b3-768330c8e4c6,e5195590-6fca-426a-8fe9-97132edf458e,2026-03-24 16:00:00+00
50781e70-ed62-49fa-888a-15d60c6bb22f,8e7c2c83-6897-4b6a-b96e-7d734faa63af,d64f9cb2-15b6-4bf1-8d2d-7e1bf13a563c,2026-03-21 17:00:00+00
76061e4d-0c59-49c9-b614-0e802a3b5c3e,88071374-c4e5-45b5-bde0-ccd4d83ab836,a5b2e686-48c5-4f80-8cad-3e03cb45bf32,2026-03-16 11:00:00+00
0014be5f-7106-4eb2-97a3-7d2bfe6bd737,b4d106d3-764f-4de1-b48d-0ab2ccff060a,bb97de74-6b2c-4ddb-b6fa-b2fc134d2548,2026-03-25 13:00:00+00
50adc395-be7b-4a6c-b6b1-79695a55e01b,1ba786a6-5ac9-4dc2-be2b-3c9f40dc498a,64a87cbe-966d-4325-be35-fb6542235ab1,2026-03-22 12:00:00+00
527d07ef-5a3f-4f5f-bc7a-7c25f461f073,dca4776f-6566-46dd-bbf9-81a15e7a9a0d,bd8174ca-1fa3-446a-b372-fb0ab85ad87c,2026-03-21 18:00:00+00
8c6cdbd3-e809-415e-ae22-fd5f25b01b94,775b7504-5841-4e93-8231-16f210ef87a2,5ded9658-febb-4ef4-b703-1c24eb8814bf,2026-03-28 09:00:00+00
a2e82184-08c9-483a-a71a-4a24a2a4542a,abdce89d-86e2-4dc9-9270-f92b70e5abcd,c3369d05-51dc-4f33-83fa-638250c49bec,2026-03-25 15:00:00+00
30fa723b-55c8-4a7f-a47c-a67b49a2e629,6e8b0bc3-fd27-4d01-a13c-14a9a6aa03bb,42d09375-3a92-44af-859e-e8a4e09f45b3,2026-03-23 15:00:00+00
b18e6d5a-00b9-49ab-b763-2db44dc99428,c293d3b1-4ec6-4f9c-b240-66951b034cfe,42d09375-3a92-44af-859e-e8a4e09f45b3,2026-03-20 11:00:00+00
774564e4-728b-4c67-b1bd-7082e71ea2d9,ea46f340-5ae0-4629-a669-5ac3c2b3eef6,4262afba-df16-4273-9a48-73d41c1c631a,2026-03-24 17:00:00+00
6a64dc4e-5cfb-4aa6-8b66-1a0802bc47b7,6e46d3f8-dc5a-4ce8-8a82-49b420cedc94,4b7a1347-ea43-4cb2-9ca0-25adc58026e7,2026-03-22 09:00:00+00
4ec7c208-a954-437f-aeb9-5035f9288041,00b85947-036c-4695-90b8-e99838d56f7d,8c5ffe2b-583f-45d1-80ae-8bc0c42bf4ea,2026-03-17 14:00:00+00
2cc78e8e-d12f-48cb-81fb-a3e2ab2cfe9e,896d923d-87a0-468c-948f-9961a4931b31,4b7a1347-ea43-4cb2-9ca0-25adc58026e7,2026-03-20 10:00:00+00
9f75c58b-b5e2-4635-a3ad-e352a191766e,c906e597-f09b-4a7b-8e79-291d3921bb2f,bd8174ca-1fa3-446a-b372-fb0ab85ad87c,2026-03-16 09:00:00+00
c1f3398f-e74f-49a9-acbb-1f5661ec8a94,4ac161b2-aa19-4f14-9149-4ff21ea6df83,4b7a1347-ea43-4cb2-9ca0-25adc58026e7,2026-03-26 14:00:00+00
9c2b2f90-efd2-4651-927a-78700cafe761,2ebded65-4ef7-49f5-9a7e-6dc674d75ea0,c3369d05-51dc-4f33-83fa-638250c49bec,2026-03-24 18:00:00+00
8b05fd34-86a5-44a2-b7d9-a92edb89c9d5,345fb33f-58ba-4f95-b1aa-0631bec10a61,4deb2340-5d89-48d1-b221-9b99cce35922,2026-03-27 16:00:00+00
e754e23b-9bb2-49f8-9c2b-97cd5c1fc87b,11d18861-c594-489b-aabc-122c463ab1f5,c3369d05-51dc-4f33-83fa-638250c49bec,2026-03-13 18:00:00+00
92a019e4-5cde-4579-ab30-1c9984f29c71,6ba4acc2-a4ea-4d36-a675-3943e533e869,97f1e87c-792a-4a5b-9606-5221bd2ac53c,2026-03-25 10:00:00+00
d5f27594-f913-4875-8d67-13ad34a489c0,7ee662d4-5381-4c7d-a59c-31a3588526a9,c3369d05-51dc-4f33-83fa-638250c49bec,2026-03-19 13:00:00+00
69a6c10b-6d97-42f4-975a-49aaac3a3f51,e7281ca4-6342-4d28-8837-63791e77015b,42d09375-3a92-44af-859e-e8a4e09f45b3,2026-03-21 17:00:00+00
00a7d31b-05c2-4c96-a912-41e0012fd7f3,bac51acf-4234-40d6-996c-35c04c9739bf,e0e21900-8982-4c15-b155-2a12f683d6d9,2026-03-15 17:00:00+00
52583009-b950-45e6-9154-51b9c8a67225,6d57b99a-5bc5-46ae-aee4-65e77e712f35,e5195590-6fca-426a-8fe9-97132edf458e,2026-03-27 13:00:00+00
0935e145-c522-494b-9444-83bc54b0d953,6b88863a-8c03-4938-adc9-75b625c861bc,d64f9cb2-15b6-4bf1-8d2d-7e1bf13a563c,2026-03-26 14:00:00+00
1a33453e-542f-4da5-abf6-9888960a8537,b30b23c7-3745-4118-92e4-c97bf9875a59,13cbcd91-b47e-400b-9607-f0e3d1bd2877,2026-03-20 18:00:00+00
705408d7-dde0-4acf-b009-6fa82c2a883f,ac3e95a4-4b20-4bd8-8e6f-3e4551c569c0,c3369d05-51dc-4f33-83fa-638250c49bec,2026-03-22 17:00:00+00
bcee163a-9a70-41d4-b1e5-d329362a56da,45f4eea9-0966-489d-9128-eab5e836eb95,e0e21900-8982-4c15-b155-2a12f683d6d9,2026-03-23 09:00:00+00
e9d443a2-f59f-4e30-883a-5c41867b67e6,d8249b92-3841-4a3f-af23-1678614e8659,8c5ffe2b-583f-45d1-80ae-8bc0c42bf4ea,2026-03-20 10:00:00+00
c63507b9-a2b6-4898-b09d-db22e1054ac4,3472bb1f-bddc-4d3e-bd4e-6f6ea9886c46,f23e9672-8cfc-403e-99fd-a9f1848eef60,2026-03-21 13:00:00+00
337fe162-b202-4101-a06b-f3cfc945a5e4,4a81965d-92c8-4a65-b80a-a40be123471b,4b7a1347-ea43-4cb2-9ca0-25adc58026e7,2026-03-15 13:00:00+00
7f2126b8-b1d0-4fad-b241-e9fc74eb79e2,554a820a-73ec-4123-a3e5-1e551a823a4a,e0e21900-8982-4c15-b155-2a12f683d6d9,2026-03-14 11:00:00+00
a5e642f3-abb5-4877-89ac-fb55bd559055,24c996fe-d746-4299-b32b-380f6daee7ea,c3369d05-51dc-4f33-83fa-638250c49bec,2026-03-22 10:00:00+00
141f6d14-6c08-467b-b4c1-eec50612b301,77147f9a-f41b-4e8e-8b05-d9b82f7904a2,42d09375-3a92-44af-859e-e8a4e09f45b3,2026-03-25 10:00:00+00
aa1e4aa0-50e0-440a-bfdd-7954a87f61b2,428acf49-d539-45ec-ac88-bd9de2dca5ff,fd0ad533-d935-4dc2-b330-da17d310959f,2026-03-23 17:00:00+00
468eedc1-9eb4-4cc3-b8ff-ee6e976314ca,27147332-d8ad-4631-a134-2c386a2b7c46,42d09375-3a92-44af-859e-e8a4e09f45b3,2026-03-15 17:00:00+00
7dd29ca7-dedc-4006-bfc5-197995086c70,499e5f16-e6ba-4646-91f0-d241497812bc,a5b2e686-48c5-4f80-8cad-3e03cb45bf32,2026-03-19 10:00:00+00
946c0c92-1dd9-4c2e-b5d5-0227600bc756,7ed4196c-c558-4ece-b593-1b1b8eabd43b,bb97de74-6b2c-4ddb-b6fa-b2fc134d2548,2026-03-23 16:00:00+00
a3cfc47e-1b99-4f98-a072-b4f3d5bbf4bb,4149ebd6-4b97-44f3-9438-e4a49a8b1c93,13cbcd91-b47e-400b-9607-f0e3d1bd2877,2026-03-24 12:00:00+00
0c738234-b939-4ca7-b69b-53ec218940ef,e1ae4ee5-228d-49b6-9288-d7007c0d78ff,a5b2e686-48c5-4f80-8cad-3e03cb45bf32,2026-03-27 13:00:00+00
66de3ae2-ed28-4be2-ab04-42cbea877a3a,de6a5aaf-d001-430a-a43d-0389c9291aff,c3369d05-51dc-4f33-83fa-638250c49bec,2026-03-15 15:00:00+00
21fbc0dd-19e3-46a2-9583-14775c377ad2,921a7068-5872-4756-b38b-21a2083e46ef,e0e21900-8982-4c15-b155-2a12f683d6d9,2026-03-16 10:00:00+00
75730fb0-1572-43c7-979f-bad2b4033476,495d1856-ae2c-410a-948d-513980eea4bb,bd8174ca-1fa3-446a-b372-fb0ab85ad87c,2026-03-20 14:00:00+00
9241db17-5ab7-4a78-b9df-5f5113363129,529ec8d1-045c-4a4b-9c06-351a52ae5d9c,bd8174ca-1fa3-446a-b372-fb0ab85ad87c,2026-03-25 16:00:00+00
46acc4bc-0339-469c-96ab-374416a47a36,0a736495-cb89-446b-9e7a-24151d2fb8e5,42d09375-3a92-44af-859e-e8a4e09f45b3,2026-03-19 12:00:00+00
cdd80971-693b-4786-9b0e-cbcbc0f4f37c,6e3b8e45-03ea-48b9-a788-6d07ec89e181,5ded9658-febb-4ef4-b703-1c24eb8814bf,2026-03-16 15:00:00+00
edc305ea-8fc6-4309-b1b4-ae94d30e6ddc,bd60d8ae-7cbd-407c-8a7e-439a739785c9,d64f9cb2-15b6-4bf1-8d2d-7e1bf13a563c,2026-03-25 09:00:00+00
f502a94d-5cd7-4a5e-b844-9c5ac2c79d7d,bd159b3c-bbb6-406f-a21a-b2bf9554f861,8c5ffe2b-583f-45d1-80ae-8bc0c42bf4ea,2026-03-13 14:00:00+00
84ca0f40-b918-4447-99d3-7802332b9e63,f81a34e3-e0d7-4d5c-b478-808c087a3859,d64f9cb2-15b6-4bf1-8d2d-7e1bf13a563c,2026-03-26 14:00:00+00
b2dc4b24-74c6-4b92-9084-0a688c17e9f7,4e467dbf-d947-40ff-ba44-3dd199d242b5,e0e21900-8982-4c15-b155-2a12f683d6d9,2026-03-18 15:00:00+00
4a9d1526-2085-416e-bb46-e7bd809e7b14,77d97a73-086e-4df8-8514-e7f26bee6625,4b7a1347-ea43-4cb2-9ca0-25adc58026e7,2026-03-23 09:00:00+00
82db518f-b3c8-48af-afa4-bccd5e3ff676,cabe02ce-7b87-4111-926f-c43bd9a3760f,64ed7dff-6373-4012-bb9b-2594dc30bb3d,2026-03-19 16:00:00+00
9b8b2c24-51dc-45a9-88ef-e5c8091f6d2f,7bdf5069-1fbc-4234-b1a2-a6c3520c4a3c,13cbcd91-b47e-400b-9607-f0e3d1bd2877,2026-03-27 10:00:00+00
68b5a9ca-1f23-4299-8c36-e6e7f3e5ce7d,08aacce8-18f2-41f9-a035-b3134659026b,4b7a1347-ea43-4cb2-9ca0-25adc58026e7,2026-03-17 10:00:00+00
ad616832-f24f-484d-82a4-a5b778f0dee6,2d982f11-a04f-4669-9f85-2a464f241483,4b7a1347-ea43-4cb2-9ca0-25adc58026e7,2026-03-14 12:00:00+00
8c3df72e-c120-4961-b316-0e62477115bf,775b7504-5841-4e93-8231-16f210ef87a2,e5195590-6fca-426a-8fe9-97132edf458e,2026-03-13 17:00:00+00
33aaf290-d81e-4d47-8077-83d38faa5055,bf3a8e89-d735-4b99-8faa-654eda84d122,2d2fd71e-f7db-43e2-a59e-be7c09845ba8,2026-03-16 17:00:00+00
92389fac-35ef-445a-8d4f-eb585fa311d1,de44337e-17bd-4097-8dad-7ccee1bcd4bf,4262afba-df16-4273-9a48-73d41c1c631a,2026-03-13 16:00:00+00
71c1c4a1-0c5b-4196-aa9f-28198fcc6975,c84a9325-974e-49fd-8d5a-6504c0718248,4b7a1347-ea43-4cb2-9ca0-25adc58026e7,2026-03-17 18:00:00+00
5668130d-7f59-4b34-9fb4-c637b7dea3f0,9a773e20-523f-426d-b32b-2f5f8aaa75c9,42d09375-3a92-44af-859e-e8a4e09f45b3,2026-03-24 10:00:00+00
42aa2368-1d6e-4e94-a239-c64b79ecb2ed,e8c2daea-f8ad-4c3a-a79c-e25f6845f30b,4b7a1347-ea43-4cb2-9ca0-25adc58026e7,2026-03-25 13:00:00+00
c8d2afab-23df-4ddb-9070-e99d09fea2ce,8bb74338-1e5f-4856-a403-920f00262ffd,a5b2e686-48c5-4f80-8cad-3e03cb45bf32,2026-03-27 18:00:00+00
e50b8ca3-683f-47b4-8c0f-8f7b456fceb8,915d1982-5f38-4446-9748-00b7be397793,4b7a1347-ea43-4cb2-9ca0-25adc58026e7,2026-03-25 16:00:00+00
ec681a9a-cdbc-4c67-8d86-22ecbe1afe9d,852b6306-def3-42d5-ae88-a114a75ae65d,13cbcd91-b47e-400b-9607-f0e3d1bd2877,2026-03-20 09:00:00+00
13a2fdd2-6844-4a22-8d46-c93deca5db77,749c1041-1b9a-4849-8736-e625a698b968,4b7a1347-ea43-4cb2-9ca0-25adc58026e7,2026-03-14 13:00:00+00
aabd57d4-2dd4-4960-99ad-c17c95e729c5,26c6c082-2f97-4ef5-b1c1-2a1a55cb0f3a,42d09375-3a92-44af-859e-e8a4e09f45b3,2026-03-23 11:00:00+00
b93f08d9-d6b7-4e04-a3e0-583608033033,0f4147f4-f5e8-4dbe-8a91-4836df8b1139,98351dbc-dfa2-489a-9745-5e7030619fd5,2026-03-16 11:00:00+00
ed7e2a49-f6cc-4fca-a27d-dd0d1b77b611,132174fa-c732-4ddb-a60d-58ed420bc6c8,bd8174ca-1fa3-446a-b372-fb0ab85ad87c,2026-03-22 18:00:00+00
dcd19b99-c622-428a-b9ca-a0d07239bdfc,b1994724-ed90-4d4e-a85e-6eb0e2ede1b1,8c5ffe2b-583f-45d1-80ae-8bc0c42bf4ea,2026-03-14 14:00:00+00
d8d3200d-23d3-449f-97e9-d7e2f8b127ef,df65a139-6c6a-4481-bc8a-2f8dd57b334a,13cbcd91-b47e-400b-9607-f0e3d1bd2877,2026-03-27 10:00:00+00
8dfe67d3-1055-49be-8ff9-79f1c8260994,49f45dd7-3a4c-4d9f-b0fd-e2bed76ded71,e0e21900-8982-4c15-b155-2a12f683d6d9,2026-03-18 15:00:00+00
0e63b821-73f3-4999-bf96-9c58b7c28029,8f7f5663-db93-4434-b989-a5cc26c76a40,a5b2e686-48c5-4f80-8cad-3e03cb45bf32,2026-03-27 10:00:00+00
3fe3685d-5b7f-4f98-b117-1a1a7fd57e9b,7977271f-e5ac-42ca-9486-b517ad0fa05c,42d09375-3a92-44af-859e-e8a4e09f45b3,2026-03-15 16:00:00+00
69b65e46-d60a-4406-b204-35b829f9e093,a898fd75-c28f-49f2-b5b3-768330c8e4c6,5ded9658-febb-4ef4-b703-1c24eb8814bf,2026-03-16 18:00:00+00
72ac5b44-0229-4921-85b5-603608e1964e,93cc5c49-be37-44ef-ab75-7d8f24a54386,a5b2e686-48c5-4f80-8cad-3e03cb45bf32,2026-03-22 10:00:00+00
f87f673f-b193-42ae-9022-d1ea0ab9e130,27540865-aaa0-4c49-860d-fc262dec2b2e,4b7a1347-ea43-4cb2-9ca0-25adc58026e7,2026-03-18 10:00:00+00
15ace624-334a-405e-84db-aa21ca826ef6,6be2dd5b-220c-4159-aded-df9258d956e6,64a87cbe-966d-4325-be35-fb6542235ab1,2026-03-19 15:00:00+00
5853446f-6007-470e-a708-d7cfa5499ae7,161620e5-266a-4216-8307-70a9b36a4020,e0e21900-8982-4c15-b155-2a12f683d6d9,2026-03-16 15:00:00+00
79ef9c89-596e-4a38-a560-9c4242871964,946a7719-bc03-46da-a9f6-03568d283605,a5b2e686-48c5-4f80-8cad-3e03cb45bf32,2026-03-26 13:00:00+00
030afa51-536b-4ecd-b802-5a712a22f199,78e74865-f928-4ebb-b3f2-066820a7855a,fd0ad533-d935-4dc2-b330-da17d310959f,2026-03-27 10:00:00+00
db7fab5d-48f2-4ee7-a0c2-d8c800f8231a,ea3b32a3-eec0-47ff-9f69-f1d00a9cfa8c,4deb2340-5d89-48d1-b221-9b99cce35922,2026-03-17 13:00:00+00
cddbd59f-aa92-4a53-8b79-986e1a6be10f,2245e4ce-4868-4493-a9c4-6451303b566d,97f1e87c-792a-4a5b-9606-5221bd2ac53c,2026-03-14 12:00:00+00
2ef973e0-f599-4be6-b724-880681401e4a,c84a9325-974e-49fd-8d5a-6504c0718248,4b7a1347-ea43-4cb2-9ca0-25adc58026e7,2026-03-23 16:00:00+00
993a89e8-9cd3-4d87-a121-a48430bf5693,eb47550c-5bb1-42ca-a792-41dd75d8c786,a5b2e686-48c5-4f80-8cad-3e03cb45bf32,2026-03-27 10:00:00+00
11592c32-f9f1-40d0-96e4-7251310210c9,ea46f340-5ae0-4629-a669-5ac3c2b3eef6,e0e21900-8982-4c15-b155-2a12f683d6d9,2026-03-19 18:00:00+00
470ffa9e-03a5-4fa9-b7bb-f8bde4b75b8f,457f23f0-6e16-43d9-b0e0-8a3faf33cfd0,4262afba-df16-4273-9a48-73d41c1c631a,2026-03-13 09:00:00+00
485a8302-5c47-423d-9530-1a4aa489ba05,6b88863a-8c03-4938-adc9-75b625c861bc,97f1e87c-792a-4a5b-9606-5221bd2ac53c,2026-03-17 16:00:00+00
a6f62e9c-cb0f-426a-81b1-ba8597bb4740,012d71da-7843-4252-b3d6-5ce91009b92d,bd8174ca-1fa3-446a-b372-fb0ab85ad87c,2026-03-19 11:00:00+00
f25f96eb-d1ad-4d98-865b-858eee7085f0,822176c1-7d00-49a1-9818-05ba526c9321,4b7a1347-ea43-4cb2-9ca0-25adc58026e7,2026-03-24 09:00:00+00
cbc3717d-9c45-40ae-921f-c922ccf1279d,d8249b92-3841-4a3f-af23-1678614e8659,2d2fd71e-f7db-43e2-a59e-be7c09845ba8,2026-03-19 14:00:00+00
e1545976-7ebe-4955-8624-c3fcbd5d5520,852b6306-def3-42d5-ae88-a114a75ae65d,bd8174ca-1fa3-446a-b372-fb0ab85ad87c,2026-03-27 14:00:00+00
4c9e80c3-71cc-475c-8908-64a56f20986c,c66d3167-23ce-43ea-9a66-b7236af75279,a5b2e686-48c5-4f80-8cad-3e03cb45bf32,2026-03-17 18:00:00+00
46f4301f-7966-461e-ae33-e897f4b589b6,7977271f-e5ac-42ca-9486-b517ad0fa05c,a5b2e686-48c5-4f80-8cad-3e03cb45bf32,2026-03-28 14:00:00+00
7cf92cc2-f2eb-4bb5-94db-bb75f00fa1a2,6e08ac01-6708-4e8d-be27-75541640b73e,a5b2e686-48c5-4f80-8cad-3e03cb45bf32,2026-03-24 18:00:00+00
405bfe99-8f23-44eb-9ce8-23a0b8fbe22c,c66d3167-23ce-43ea-9a66-b7236af75279,c3369d05-51dc-4f33-83fa-638250c49bec,2026-03-20 11:00:00+00
2825f888-776e-4802-9a8f-f55fd05b6740,2af85e44-9ff9-4fef-83bf-de7530a6c869,64a87cbe-966d-4325-be35-fb6542235ab1,2026-03-26 09:00:00+00
b02f4ac9-0f20-4f67-bb1f-68e327d311b5,fe4d910c-04e3-4a79-b0b0-b7dd8abb8ba8,e0e21900-8982-4c15-b155-2a12f683d6d9,2026-03-15 18:00:00+00
dc36cd0b-80e3-4883-93f8-d6cb1de3dbf2,37ac749e-1b82-474e-aae8-dfc2477b8b1b,d64f9cb2-15b6-4bf1-8d2d-7e1bf13a563c,2026-03-27 10:00:00+00
4a6d75e8-066b-446c-8123-3a68da13082a,e1ae4ee5-228d-49b6-9288-d7007c0d78ff,97f1e87c-792a-4a5b-9606-5221bd2ac53c,2026-03-22 11:00:00+00
80f870b2-7bf5-4487-891f-8b23eb462fb5,c7cc0e38-5e06-49cc-9583-450265650c3a,9a760b1c-6bba-44fb-8f6e-7a967f31e0ba,2026-03-17 09:00:00+00
609a73cf-ec89-4055-a03b-8c5c2aee4d63,8147959c-f687-4d38-af95-10742cfe2884,a5b2e686-48c5-4f80-8cad-3e03cb45bf32,2026-03-22 17:00:00+00
756413c9-7e00-4728-835b-58e36f35219e,67c87fc9-9291-4e72-b262-5a7e48896dc7,13cbcd91-b47e-400b-9607-f0e3d1bd2877,2026-03-21 15:00:00+00
20810367-0495-49b9-8353-fe9bb78393dd,a0497fed-2140-4b4c-91e6-25e7ae5cb7e2,e0e21900-8982-4c15-b155-2a12f683d6d9,2026-03-14 14:00:00+00
2565b233-544c-4849-bf0f-b4f3c3c18ced,f1d64049-84cc-4f75-8aca-bf5465854a96,e0e21900-8982-4c15-b155-2a12f683d6d9,2026-03-16 12:00:00+00
0e5a27c4-a6ac-41bb-a9cb-0afec12dc0a8,df71f24f-fa8e-45d6-ae68-c7ee0bd1f52f,fd0ad533-d935-4dc2-b330-da17d310959f,2026-03-27 10:00:00+00
7a8703de-85f0-48b8-bd28-6299b9bfb87c,e0e55d1f-0fbb-4f70-9731-aa61631a7619,c3369d05-51dc-4f33-83fa-638250c49bec,2026-03-16 09:00:00+00
a00de053-26ba-4512-b1a5-28851e90a862,ee0788b9-3f4e-4a87-ba02-c0602c726a29,64a87cbe-966d-4325-be35-fb6542235ab1,2026-03-26 13:00:00+00
d5af3242-914b-4794-b3b5-681d0ee3e5e2,331f9dc2-3de5-4a22-8efc-06502e462b34,2d2fd71e-f7db-43e2-a59e-be7c09845ba8,2026-03-20 10:00:00+00
a2425ddc-17d6-42b7-8915-1c47deeab3e4,f142e2cb-5163-424e-bd27-a1fda1bdc285,e0e21900-8982-4c15-b155-2a12f683d6d9,2026-03-16 12:00:00+00
cf020654-548a-440b-a6ab-531a67ee7a3d,f9069bb1-a0e8-4d0e-a0de-c73595239aaa,fd0ad533-d935-4dc2-b330-da17d310959f,2026-03-18 14:00:00+00
b1702045-d780-45b5-b623-76e62e5b77b8,b5e4e559-9122-47bd-a18f-33ca43e3790e,2d2fd71e-f7db-43e2-a59e-be7c09845ba8,2026-03-28 11:00:00+00
ee4dd147-3d9d-429a-84f4-723e41053834,35c37ff8-7e75-4220-af7c-33f0d6164c43,f23e9672-8cfc-403e-99fd-a9f1848eef60,2026-03-18 10:00:00+00
2fe445a8-40aa-499f-90d1-3a6962de8b14,6d399b1a-e459-4f03-9c13-f7f2589675ab,4deb2340-5d89-48d1-b221-9b99cce35922,2026-03-26 10:00:00+00
ba83d7e1-953c-4477-b030-24ddc2858e6d,d4ff2cfb-4f9f-4efe-9925-fd2207ba2ce1,ec172928-8cff-4a66-afa9-a8b99e4e126b,2026-03-27 18:00:00+00
02facc35-1411-4111-ada8-65ec96b5292f,2973e612-ae0a-49f8-b1ab-410a6d820ef0,e5195590-6fca-426a-8fe9-97132edf458e,2026-03-18 09:00:00+00
8278c347-39a4-44c2-8d18-8b24e85f4f40,c06eaee3-78ee-4a32-9892-1a9f2fbb60bb,a5b2e686-48c5-4f80-8cad-3e03cb45bf32,2026-03-26 16:00:00+00
fe81a1d0-14bb-4e0a-aab8-9a6dfb7ea930,a13e4846-11bd-4d46-b9b9-5fab6dbcfb27,13cbcd91-b47e-400b-9607-f0e3d1bd2877,2026-03-23 14:00:00+00
d479e161-6ba5-4c48-9d88-33de802f4f81,ef988c76-6b55-41a1-90e5-cacc349e3a08,13cbcd91-b47e-400b-9607-f0e3d1bd2877,2026-03-15 12:00:00+00
6f7d9a74-001d-42c9-bd16-c1d20afbad15,426e3f68-e3eb-444e-8975-c06c0075e00c,fd0ad533-d935-4dc2-b330-da17d310959f,2026-03-26 15:00:00+00
a666cbd0-e3c8-494e-9c50-b9eee07ed9cf,13e63524-b2f6-4a6e-97bb-8fbb5c9bf488,fd0ad533-d935-4dc2-b330-da17d310959f,2026-03-13 16:00:00+00
2376db69-2077-45b7-afe5-64b096eeaae7,9466fcda-cbfb-438a-81f3-aef28f258cfc,5ded9658-febb-4ef4-b703-1c24eb8814bf,2026-03-17 10:00:00+00
ad187049-7dd9-4bcc-b676-b434f5c131f2,616c7af7-b31e-4d6d-a1f3-557bf59f52ad,bd8174ca-1fa3-446a-b372-fb0ab85ad87c,2026-03-16 13:00:00+00
7914fa35-3cad-47eb-af54-6404184379a6,0e10f179-afcc-430c-af8e-7c87e3604f83,13cbcd91-b47e-400b-9607-f0e3d1bd2877,2026-03-28 14:00:00+00
018a8750-b4e8-4ae9-aa9d-810d0152ded3,6c4e5580-788a-4ab9-8904-5b3fa331e023,d64f9cb2-15b6-4bf1-8d2d-7e1bf13a563c,2026-03-18 14:00:00+00
3e940319-8a2b-4364-9d1e-fc96b95f036b,58b22874-7866-499e-b41f-5eeb343aad1e,9a760b1c-6bba-44fb-8f6e-7a967f31e0ba,2026-03-28 15:00:00+00
42bb6133-76f5-4ee7-b9af-e320ca00107a,7bdf5069-1fbc-4234-b1a2-a6c3520c4a3c,f23e9672-8cfc-403e-99fd-a9f1848eef60,2026-03-20 18:00:00+00
999ce19f-a76a-4f32-be3d-e9ae1d6783d2,2b0712dd-7b8a-48ba-a639-ae2121f9c101,f23e9672-8cfc-403e-99fd-a9f1848eef60,2026-03-18 12:00:00+00
41c8eb33-3c2f-402e-99c2-dca55c4ecfff,766c125a-3374-48a9-941e-3ec3eaeb6819,bb97de74-6b2c-4ddb-b6fa-b2fc134d2548,2026-03-17 09:00:00+00
50a5ea2a-4279-41f4-af6a-df7e8f4817d3,26c6c082-2f97-4ef5-b1c1-2a1a55cb0f3a,42d09375-3a92-44af-859e-e8a4e09f45b3,2026-03-28 13:00:00+00
c7b5e595-fe2e-4c43-8920-5fc81e7b6e5d,89b6d6d6-8f2c-4bbc-a136-7fde367ea32c,64a87cbe-966d-4325-be35-fb6542235ab1,2026-03-28 11:00:00+00
f5b8fab0-cde6-45a4-a204-7304fda63b16,fe4d910c-04e3-4a79-b0b0-b7dd8abb8ba8,e0e21900-8982-4c15-b155-2a12f683d6d9,2026-03-26 18:00:00+00
d2ccc823-b941-4bdc-986c-285ce8088a62,67c87fc9-9291-4e72-b262-5a7e48896dc7,fd0ad533-d935-4dc2-b330-da17d310959f,2026-03-18 15:00:00+00
60e8d4ab-dbac-4a53-ad5d-c50ff7789a00,4e490d35-0731-44ae-9084-cddac927c22d,4deb2340-5d89-48d1-b221-9b99cce35922,2026-03-14 14:00:00+00
b82166cb-c583-48cf-a227-e9529867371b,302424aa-d384-44e5-a350-022693b8c6b6,97f1e87c-792a-4a5b-9606-5221bd2ac53c,2026-03-28 09:00:00+00
0029cd13-3c80-4925-aa1f-bdd1f152cbec,c7cc0e38-5e06-49cc-9583-450265650c3a,64a87cbe-966d-4325-be35-fb6542235ab1,2026-03-15 16:00:00+00
11ea8a25-607f-403d-b6da-fc15a511b241,896d923d-87a0-468c-948f-9961a4931b31,bd8174ca-1fa3-446a-b372-fb0ab85ad87c,2026-03-21 14:00:00+00
f36c3827-dfdc-42ba-a7af-527be3e55b2e,b61d079d-ec62-4167-8eba-09a5727aaf7f,64ed7dff-6373-4012-bb9b-2594dc30bb3d,2026-03-19 13:00:00+00
3d37cd4a-6354-4a62-aab2-2b1b85f903fc,039a4d47-438f-4476-88e0-3c117d0ed60d,fd0ad533-d935-4dc2-b330-da17d310959f,2026-03-28 15:00:00+00
3f268d18-0524-4f86-bce5-84652e37f245,dcba661b-22b8-41a6-9d1c-ad491f079247,542f51c9-6ad0-42ca-a52f-9f69f72bf381,2026-03-18 12:00:00+00
79cba0a3-338b-4392-ab4c-634032f93e05,9803becc-e1fd-4cc3-ac4c-b4cdd8aeb526,5ded9658-febb-4ef4-b703-1c24eb8814bf,2026-03-15 11:00:00+00
d2446554-9316-4397-a7d7-9b7be2f6c7fd,393edef8-4a75-42e6-8139-6214ba1afc54,e5195590-6fca-426a-8fe9-97132edf458e,2026-03-13 15:00:00+00
be422480-6225-484d-9978-8a47d45d218a,775b7504-5841-4e93-8231-16f210ef87a2,ec172928-8cff-4a66-afa9-a8b99e4e126b,2026-03-20 13:00:00+00
ac07d4fc-ecb1-480f-99ad-3b69b74c3275,c182a12b-a193-4280-b6b8-4ce3a6435f95,4b7a1347-ea43-4cb2-9ca0-25adc58026e7,2026-03-13 17:00:00+00
bdab86ed-127f-4394-97c3-b0bcba1d60ce,75af8df0-9c55-4642-96d3-c6534caea481,64ed7dff-6373-4012-bb9b-2594dc30bb3d,2026-03-19 12:00:00+00
8b4172ff-72e4-457a-90b6-89710e2b72b7,f142e2cb-5163-424e-bd27-a1fda1bdc285,fd0ad533-d935-4dc2-b330-da17d310959f,2026-03-15 12:00:00+00
ac2ba8ba-befe-459c-919e-65c3d08ef87d,cabe02ce-7b87-4111-926f-c43bd9a3760f,c3369d05-51dc-4f33-83fa-638250c49bec,2026-03-24 13:00:00+00
d1f04ee0-1f01-4bef-ac52-3c0264ab42ef,c99b536d-0e2e-4f31-9afd-28d06a0cfdb3,f23e9672-8cfc-403e-99fd-a9f1848eef60,2026-03-16 09:00:00+00
d38b04e0-ea32-48e5-980c-0082375865ee,ef48f56f-c3a1-42f0-97d3-38752efc487d,42d09375-3a92-44af-859e-e8a4e09f45b3,2026-03-23 12:00:00+00
52e0a3a2-25ee-47d3-892f-74781949bceb,b6a253e5-c989-419b-bb40-221d6db28690,c3369d05-51dc-4f33-83fa-638250c49bec,2026-03-15 09:00:00+00
c7b8f025-dc51-4a72-955b-5224c9884c29,f2df112c-a597-43e7-9419-ad49a3fd8cf1,42d09375-3a92-44af-859e-e8a4e09f45b3,2026-03-28 12:00:00+00
fc3cbaeb-2f63-4d48-9fee-e57876a7bf92,e29faec1-a74f-47b0-9742-4a65302b2ae4,e0e21900-8982-4c15-b155-2a12f683d6d9,2026-03-20 14:00:00+00
dd390a8b-1987-4e2a-9c40-8af877aca945,72961cc2-ae0e-41e4-97f5-ba776f8f0606,9a760b1c-6bba-44fb-8f6e-7a967f31e0ba,2026-03-27 14:00:00+00
3440b0c6-8519-4859-9a69-73c45420a0e8,9e2697c6-1e4b-4d6a-89ef-af96f7ba23ca,a5b2e686-48c5-4f80-8cad-3e03cb45bf32,2026-03-14 12:00:00+00
58de0060-5f98-437e-80f4-ad06d49219a3,bf3a8e89-d735-4b99-8faa-654eda84d122,54c101f5-c21e-4f6e-9123-8a7e7add0f53,2026-03-20 16:00:00+00
d120e60b-a5fe-4868-9da3-8b9930696a20,161620e5-266a-4216-8307-70a9b36a4020,a5b2e686-48c5-4f80-8cad-3e03cb45bf32,2026-03-13 18:00:00+00
ad778e5a-45f4-4e9d-a7e4-1728443508c1,88071374-c4e5-45b5-bde0-ccd4d83ab836,4b7a1347-ea43-4cb2-9ca0-25adc58026e7,2026-03-17 18:00:00+00
51f015f8-92b1-4a77-a722-682bd1c97105,b29ad5d4-0aa1-4aad-b721-603b0889c479,64ed7dff-6373-4012-bb9b-2594dc30bb3d,2026-03-27 18:00:00+00
0f6038b8-38b0-4062-a629-4f611006c683,4b468df7-4954-4ea3-bf78-51fb3494e5dc,42d09375-3a92-44af-859e-e8a4e09f45b3,2026-03-15 14:00:00+00
f3bea137-6644-438b-bf2f-2f03892d7cfc,174bf56d-70d4-4290-bc7f-93d6d394cd8d,42d09375-3a92-44af-859e-e8a4e09f45b3,2026-03-21 13:00:00+00
e230d5d5-34af-4806-990c-6426d97fe54a,19ccb46f-0e6d-4bd7-8d38-ad794397249c,9a760b1c-6bba-44fb-8f6e-7a967f31e0ba,2026-03-19 14:00:00+00
798fb0f6-8c62-453f-8eec-b1da30cb0290,62239915-ec25-47b9-b4d5-c2af7e41072c,8c5ffe2b-583f-45d1-80ae-8bc0c42bf4ea,2026-03-21 09:00:00+00
a621ae16-d85d-4df6-be1c-f28b5039c200,c0d8a412-d081-4240-9b6e-5dd37819255d,c3369d05-51dc-4f33-83fa-638250c49bec,2026-03-17 14:00:00+00
d588546b-7f1d-4641-8ad0-8037697beb11,027f240a-3e29-4ac0-a1a8-710fee7baac6,e5195590-6fca-426a-8fe9-97132edf458e,2026-03-19 17:00:00+00
65777771-8d39-4f0a-9e9d-58b0f70d8bc9,7bc309fe-ea85-46ab-81dc-d1ea020b053e,64ed7dff-6373-4012-bb9b-2594dc30bb3d,2026-03-24 17:00:00+00
01eef474-b4e0-4770-b355-40cb4e0ad4ff,0c6da38a-5120-4e36-922f-8267fd2e8bd5,9a760b1c-6bba-44fb-8f6e-7a967f31e0ba,2026-03-15 13:00:00+00
7cdae6b3-02b5-438c-8c22-d7b9d690457b,33ffa9b2-1672-4142-aa4b-4467f4a84b2f,9a760b1c-6bba-44fb-8f6e-7a967f31e0ba,2026-03-18 18:00:00+00
19ce326a-146f-4adf-b2b7-58dc931d22a1,7f931bdb-76b2-47e4-ade8-481018bccdb2,e5195590-6fca-426a-8fe9-97132edf458e,2026-03-27 17:00:00+00
987444bb-516d-4d4f-b7cf-6dd2a20fa528,baf1bf94-1900-4af0-b43e-d0cbc2db3fc8,42d09375-3a92-44af-859e-e8a4e09f45b3,2026-03-27 15:00:00+00
e33b2301-291f-4a34-a0c4-e9206950fcb9,71bf25c5-1679-447c-afa4-db21a5c7ea79,8c5ffe2b-583f-45d1-80ae-8bc0c42bf4ea,2026-03-27 15:00:00+00
059eb2e4-2b4d-4209-bcfd-960eab0d436e,add9a632-67e1-46ec-86b4-6c83b944ef6d,bd8174ca-1fa3-446a-b372-fb0ab85ad87c,2026-03-17 16:00:00+00
3cbfa7c0-2759-41b3-aeaa-3f13d437af51,dd61e0d3-e9cc-45e9-9388-679ec8549004,13cbcd91-b47e-400b-9607-f0e3d1bd2877,2026-03-25 10:00:00+00
6bd763a7-c8f5-47cd-b51b-2dc9a7980c46,bd159b3c-bbb6-406f-a21a-b2bf9554f861,13cbcd91-b47e-400b-9607-f0e3d1bd2877,2026-03-15 16:00:00+00
0b82e51d-b873-4292-b4a1-503796ea7a6e,7a8c9b29-717a-46c7-9768-48f59b4f91d0,f23e9672-8cfc-403e-99fd-a9f1848eef60,2026-03-13 11:00:00+00
29d6dd8d-ad5d-45e0-88f2-6b2b6b7ddfbd,72961cc2-ae0e-41e4-97f5-ba776f8f0606,9a760b1c-6bba-44fb-8f6e-7a967f31e0ba,2026-03-19 16:00:00+00
fe81262d-15ab-4819-b82f-708e40c19a51,b9ff45e4-5776-46d4-be2e-838a71a0f4c8,64a87cbe-966d-4325-be35-fb6542235ab1,2026-03-28 09:00:00+00
5be91912-6b1d-42ea-806a-737cc0e04eef,4a8c2388-e5fc-48ff-a675-25324736a4be,4262afba-df16-4273-9a48-73d41c1c631a,2026-03-17 12:00:00+00
71014e73-f2cb-4e5e-a025-2f3752917aa9,19c86fcf-20f5-47bc-ae17-fe9c37da60a2,bd8174ca-1fa3-446a-b372-fb0ab85ad87c,2026-03-21 10:00:00+00
f80f1394-1b53-46fe-91e7-9383aa4b5628,770a6b89-138a-466b-9d84-7d772128fa0e,e5195590-6fca-426a-8fe9-97132edf458e,2026-03-13 11:00:00+00
7b2b0b94-023e-4c49-83af-688a43c45c75,77d97a73-086e-4df8-8514-e7f26bee6625,a5b2e686-48c5-4f80-8cad-3e03cb45bf32,2026-03-16 15:00:00+00
1445a2ff-97e7-4576-a8b2-6865b6d9aad2,921a7068-5872-4756-b38b-21a2083e46ef,42d09375-3a92-44af-859e-e8a4e09f45b3,2026-03-28 11:00:00+00
cf7bd293-3f72-4975-a8b3-cf1eaaeed9e2,7637f86e-0822-4e8d-be2f-6b3e00ec9fbb,4b7a1347-ea43-4cb2-9ca0-25adc58026e7,2026-03-16 11:00:00+00
763e8f55-126f-4fb4-b3a0-cf6cce74aa17,ee63f7e6-0a2a-4939-ad49-20dd1b9590aa,ec172928-8cff-4a66-afa9-a8b99e4e126b,2026-03-18 12:00:00+00
37aa014d-fe28-4029-a888-354ba21e2264,921a7068-5872-4756-b38b-21a2083e46ef,64ed7dff-6373-4012-bb9b-2594dc30bb3d,2026-03-15 10:00:00+00
bf3ae688-a4c4-48cc-8cfd-14333f59de51,a892e54d-16be-4bf6-99a7-8de3420afc56,bd8174ca-1fa3-446a-b372-fb0ab85ad87c,2026-03-25 14:00:00+00
7f424321-5d09-4b50-924c-414dbbfc7b87,d9e6c49f-4828-4b18-a649-348e279d9142,4b7a1347-ea43-4cb2-9ca0-25adc58026e7,2026-03-26 16:00:00+00
ee9b58e3-dba1-4b9b-bc79-c3e873ccb610,7f63bbb4-f145-40e2-b43c-879452ed44ea,c3369d05-51dc-4f33-83fa-638250c49bec,2026-03-25 16:00:00+00
8832b124-ceac-4c9f-aacf-f5d3b187ccb4,89b6d6d6-8f2c-4bbc-a136-7fde367ea32c,8c5ffe2b-583f-45d1-80ae-8bc0c42bf4ea,2026-03-22 17:00:00+00
266ee692-ef07-4b98-99f2-1dae48aefe4a,49f45dd7-3a4c-4d9f-b0fd-e2bed76ded71,4deb2340-5d89-48d1-b221-9b99cce35922,2026-03-27 13:00:00+00
caf52d1a-08be-40ca-b801-412b778b07c3,9edb722a-149e-4f61-a073-0ca1d1374479,bd8174ca-1fa3-446a-b372-fb0ab85ad87c,2026-03-20 14:00:00+00
042d99ba-02b9-4328-9cfa-3de0776cff5f,5589da8d-bc20-49ad-a1fc-4ecab8048fbd,4262afba-df16-4273-9a48-73d41c1c631a,2026-03-23 18:00:00+00
18142dfe-e602-48ae-acb0-f619f673abe6,6d399b1a-e459-4f03-9c13-f7f2589675ab,97f1e87c-792a-4a5b-9606-5221bd2ac53c,2026-03-18 11:00:00+00
c98b8b3e-2e68-42f8-9828-b5ea46e3b066,1ffb9f99-4c7d-4b75-ae70-61521f1fb9a7,54c101f5-c21e-4f6e-9123-8a7e7add0f53,2026-03-28 14:00:00+00
9383a1f1-eda2-42dc-906c-a73993f5496e,ef988c76-6b55-41a1-90e5-cacc349e3a08,13cbcd91-b47e-400b-9607-f0e3d1bd2877,2026-03-17 11:00:00+00
28c17499-1c11-487a-8b81-36cbc560cb8b,b5e4e559-9122-47bd-a18f-33ca43e3790e,9a760b1c-6bba-44fb-8f6e-7a967f31e0ba,2026-03-27 18:00:00+00
adc6c033-b191-4ca7-8c10-51aa8dff5b20,e12b894d-5b13-4f3e-bcc6-1de577ee9a25,42d09375-3a92-44af-859e-e8a4e09f45b3,2026-03-25 15:00:00+00
9a038e87-3d35-4709-a25c-6e50446f5bbe,df71f24f-fa8e-45d6-ae68-c7ee0bd1f52f,4b7a1347-ea43-4cb2-9ca0-25adc58026e7,2026-03-15 09:00:00+00
3fa96785-3c99-459c-b350-9d7c73925e9c,72961cc2-ae0e-41e4-97f5-ba776f8f0606,9a760b1c-6bba-44fb-8f6e-7a967f31e0ba,2026-03-24 15:00:00+00
2ecd8ab5-4859-4bab-b2ae-e1fb95c37d6a,925527af-34f9-4f6a-92e8-39fe4efbb0cb,2d2fd71e-f7db-43e2-a59e-be7c09845ba8,2026-03-28 14:00:00+00
913f8072-fe87-47c1-a951-9ee5a84112e5,cc0dd2b7-4f5e-4902-acea-8ae1900de0ea,e0e21900-8982-4c15-b155-2a12f683d6d9,2026-03-13 15:00:00+00
362fd9a1-ef8f-48ca-b2e3-05de35326efe,0f4147f4-f5e8-4dbe-8a91-4836df8b1139,64ed7dff-6373-4012-bb9b-2594dc30bb3d,2026-03-17 11:00:00+00
1b1cb405-fe4d-46b1-89e0-7aff918ed176,ef48f56f-c3a1-42f0-97d3-38752efc487d,64ed7dff-6373-4012-bb9b-2594dc30bb3d,2026-03-17 18:00:00+00
6adb0ee4-6104-4d30-be34-9c29ae3f8d3d,2d982f11-a04f-4669-9f85-2a464f241483,f23e9672-8cfc-403e-99fd-a9f1848eef60,2026-03-22 17:00:00+00
61fffaa6-3d8f-41d8-9360-de6446cab94b,94ea43d3-2754-4e91-bd34-9576c941098d,54c101f5-c21e-4f6e-9123-8a7e7add0f53,2026-03-28 12:00:00+00
7403465f-20c4-4a44-9688-9fa7dddce104,7bdf5069-1fbc-4234-b1a2-a6c3520c4a3c,13cbcd91-b47e-400b-9607-f0e3d1bd2877,2026-03-15 16:00:00+00
273fb5ff-1ad9-4a09-bacf-bc1ee9946c4b,43d41247-2aee-4c74-ac3b-37be7b3404f6,54c101f5-c21e-4f6e-9123-8a7e7add0f53,2026-03-21 10:00:00+00
4fe2f451-0b32-4d43-b396-2db37d85ad13,822176c1-7d00-49a1-9818-05ba526c9321,9a760b1c-6bba-44fb-8f6e-7a967f31e0ba,2026-03-21 15:00:00+00
0d4a3ed1-6642-4785-88e5-0dc1faf92f6a,7ed4196c-c558-4ece-b593-1b1b8eabd43b,54c101f5-c21e-4f6e-9123-8a7e7add0f53,2026-03-21 18:00:00+00
9515fead-4df4-4be0-b761-d2362a88215b,08aacce8-18f2-41f9-a035-b3134659026b,a5b2e686-48c5-4f80-8cad-3e03cb45bf32,2026-03-22 17:00:00+00
b369c35f-ef3d-41c1-8bb9-045b7f623ad2,c2df3d47-09d4-4990-b8b4-ec56b64c34b2,42d09375-3a92-44af-859e-e8a4e09f45b3,2026-03-25 12:00:00+00
a0c94a4a-d95a-48db-8944-9740a57c1f49,b0310998-ce09-44cf-91bc-5163aaba0e15,fd0ad533-d935-4dc2-b330-da17d310959f,2026-03-14 16:00:00+00
b5cba839-5047-48a4-8a64-0252184ee551,b0310998-ce09-44cf-91bc-5163aaba0e15,bd8174ca-1fa3-446a-b372-fb0ab85ad87c,2026-03-21 12:00:00+00
9f887f7f-13a7-4017-bb59-e2217debf650,25d87923-39de-4040-863c-d3c0c6325287,e5195590-6fca-426a-8fe9-97132edf458e,2026-03-16 10:00:00+00
fd8cb1c5-d5ed-47af-b1fa-ea535d6534ad,b25adb14-07cd-467b-bf70-b2be72e499ef,13cbcd91-b47e-400b-9607-f0e3d1bd2877,2026-03-14 12:00:00+00
e34b1286-124a-44f1-9231-9e00e0e795a0,eb45e3e4-505d-4db4-b9c7-adef36a9ec2f,a5b2e686-48c5-4f80-8cad-3e03cb45bf32,2026-03-15 15:00:00+00
e53ea6bd-f5c1-4da2-a5d7-b0ee942c1985,4ac161b2-aa19-4f14-9149-4ff21ea6df83,bd8174ca-1fa3-446a-b372-fb0ab85ad87c,2026-03-26 13:00:00+00
e71a99c6-fad1-456c-b618-e2c8ed1f7e13,54e21a31-2a25-4d73-95b3-d890d5a4fe5e,97f1e87c-792a-4a5b-9606-5221bd2ac53c,2026-03-26 13:00:00+00
f86ad097-4d9f-4ca5-a5c4-04e0775dff14,a13904cb-9b75-47dd-8b10-ead2631b3ad2,64a87cbe-966d-4325-be35-fb6542235ab1,2026-03-18 09:00:00+00
747a54b9-caf9-47d7-b614-f6737084ef3a,d9e6c49f-4828-4b18-a649-348e279d9142,a5b2e686-48c5-4f80-8cad-3e03cb45bf32,2026-03-28 09:00:00+00
9415bb8e-3f37-46aa-a671-8945380be612,4367d0d6-dfd0-4b43-b9da-4bd030e65a5b,8c5ffe2b-583f-45d1-80ae-8bc0c42bf4ea,2026-03-25 09:00:00+00
891f0adb-2d48-46d0-abe3-15ceea2f3e5a,499e5f16-e6ba-4646-91f0-d241497812bc,97f1e87c-792a-4a5b-9606-5221bd2ac53c,2026-03-27 18:00:00+00
7c5e0790-23ce-4f08-9fdd-85f48a8e0d90,4a81965d-92c8-4a65-b80a-a40be123471b,42d09375-3a92-44af-859e-e8a4e09f45b3,2026-03-22 18:00:00+00
846daf6a-cb19-457b-a9ae-3a04b5bc28b0,426e3f68-e3eb-444e-8975-c06c0075e00c,c3369d05-51dc-4f33-83fa-638250c49bec,2026-03-28 16:00:00+00
35016bc9-43df-4be5-8d2a-15b4133204ba,11d18861-c594-489b-aabc-122c463ab1f5,bd8174ca-1fa3-446a-b372-fb0ab85ad87c,2026-03-23 11:00:00+00
230ca58e-1b30-4492-9e44-48d79f5ffa80,650fdd4e-bcdc-4ad8-80b1-feca69a0f6e4,e0e21900-8982-4c15-b155-2a12f683d6d9,2026-03-16 14:00:00+00
ef69d086-857b-4b04-be6e-b72ebd3c692b,2c7c9331-ffa1-4b87-81c0-2ce4c66873f7,f23e9672-8cfc-403e-99fd-a9f1848eef60,2026-03-23 09:00:00+00
4a93b4e6-c496-4f14-84f2-0eff363deaf1,3cd48b44-61a8-438c-8dad-fd7118c118ba,4deb2340-5d89-48d1-b221-9b99cce35922,2026-03-28 17:00:00+00
7d4c467c-f055-4873-88f9-5c97383ecc08,77147f9a-f41b-4e8e-8b05-d9b82f7904a2,c3369d05-51dc-4f33-83fa-638250c49bec,2026-03-16 10:00:00+00
ad13bd72-3d13-4ac6-ac6f-99b164576ec4,7e190d7b-fd28-4cb5-a094-bc1a87054d47,42d09375-3a92-44af-859e-e8a4e09f45b3,2026-03-15 10:00:00+00
5aefe181-2f92-43ed-ae6c-38d437f528e2,3cd48b44-61a8-438c-8dad-fd7118c118ba,4b7a1347-ea43-4cb2-9ca0-25adc58026e7,2026-03-15 18:00:00+00
a44bbdbf-fde7-48d5-bd4c-c90c56bbb624,a75ec81d-b74a-4c20-8696-6354ff23b945,13cbcd91-b47e-400b-9607-f0e3d1bd2877,2026-03-13 09:00:00+00
86e4b4cc-5144-481e-8916-77cd04fdddce,0bdb6e3e-4bf0-4595-b9bb-f769266a06ab,bb97de74-6b2c-4ddb-b6fa-b2fc134d2548,2026-03-19 11:00:00+00
3c4e0fbb-516e-4653-b908-643ffeb96fb1,e4e04f63-81d6-4a5a-9507-2697fdf21db5,13cbcd91-b47e-400b-9607-f0e3d1bd2877,2026-03-19 15:00:00+00
82835547-385d-4136-afc8-0cd42c96c262,e2f0c835-ce2b-421c-bc17-4589c878fa8c,c3369d05-51dc-4f33-83fa-638250c49bec,2026-03-25 10:00:00+00
a9bd4d8c-49a8-49a7-b4a7-b9d116a553fc,3d93c110-9bbe-4850-a7d9-f03a14e731fc,5ded9658-febb-4ef4-b703-1c24eb8814bf,2026-03-15 13:00:00+00
2afc4555-10a5-4815-8e7e-3b996bdac88f,d9172c5c-ab84-45b8-94fa-86be9a4f5105,5ded9658-febb-4ef4-b703-1c24eb8814bf,2026-03-13 17:00:00+00
515b47bf-b8e7-47d8-b285-0b668fbeafc3,dca4776f-6566-46dd-bbf9-81a15e7a9a0d,5ded9658-febb-4ef4-b703-1c24eb8814bf,2026-03-28 15:00:00+00
be63c72d-4a81-4fb0-a996-89bd66db161d,3d93c110-9bbe-4850-a7d9-f03a14e731fc,e5195590-6fca-426a-8fe9-97132edf458e,2026-03-16 13:00:00+00
31c901b1-c418-464a-aeb6-15579ded8112,f1d64049-84cc-4f75-8aca-bf5465854a96,a5b2e686-48c5-4f80-8cad-3e03cb45bf32,2026-03-27 14:00:00+00
3a04e186-d9f6-46a6-9cb6-76fd5a1c6cfd,a13904cb-9b75-47dd-8b10-ead2631b3ad2,4b7a1347-ea43-4cb2-9ca0-25adc58026e7,2026-03-17 11:00:00+00
1884abe9-8eba-48dc-877b-02b512b06108,914ac985-071c-41a1-8b5d-17d3acfcafc7,c3369d05-51dc-4f33-83fa-638250c49bec,2026-03-15 18:00:00+00
dcabd3e3-73da-4d43-96b7-4dd3ca6e88dd,3d9fd365-32f8-498a-8ed4-6a47924ae7f2,f23e9672-8cfc-403e-99fd-a9f1848eef60,2026-03-23 18:00:00+00
84ed6d5c-08e0-4057-90c8-7d2c02cad691,c293d3b1-4ec6-4f9c-b240-66951b034cfe,a5b2e686-48c5-4f80-8cad-3e03cb45bf32,2026-03-24 15:00:00+00
7633b2cf-1377-4acc-81b0-6c410cdf836c,6d399b1a-e459-4f03-9c13-f7f2589675ab,a5b2e686-48c5-4f80-8cad-3e03cb45bf32,2026-03-19 11:00:00+00
bdbf9e1a-7993-4ce2-a244-4e116fc539b0,a75ec81d-b74a-4c20-8696-6354ff23b945,13cbcd91-b47e-400b-9607-f0e3d1bd2877,2026-03-19 10:00:00+00
e84851a2-4fcb-4525-825e-52dc3257a110,b6a253e5-c989-419b-bb40-221d6db28690,64a87cbe-966d-4325-be35-fb6542235ab1,2026-03-23 15:00:00+00
f0ba62c6-a3b5-41b0-a66e-e73e7c3a9019,96afb56c-6dfc-43b8-83ed-068e8c0ba925,4deb2340-5d89-48d1-b221-9b99cce35922,2026-03-25 13:00:00+00
245d9de1-b4d8-47bd-b3cb-55dc31069872,3472bb1f-bddc-4d3e-bd4e-6f6ea9886c46,bd8174ca-1fa3-446a-b372-fb0ab85ad87c,2026-03-24 15:00:00+00
49e198c3-2d17-4df8-bc85-cb98a1bcb04d,f5d33f4a-c746-4609-9562-f11441bed53a,42d09375-3a92-44af-859e-e8a4e09f45b3,2026-03-17 10:00:00+00
803ccd80-ad12-4710-957e-f51f156d6270,a13e4846-11bd-4d46-b9b9-5fab6dbcfb27,13cbcd91-b47e-400b-9607-f0e3d1bd2877,2026-03-14 12:00:00+00
0ef827e4-15de-4f6b-a1c5-24bb7f63cd40,2b0712dd-7b8a-48ba-a639-ae2121f9c101,4b7a1347-ea43-4cb2-9ca0-25adc58026e7,2026-03-19 15:00:00+00
63d976a8-c377-4586-a993-dcb1b04b1561,ad1624bc-376c-4740-acbf-9d3cd41e3f20,8c5ffe2b-583f-45d1-80ae-8bc0c42bf4ea,2026-03-23 18:00:00+00
792b1926-8800-4d73-8112-4f0b9ba1ea2c,ea46f340-5ae0-4629-a669-5ac3c2b3eef6,e0e21900-8982-4c15-b155-2a12f683d6d9,2026-03-28 13:00:00+00
ad048a90-6d1d-4bd1-8955-3825dfd2cff6,2d982f11-a04f-4669-9f85-2a464f241483,e0e21900-8982-4c15-b155-2a12f683d6d9,2026-03-26 10:00:00+00
d6e0e5ed-bbfc-4045-8a70-1851da956386,45f4eea9-0966-489d-9128-eab5e836eb95,5ded9658-febb-4ef4-b703-1c24eb8814bf,2026-03-24 14:00:00+00
64079848-5bc5-4ed4-bad7-6631f4fff7d6,df767688-a2f6-4dac-8c8e-40c9311129d7,54c101f5-c21e-4f6e-9123-8a7e7add0f53,2026-03-16 14:00:00+00
f05eab7a-8a34-45f6-9355-8bc86ef0ecad,c0b313d8-2e1b-463e-b226-8785aa2f70a3,4b7a1347-ea43-4cb2-9ca0-25adc58026e7,2026-03-28 11:00:00+00
c9c16526-4101-430f-8a2d-7b5c61955836,174bf56d-70d4-4290-bc7f-93d6d394cd8d,c3369d05-51dc-4f33-83fa-638250c49bec,2026-03-28 09:00:00+00
1a93dc50-31d2-48ec-ae0a-774f9904ba21,52489b31-bb80-406d-a330-92f66fad186f,4deb2340-5d89-48d1-b221-9b99cce35922,2026-03-23 18:00:00+00
75fa25c4-64cd-4533-aaaf-91d22b983dac,f9069bb1-a0e8-4d0e-a0de-c73595239aaa,13cbcd91-b47e-400b-9607-f0e3d1bd2877,2026-03-17 12:00:00+00
5987af2b-a53e-4d39-97a2-b78c6d6b3136,ee63f7e6-0a2a-4939-ad49-20dd1b9590aa,bb97de74-6b2c-4ddb-b6fa-b2fc134d2548,2026-03-26 15:00:00+00
797714d3-8b3e-4b90-8824-49093d2e6ab8,770a6b89-138a-466b-9d84-7d772128fa0e,542f51c9-6ad0-42ca-a52f-9f69f72bf381,2026-03-19 11:00:00+00
92696d43-7350-4de0-8b90-6f30f024dc88,c906e597-f09b-4a7b-8e79-291d3921bb2f,f23e9672-8cfc-403e-99fd-a9f1848eef60,2026-03-24 09:00:00+00
171ddce1-9d55-470e-8f2d-534f401030bc,4f59f33c-ec7a-4adb-9e38-e7b26e3d30f7,2d2fd71e-f7db-43e2-a59e-be7c09845ba8,2026-03-21 11:00:00+00
bcb869e7-aa8f-47eb-9e4d-89fd3f8ec90b,b4d106d3-764f-4de1-b48d-0ab2ccff060a,ec172928-8cff-4a66-afa9-a8b99e4e126b,2026-03-18 14:00:00+00
79943e98-4e48-4d65-bbdf-8a71b649af46,43d41247-2aee-4c74-ac3b-37be7b3404f6,8c5ffe2b-583f-45d1-80ae-8bc0c42bf4ea,2026-03-20 14:00:00+00
0e8f2f43-6798-4ab4-a846-0481b254506a,77d97a73-086e-4df8-8514-e7f26bee6625,a5b2e686-48c5-4f80-8cad-3e03cb45bf32,2026-03-28 18:00:00+00
ffc1360a-459e-4797-92c2-8c062f2bfd81,b29ad5d4-0aa1-4aad-b721-603b0889c479,c3369d05-51dc-4f33-83fa-638250c49bec,2026-03-16 16:00:00+00
b451d538-358a-496a-a9f2-17d109bc16b5,a02575e9-2d4e-46c4-9379-2f9af36b3bd5,13cbcd91-b47e-400b-9607-f0e3d1bd2877,2026-03-26 14:00:00+00
06b3bc1b-e80d-404c-9da1-3a6d257533d7,ef48f56f-c3a1-42f0-97d3-38752efc487d,64a87cbe-966d-4325-be35-fb6542235ab1,2026-03-24 12:00:00+00
18efae68-2b3c-4b8b-92a2-d13fc95d3a38,495d1856-ae2c-410a-948d-513980eea4bb,a5b2e686-48c5-4f80-8cad-3e03cb45bf32,2026-03-24 18:00:00+00
c00027ff-711b-43b8-bf51-f65e750ec204,2b6c0c87-8c5f-4efd-bced-3f006dbc1637,a5b2e686-48c5-4f80-8cad-3e03cb45bf32,2026-03-24 09:00:00+00
7cffadfa-d6d3-4f02-81cc-43194ba50dc9,08f5c5e8-b5d2-4b82-9c78-964e21c0a6d5,fd0ad533-d935-4dc2-b330-da17d310959f,2026-03-20 14:00:00+00
288e77a5-39bb-40c3-a0a4-5abc1cdc17d2,cabe02ce-7b87-4111-926f-c43bd9a3760f,4deb2340-5d89-48d1-b221-9b99cce35922,2026-03-27 11:00:00+00
1a2986c3-9098-432f-9ad3-4c16d5ba3571,62239915-ec25-47b9-b4d5-c2af7e41072c,4262afba-df16-4273-9a48-73d41c1c631a,2026-03-23 11:00:00+00
7adfd3ec-14fc-4ffc-b065-e9bf9678b896,8147959c-f687-4d38-af95-10742cfe2884,f23e9672-8cfc-403e-99fd-a9f1848eef60,2026-03-19 18:00:00+00
2d658792-a6f0-4e08-be9a-011afb7d0567,32fdbcff-b86c-4126-bc02-74beb11098ee,fd0ad533-d935-4dc2-b330-da17d310959f,2026-03-27 18:00:00+00
83085d4e-e113-4a53-8ac0-34ad7e0b7ef0,6fd20115-ac17-4bd6-9e4e-ade17819d44f,42d09375-3a92-44af-859e-e8a4e09f45b3,2026-03-14 18:00:00+00
a826b27d-356c-4798-9ce7-adace735f9e3,d4847e48-6a53-4522-9af2-8a3007fc04b0,c3369d05-51dc-4f33-83fa-638250c49bec,2026-03-20 18:00:00+00
7cecc6f8-9d04-4478-9298-49a72a022527,45f4eea9-0966-489d-9128-eab5e836eb95,e0e21900-8982-4c15-b155-2a12f683d6d9,2026-03-26 10:00:00+00
7f55e3f1-2857-459a-b5a1-233b019aa6cd,499e5f16-e6ba-4646-91f0-d241497812bc,97f1e87c-792a-4a5b-9606-5221bd2ac53c,2026-03-27 10:00:00+00
a60ff362-a1e9-489b-94c4-689f93a150ce,dcba661b-22b8-41a6-9d1c-ad491f079247,9a760b1c-6bba-44fb-8f6e-7a967f31e0ba,2026-03-13 11:00:00+00
14399a95-3723-45fc-b0d3-f2b8efc3ff4a,9ee87649-9f68-4fcf-972f-cfa20f0d83d2,ec172928-8cff-4a66-afa9-a8b99e4e126b,2026-03-16 18:00:00+00
3527da42-9867-4c4b-a508-e79e0bdd6d41,b57c04e7-d9a6-460d-b1c4-34e334e16e16,c3369d05-51dc-4f33-83fa-638250c49bec,2026-03-14 12:00:00+00
18eec3bd-e905-42bd-99d1-51894d0aa33c,6ff4b208-5b5a-42dc-bae1-b44d1cb3e13d,e0e21900-8982-4c15-b155-2a12f683d6d9,2026-03-27 10:00:00+00
1067809d-df13-42e0-adff-1d4db1d1cf46,77642c85-e77d-472e-a630-160c6236c157,4b7a1347-ea43-4cb2-9ca0-25adc58026e7,2026-03-26 13:00:00+00
f5a486cd-ace2-4b0c-97b1-bfbfe36253be,4149ebd6-4b97-44f3-9438-e4a49a8b1c93,fd0ad533-d935-4dc2-b330-da17d310959f,2026-03-25 11:00:00+00
fe3d767e-c44b-4dc9-9415-8f8b50abc401,a02575e9-2d4e-46c4-9379-2f9af36b3bd5,4b7a1347-ea43-4cb2-9ca0-25adc58026e7,2026-03-13 13:00:00+00
1f8cb1fb-a49d-4c69-aeab-fbe39ee8ce5f,add9a632-67e1-46ec-86b4-6c83b944ef6d,8c5ffe2b-583f-45d1-80ae-8bc0c42bf4ea,2026-03-18 18:00:00+00
47e1192a-d5c3-4ea8-855e-aa64b45fbddf,09268899-87f9-44aa-8a63-53fb6c60b2b8,542f51c9-6ad0-42ca-a52f-9f69f72bf381,2026-03-14 13:00:00+00
ce43d04a-e627-4fb8-92aa-52aa995182d5,b62f611c-6788-4d56-94ab-1f337e8bbf60,fd0ad533-d935-4dc2-b330-da17d310959f,2026-03-14 12:00:00+00
73dec6c0-ab12-442c-906d-bf6a780a802a,c7fd26c2-15a2-4b30-9a50-363efcec68a9,f23e9672-8cfc-403e-99fd-a9f1848eef60,2026-03-19 13:00:00+00
94eabd4a-db31-4301-b45f-5960b2b1e16e,2b0712dd-7b8a-48ba-a639-ae2121f9c101,42d09375-3a92-44af-859e-e8a4e09f45b3,2026-03-15 12:00:00+00
fbd376c8-fa8d-4df1-8e5a-45a309ad1247,19ccb46f-0e6d-4bd7-8d38-ad794397249c,2d2fd71e-f7db-43e2-a59e-be7c09845ba8,2026-03-18 18:00:00+00
dd950f36-5a2f-4733-9bda-bca915678774,89b6d6d6-8f2c-4bbc-a136-7fde367ea32c,97f1e87c-792a-4a5b-9606-5221bd2ac53c,2026-03-17 13:00:00+00
2cf0d41e-bf64-43fc-b4a9-2eed2d4f3b71,4e490d35-0731-44ae-9084-cddac927c22d,97f1e87c-792a-4a5b-9606-5221bd2ac53c,2026-03-14 14:00:00+00
1dbdf4a8-3e89-49df-8a36-51c0eaa583ac,f750fef1-a148-41c8-89d2-6eba75a61cbc,5ded9658-febb-4ef4-b703-1c24eb8814bf,2026-03-25 16:00:00+00
d2377200-b05b-4dfb-bf1a-bf077675db4f,1ce558fb-0578-4ad5-b5dc-92c5de88832d,13cbcd91-b47e-400b-9607-f0e3d1bd2877,2026-03-13 12:00:00+00
f81d05f5-1518-480d-b28c-41ea17571e10,f5d33f4a-c746-4609-9562-f11441bed53a,42d09375-3a92-44af-859e-e8a4e09f45b3,2026-03-28 09:00:00+00
1f41fddb-b723-462d-a7bb-0ceed569562a,67c87fc9-9291-4e72-b262-5a7e48896dc7,bd8174ca-1fa3-446a-b372-fb0ab85ad87c,2026-03-24 13:00:00+00
2dc1925b-6707-4b01-bf0c-108fc8e5bda1,393edef8-4a75-42e6-8139-6214ba1afc54,e5195590-6fca-426a-8fe9-97132edf458e,2026-03-14 10:00:00+00
4d5db561-761d-48ff-9b06-7d9025da6c95,b97c16a3-420c-490a-b1f8-e6c2fa297918,2d2fd71e-f7db-43e2-a59e-be7c09845ba8,2026-03-18 12:00:00+00
08ae8947-f899-4eb9-9c62-439452b1c1bb,e0e55d1f-0fbb-4f70-9731-aa61631a7619,42d09375-3a92-44af-859e-e8a4e09f45b3,2026-03-17 16:00:00+00
d510005d-cb2a-4fb4-96f4-567d2c12ba84,ca679cdd-ed30-4715-ba2c-5c1c87476379,bb97de74-6b2c-4ddb-b6fa-b2fc134d2548,2026-03-26 12:00:00+00
391c452d-2f76-44fa-99c0-58ee826167fa,94c09036-861e-408a-afca-a40355f053a7,8c5ffe2b-583f-45d1-80ae-8bc0c42bf4ea,2026-03-15 13:00:00+00
cf972876-a12d-4ce6-8637-8e9e2a5e8678,302424aa-d384-44e5-a350-022693b8c6b6,42d09375-3a92-44af-859e-e8a4e09f45b3,2026-03-28 09:00:00+00
845cbfd5-32fc-4dd7-9a3c-7051a4d9c06a,9278d5c7-9c0c-4200-a5e8-3ff3e383db25,97f1e87c-792a-4a5b-9606-5221bd2ac53c,2026-03-19 16:00:00+00
af11c1f3-5709-41d3-863e-a8da90e6cd27,213cf34b-1792-4a91-89a9-a380f66d1a06,9a760b1c-6bba-44fb-8f6e-7a967f31e0ba,2026-03-19 18:00:00+00
eba37b30-9d34-4fa0-98cb-928235c4a291,ae2ef6ac-a1ab-4965-8060-c5e1532d364c,f23e9672-8cfc-403e-99fd-a9f1848eef60,2026-03-27 09:00:00+00
e962cdfe-24a5-497e-9dba-bda4cde5de18,49a516c4-89e4-46eb-8bfb-6053e3e30b88,13cbcd91-b47e-400b-9607-f0e3d1bd2877,2026-03-14 15:00:00+00
508bca8a-ab9a-463b-bf4e-74a3eb7128a2,4e467dbf-d947-40ff-ba44-3dd199d242b5,e5195590-6fca-426a-8fe9-97132edf458e,2026-03-22 14:00:00+00
95f020be-be5a-429a-9403-852c88801192,4367d0d6-dfd0-4b43-b9da-4bd030e65a5b,e5195590-6fca-426a-8fe9-97132edf458e,2026-03-15 12:00:00+00
a747dd43-6142-48e3-acb6-b14d737006a8,e700f243-a7f6-496c-8c13-28ad358a215d,c3369d05-51dc-4f33-83fa-638250c49bec,2026-03-26 14:00:00+00
c63db9b3-5cca-47cd-bf05-fb275de1da07,665a27f9-470a-4596-a9b3-85709e1053bf,13cbcd91-b47e-400b-9607-f0e3d1bd2877,2026-03-19 14:00:00+00
75f2b45b-45b8-47bc-af70-b008ac306b3d,e8c2daea-f8ad-4c3a-a79c-e25f6845f30b,a5b2e686-48c5-4f80-8cad-3e03cb45bf32,2026-03-20 18:00:00+00
22358df0-5995-4584-9674-d1940b8010ef,e2f0c835-ce2b-421c-bc17-4589c878fa8c,bd8174ca-1fa3-446a-b372-fb0ab85ad87c,2026-03-13 11:00:00+00
5c94eda4-5fe2-4d11-a605-4ed5033921de,43d41247-2aee-4c74-ac3b-37be7b3404f6,8c5ffe2b-583f-45d1-80ae-8bc0c42bf4ea,2026-03-21 12:00:00+00
d1b29cef-1412-4d60-8a8b-c41ec12526e6,77d97a73-086e-4df8-8514-e7f26bee6625,42d09375-3a92-44af-859e-e8a4e09f45b3,2026-03-27 11:00:00+00
29e4015e-18bf-42e2-8619-fd0d36a8f2ba,7ed4196c-c558-4ece-b593-1b1b8eabd43b,ec172928-8cff-4a66-afa9-a8b99e4e126b,2026-03-23 13:00:00+00
aafda9ce-dc2d-47bc-a007-e1082a512a6a,852b6306-def3-42d5-ae88-a114a75ae65d,e0e21900-8982-4c15-b155-2a12f683d6d9,2026-03-22 09:00:00+00
56965fbe-780c-483a-a9fd-5b824d3b5271,b57c04e7-d9a6-460d-b1c4-34e334e16e16,f23e9672-8cfc-403e-99fd-a9f1848eef60,2026-03-21 11:00:00+00
32548229-cd1a-4e7b-ade2-ff445705d00a,b62f611c-6788-4d56-94ab-1f337e8bbf60,bd8174ca-1fa3-446a-b372-fb0ab85ad87c,2026-03-15 09:00:00+00
414784b9-04ad-4f68-87f6-6e0919f54fc9,641f75ab-3d99-4832-88f9-a7ce552cc967,e0e21900-8982-4c15-b155-2a12f683d6d9,2026-03-28 18:00:00+00
6605f37c-9974-4f20-9aa9-769d62955493,eb45e3e4-505d-4db4-b9c7-adef36a9ec2f,a5b2e686-48c5-4f80-8cad-3e03cb45bf32,2026-03-24 13:00:00+00
0c89c4e9-c88c-4867-a371-bbd298d23ecd,3dc8a799-a463-4e77-a4c6-0824cc23588c,97f1e87c-792a-4a5b-9606-5221bd2ac53c,2026-03-19 15:00:00+00
cb5f743c-d2c5-4d00-afe3-8f81d0b50940,8dc2426e-4f11-4b51-91bb-9ee17321c0ec,42d09375-3a92-44af-859e-e8a4e09f45b3,2026-03-20 17:00:00+00
391db753-125c-4b9f-87cd-8d5c06cfef66,8f228fb1-796a-44f7-a034-5da79f12f7d4,bb97de74-6b2c-4ddb-b6fa-b2fc134d2548,2026-03-17 18:00:00+00
9863bdec-981c-47d5-9c2d-f52134e0c131,6ff4b208-5b5a-42dc-bae1-b44d1cb3e13d,fd0ad533-d935-4dc2-b330-da17d310959f,2026-03-26 11:00:00+00
23be5ada-7d4f-4d41-b0db-cb24f69007b5,c46b826d-f3bc-4158-97b1-a19a9996cff9,c3369d05-51dc-4f33-83fa-638250c49bec,2026-03-13 16:00:00+00
0f3d1c1f-3d73-4cbf-a57c-f40cf33eb90d,4b468df7-4954-4ea3-bf78-51fb3494e5dc,e5195590-6fca-426a-8fe9-97132edf458e,2026-03-13 16:00:00+00
